customer_id,churn_probability,risk_level
47942,0.9692,High
35750,0.9683,High
38177,0.9683,High
42273,0.968,High
38181,0.9677,High
9953,0.9677,High
42968,0.9676,High
36626,0.9674,High
45871,0.9672,High
2400,0.9672,High
35327,0.9671,High
51695,0.9669,High
37256,0.9669,High
26769,0.9669,High
3014,0.9669,High
47372,0.9667,High
35459,0.9666,High
11722,0.9666,High
54,0.9666,High
22476,0.9665,High
11404,0.9665,High
51858,0.9663,High
45409,0.9662,High
26016,0.9661,High
43659,0.9661,High
12656,0.9661,High
38866,0.9661,High
30377,0.966,High
19946,0.9659,High
18035,0.9659,High
12555,0.9658,High
1405,0.9658,High
36187,0.9658,High
13082,0.9658,High
8672,0.9658,High
36133,0.9657,High
1627,0.9656,High
29629,0.9656,High
22546,0.9656,High
8703,0.9655,High
42963,0.9655,High
25916,0.9655,High
29659,0.9655,High
31044,0.9654,High
15403,0.9654,High
24471,0.9653,High
32022,0.9653,High
33816,0.9653,High
3572,0.9653,High
23046,0.9653,High
4471,0.9653,High
29593,0.9653,High
9198,0.9652,High
12867,0.9651,High
13606,0.965,High
25701,0.965,High
40604,0.9649,High
8889,0.9649,High
3093,0.9648,High
50570,0.9648,High
12232,0.9648,High
26232,0.9648,High
23005,0.9647,High
42130,0.9647,High
6304,0.9647,High
20798,0.9647,High
24790,0.9647,High
41329,0.9646,High
4363,0.9646,High
12273,0.9645,High
8222,0.9645,High
2399,0.9645,High
1068,0.9645,High
32545,0.9644,High
5653,0.9644,High
16692,0.9644,High
25552,0.9644,High
16917,0.9644,High
39523,0.9644,High
40463,0.9642,High
51459,0.9642,High
33490,0.9642,High
37137,0.9642,High
24657,0.9641,High
6943,0.9641,High
50171,0.964,High
50116,0.9639,High
46585,0.9639,High
14414,0.9638,High
49429,0.9637,High
292,0.9637,High
37029,0.9636,High
24661,0.9636,High
46870,0.9636,High
30865,0.9636,High
32490,0.9635,High
50454,0.9635,High
8694,0.9634,High
18164,0.9634,High
8676,0.9634,High
4828,0.9633,High
15271,0.9632,High
29676,0.9632,High
17861,0.9632,High
47501,0.9632,High
49993,0.9631,High
49636,0.9631,High
16250,0.9631,High
32803,0.9631,High
37519,0.963,High
12433,0.963,High
23202,0.9629,High
16595,0.9629,High
20753,0.9629,High
50458,0.9628,High
10814,0.9628,High
17996,0.9628,High
2920,0.9627,High
14011,0.9627,High
14501,0.9626,High
34638,0.9626,High
28788,0.9626,High
11059,0.9625,High
24755,0.9625,High
27141,0.9625,High
41457,0.9625,High
41544,0.9625,High
42176,0.9625,High
11437,0.9624,High
9041,0.9624,High
43701,0.9623,High
7870,0.9622,High
48861,0.9622,High
51146,0.9622,High
34891,0.9622,High
42057,0.9622,High
5771,0.9621,High
27915,0.962,High
15359,0.962,High
42853,0.962,High
34519,0.962,High
50781,0.962,High
32331,0.9619,High
18206,0.9619,High
37968,0.9619,High
4045,0.9619,High
14791,0.9619,High
14998,0.9619,High
24936,0.9619,High
10061,0.9619,High
44099,0.9618,High
23066,0.9618,High
23110,0.9618,High
33399,0.9618,High
40621,0.9618,High
20038,0.9618,High
49281,0.9618,High
29038,0.9618,High
47636,0.9618,High
42356,0.9618,High
157,0.9617,High
31506,0.9617,High
3582,0.9617,High
46312,0.9617,High
48002,0.9616,High
658,0.9616,High
30644,0.9616,High
12547,0.9616,High
32511,0.9615,High
36888,0.9614,High
31280,0.9614,High
37039,0.9613,High
16567,0.9613,High
13512,0.9613,High
7497,0.9612,High
35665,0.9612,High
9500,0.9611,High
23950,0.9611,High
13491,0.9611,High
35185,0.961,High
11447,0.961,High
44526,0.961,High
10689,0.961,High
11200,0.9609,High
50649,0.9609,High
22785,0.9609,High
34117,0.9607,High
40381,0.9607,High
26245,0.9607,High
49503,0.9606,High
29203,0.9606,High
5379,0.9606,High
16171,0.9606,High
3026,0.9606,High
47614,0.9605,High
14223,0.9605,High
37898,0.9605,High
31731,0.9605,High
28274,0.9605,High
49497,0.9605,High
46044,0.9605,High
45141,0.9604,High
20428,0.9604,High
15336,0.9604,High
17491,0.9604,High
1421,0.9604,High
22945,0.9604,High
5051,0.9604,High
11857,0.9603,High
42808,0.9603,High
29001,0.9602,High
28447,0.9602,High
2707,0.9602,High
37589,0.9601,High
1947,0.9601,High
6150,0.9601,High
51662,0.9601,High
1618,0.96,High
42936,0.96,High
49812,0.96,High
30034,0.9599,High
32836,0.9599,High
21605,0.9599,High
40190,0.9599,High
43442,0.9599,High
35427,0.9598,High
622,0.9598,High
39790,0.9598,High
22039,0.9597,High
28529,0.9597,High
14616,0.9597,High
7413,0.9597,High
41644,0.9597,High
30368,0.9597,High
29134,0.9597,High
1687,0.9597,High
51689,0.9596,High
22698,0.9596,High
2346,0.9596,High
8959,0.9596,High
49005,0.9596,High
28457,0.9596,High
19697,0.9595,High
29627,0.9595,High
31137,0.9595,High
14544,0.9594,High
16802,0.9594,High
50168,0.9594,High
29983,0.9594,High
23561,0.9594,High
18837,0.9594,High
18790,0.9594,High
38190,0.9593,High
16138,0.9593,High
16238,0.9593,High
32721,0.9593,High
21608,0.9592,High
3095,0.9592,High
19816,0.9592,High
1742,0.9592,High
33500,0.9592,High
27198,0.9591,High
5985,0.9591,High
47015,0.9591,High
1027,0.959,High
18756,0.959,High
1811,0.959,High
26621,0.959,High
21198,0.9589,High
25934,0.9589,High
41032,0.9589,High
45365,0.9589,High
4399,0.9589,High
18252,0.9589,High
13800,0.9588,High
25012,0.9587,High
6337,0.9587,High
20163,0.9587,High
17929,0.9587,High
29622,0.9587,High
16505,0.9586,High
9034,0.9586,High
26392,0.9585,High
5160,0.9585,High
17367,0.9584,High
17909,0.9584,High
31200,0.9584,High
10320,0.9584,High
583,0.9584,High
20703,0.9584,High
21451,0.9582,High
43609,0.9581,High
30543,0.9581,High
50350,0.9581,High
41334,0.9581,High
33094,0.958,High
9687,0.9579,High
25975,0.9579,High
44866,0.9579,High
35068,0.9578,High
42900,0.9577,High
30757,0.9577,High
15255,0.9577,High
4280,0.9577,High
17630,0.9577,High
14640,0.9576,High
22831,0.9576,High
38686,0.9576,High
17960,0.9575,High
26670,0.9575,High
34068,0.9575,High
42806,0.9575,High
35677,0.9574,High
29266,0.9574,High
520,0.9574,High
13018,0.9574,High
22373,0.9573,High
8353,0.9573,High
25719,0.9573,High
13458,0.9573,High
50289,0.9573,High
38667,0.9573,High
30989,0.9571,High
42940,0.9571,High
13400,0.9571,High
41630,0.9571,High
29175,0.9571,High
38323,0.9571,High
34741,0.9571,High
30023,0.9571,High
3533,0.9571,High
48338,0.9571,High
5455,0.957,High
33900,0.957,High
45239,0.9569,High
24372,0.9569,High
18248,0.9569,High
26462,0.9569,High
37009,0.9569,High
33611,0.9569,High
45250,0.9568,High
48018,0.9568,High
23180,0.9567,High
1426,0.9567,High
36579,0.9567,High
20861,0.9567,High
25371,0.9566,High
26943,0.9566,High
39057,0.9565,High
34184,0.9565,High
22637,0.9565,High
12816,0.9565,High
9807,0.9564,High
8573,0.9564,High
9035,0.9564,High
19314,0.9564,High
10631,0.9564,High
43706,0.9563,High
19449,0.9563,High
38214,0.9563,High
21170,0.9562,High
27106,0.9562,High
6929,0.9562,High
35257,0.9562,High
407,0.9561,High
33825,0.9561,High
42442,0.9561,High
43145,0.9561,High
34466,0.9561,High
50638,0.9561,High
46459,0.9561,High
10813,0.956,High
16715,0.9559,High
16921,0.9559,High
44864,0.9558,High
27592,0.9558,High
6629,0.9558,High
50005,0.9558,High
41906,0.9558,High
46596,0.9557,High
38389,0.9557,High
19291,0.9557,High
5332,0.9556,High
3080,0.9556,High
10235,0.9556,High
40714,0.9556,High
49932,0.9556,High
25985,0.9555,High
10737,0.9554,High
5622,0.9554,High
32202,0.9553,High
6499,0.9553,High
29880,0.9553,High
10678,0.9553,High
8686,0.9553,High
4949,0.9552,High
1140,0.9552,High
29425,0.9552,High
24221,0.9551,High
50343,0.9551,High
39857,0.955,High
2811,0.955,High
25867,0.955,High
28335,0.9549,High
38408,0.9549,High
50866,0.9549,High
10462,0.9549,High
35652,0.9548,High
49276,0.9547,High
23000,0.9547,High
7473,0.9546,High
51223,0.9545,High
29441,0.9545,High
1844,0.9545,High
25774,0.9545,High
26824,0.9544,High
13042,0.9544,High
51494,0.9544,High
27757,0.9544,High
44976,0.9544,High
16634,0.9543,High
51045,0.9543,High
44364,0.9543,High
43389,0.9542,High
2073,0.9542,High
49556,0.9542,High
30537,0.9541,High
34402,0.9541,High
48027,0.9541,High
19645,0.9541,High
21900,0.954,High
2452,0.954,High
28371,0.9539,High
7827,0.9539,High
43255,0.9539,High
20507,0.9538,High
12956,0.9538,High
5615,0.9538,High
29860,0.9538,High
28030,0.9538,High
5057,0.9538,High
26000,0.9537,High
14494,0.9537,High
47801,0.9537,High
16112,0.9537,High
18433,0.9537,High
5810,0.9537,High
27932,0.9537,High
50612,0.9536,High
49030,0.9536,High
6067,0.9536,High
7278,0.9536,High
19604,0.9536,High
35650,0.9536,High
44980,0.9536,High
1193,0.9535,High
46987,0.9535,High
51449,0.9535,High
43062,0.9534,High
26484,0.9534,High
37405,0.9534,High
10524,0.9533,High
36167,0.9533,High
44972,0.9533,High
28094,0.9532,High
6593,0.9532,High
6125,0.9532,High
3330,0.9532,High
8023,0.9532,High
51601,0.9531,High
39504,0.9531,High
3073,0.9531,High
27305,0.953,High
28967,0.953,High
35933,0.953,High
51057,0.953,High
32657,0.9528,High
29868,0.9528,High
2860,0.9528,High
9450,0.9528,High
23206,0.9528,High
9862,0.9528,High
18319,0.9528,High
25997,0.9528,High
10001,0.9528,High
15555,0.9527,High
11209,0.9527,High
45874,0.9527,High
35012,0.9527,High
11503,0.9527,High
23137,0.9527,High
2929,0.9527,High
35212,0.9527,High
10579,0.9526,High
8551,0.9526,High
40272,0.9525,High
4318,0.9525,High
33129,0.9525,High
1149,0.9524,High
49904,0.9524,High
14573,0.9523,High
16259,0.9523,High
30177,0.9523,High
41031,0.9523,High
36822,0.9522,High
49735,0.9522,High
14162,0.9522,High
918,0.9522,High
26718,0.9522,High
8996,0.9522,High
27125,0.9522,High
37466,0.9521,High
7167,0.9521,High
19189,0.9521,High
51720,0.952,High
28932,0.952,High
39432,0.952,High
13727,0.9519,High
41585,0.9518,High
36342,0.9518,High
33193,0.9517,High
39262,0.9517,High
17423,0.9516,High
12853,0.9516,High
41096,0.9516,High
8178,0.9515,High
45329,0.9513,High
24480,0.9513,High
26894,0.9512,High
32589,0.9512,High
19393,0.9512,High
1372,0.9512,High
50576,0.9511,High
13433,0.9511,High
41130,0.9511,High
30240,0.9511,High
3009,0.951,High
29479,0.951,High
43108,0.951,High
1321,0.951,High
2983,0.9509,High
49190,0.9509,High
51039,0.9509,High
18456,0.9509,High
26968,0.9508,High
36699,0.9508,High
33524,0.9508,High
9529,0.9508,High
20540,0.9508,High
3203,0.9508,High
24398,0.9508,High
37564,0.9507,High
4749,0.9507,High
13788,0.9507,High
36280,0.9506,High
28261,0.9506,High
898,0.9506,High
11710,0.9506,High
20100,0.9506,High
28103,0.9506,High
8031,0.9505,High
44649,0.9505,High
35440,0.9505,High
37792,0.9505,High
45076,0.9505,High
14612,0.9504,High
38906,0.9504,High
40681,0.9504,High
26763,0.9504,High
50431,0.9504,High
19243,0.9504,High
47066,0.9503,High
48213,0.9503,High
37914,0.9503,High
14192,0.9503,High
30998,0.9503,High
49033,0.9502,High
19764,0.9502,High
23955,0.9502,High
33122,0.9501,High
9527,0.9501,High
862,0.9501,High
37271,0.95,High
45090,0.95,High
39939,0.95,High
47415,0.95,High
10414,0.95,High
51853,0.9499,High
40095,0.9499,High
27633,0.9499,High
41401,0.9499,High
44178,0.9499,High
28878,0.9499,High
2344,0.9499,High
18739,0.9498,High
28368,0.9498,High
38848,0.9498,High
17939,0.9497,High
20483,0.9497,High
50058,0.9497,High
33501,0.9497,High
49564,0.9497,High
46025,0.9496,High
12124,0.9496,High
4858,0.9496,High
3451,0.9495,High
44064,0.9495,High
10748,0.9495,High
12259,0.9495,High
37391,0.9495,High
22439,0.9495,High
19445,0.9494,High
24240,0.9493,High
24244,0.9493,High
7159,0.9493,High
34509,0.9492,High
37102,0.9492,High
37223,0.9491,High
20016,0.9491,High
27719,0.9491,High
34457,0.9491,High
43306,0.949,High
40185,0.949,High
14617,0.9489,High
37623,0.9489,High
18417,0.9489,High
33700,0.9489,High
47505,0.9488,High
6398,0.9488,High
9901,0.9487,High
2289,0.9487,High
29055,0.9486,High
49534,0.9486,High
19925,0.9486,High
32939,0.9485,High
36341,0.9485,High
47948,0.9485,High
29194,0.9484,High
31195,0.9484,High
6601,0.9484,High
33910,0.9484,High
36518,0.9484,High
29667,0.9483,High
28643,0.9483,High
6619,0.9482,High
37219,0.9481,High
50766,0.9481,High
1357,0.9481,High
7951,0.9481,High
39486,0.948,High
50829,0.948,High
1481,0.9479,High
43107,0.9479,High
44009,0.9479,High
39913,0.9479,High
22610,0.9478,High
20829,0.9478,High
32694,0.9478,High
11673,0.9478,High
9362,0.9478,High
35271,0.9478,High
38143,0.9478,High
858,0.9477,High
44547,0.9477,High
22382,0.9477,High
36368,0.9476,High
42254,0.9476,High
39509,0.9476,High
25569,0.9476,High
7807,0.9476,High
7049,0.9476,High
8869,0.9475,High
1215,0.9473,High
50515,0.9473,High
41693,0.9473,High
20488,0.9472,High
39876,0.9472,High
11796,0.9472,High
41508,0.9471,High
40106,0.947,High
31580,0.947,High
14446,0.9469,High
8131,0.9469,High
44,0.9469,High
46980,0.9469,High
29275,0.9469,High
25284,0.9469,High
14283,0.9469,High
24948,0.9468,High
11458,0.9468,High
46321,0.9468,High
2643,0.9468,High
32079,0.9468,High
18551,0.9467,High
36039,0.9467,High
28091,0.9467,High
51371,0.9467,High
21208,0.9466,High
34207,0.9466,High
15187,0.9465,High
49810,0.9465,High
39931,0.9465,High
34976,0.9465,High
28839,0.9464,High
11688,0.9464,High
24097,0.9464,High
15607,0.9464,High
1557,0.9464,High
6693,0.9464,High
12172,0.9464,High
18601,0.9463,High
26971,0.9463,High
5276,0.9463,High
43432,0.9462,High
46732,0.9462,High
8973,0.9462,High
33130,0.9461,High
45006,0.9461,High
41717,0.946,High
46538,0.946,High
41680,0.946,High
48605,0.946,High
3199,0.946,High
42058,0.9459,High
14708,0.9459,High
12275,0.9458,High
45745,0.9458,High
13402,0.9458,High
13521,0.9458,High
51842,0.9458,High
47989,0.9458,High
4256,0.9458,High
2153,0.9457,High
46197,0.9457,High
1519,0.9457,High
1126,0.9457,High
14945,0.9456,High
24669,0.9456,High
32993,0.9456,High
14241,0.9455,High
37878,0.9455,High
12252,0.9455,High
966,0.9454,High
31206,0.9454,High
37233,0.9454,High
11193,0.9453,High
17800,0.9453,High
7530,0.9453,High
36417,0.9453,High
13813,0.9453,High
33307,0.9453,High
20120,0.9453,High
27083,0.9452,High
31767,0.9452,High
18520,0.9452,High
45121,0.9452,High
26787,0.9451,High
15631,0.9451,High
37805,0.9451,High
8307,0.945,High
29726,0.945,High
44936,0.9449,High
14924,0.9449,High
1807,0.9449,High
35591,0.9449,High
12651,0.9448,High
37496,0.9448,High
37544,0.9448,High
11538,0.9448,High
34459,0.9447,High
7189,0.9446,High
27133,0.9446,High
48915,0.9446,High
367,0.9446,High
1509,0.9446,High
42579,0.9445,High
2120,0.9445,High
42913,0.9445,High
32719,0.9444,High
29212,0.9444,High
27763,0.9444,High
50802,0.9443,High
10238,0.9443,High
6353,0.9442,High
13667,0.9442,High
41185,0.9442,High
6435,0.9442,High
44947,0.9441,High
27690,0.9441,High
38192,0.9441,High
47804,0.9441,High
8107,0.9441,High
12668,0.9441,High
10093,0.944,High
2014,0.944,High
45135,0.9439,High
20721,0.9439,High
11559,0.9439,High
45935,0.9438,High
43747,0.9438,High
24831,0.9437,High
46627,0.9437,High
4763,0.9437,High
2837,0.9436,High
32204,0.9436,High
26400,0.9435,High
3684,0.9435,High
46261,0.9434,High
2393,0.9434,High
31510,0.9434,High
35266,0.9433,High
7841,0.9433,High
40925,0.9432,High
13368,0.9431,High
12129,0.9431,High
41806,0.9431,High
25320,0.9431,High
8426,0.9431,High
27302,0.9431,High
19282,0.943,High
31593,0.943,High
39800,0.943,High
39781,0.9429,High
9168,0.9429,High
15070,0.9429,High
12013,0.9429,High
841,0.9428,High
16399,0.9428,High
38804,0.9428,High
18184,0.9427,High
37787,0.9426,High
13549,0.9426,High
43312,0.9425,High
32862,0.9425,High
46982,0.9425,High
41776,0.9425,High
17452,0.9425,High
48362,0.9424,High
22198,0.9424,High
19998,0.9424,High
22996,0.9424,High
15816,0.9424,High
34134,0.9424,High
48060,0.9424,High
31932,0.9422,High
18847,0.9422,High
33073,0.9422,High
27674,0.9422,High
26980,0.9421,High
25037,0.9421,High
32603,0.9421,High
48068,0.9421,High
41781,0.942,High
27712,0.9419,High
43041,0.9418,High
20302,0.9417,High
51114,0.9417,High
30383,0.9416,High
21533,0.9416,High
48371,0.9415,High
41223,0.9415,High
18875,0.9415,High
36930,0.9415,High
36867,0.9415,High
47405,0.9414,High
39135,0.9414,High
8422,0.9414,High
1124,0.9414,High
10393,0.9413,High
9407,0.9413,High
49078,0.9413,High
41673,0.9413,High
39173,0.9412,High
15907,0.9412,High
6534,0.9412,High
24363,0.9412,High
18621,0.9412,High
15499,0.9412,High
4221,0.9412,High
21115,0.9412,High
34434,0.9411,High
43826,0.9411,High
8566,0.9411,High
45388,0.9411,High
43789,0.9411,High
16524,0.9411,High
657,0.9411,High
28359,0.9411,High
44941,0.941,High
34917,0.941,High
12099,0.941,High
31585,0.941,High
27589,0.941,High
27183,0.9409,High
3517,0.9409,High
5288,0.9409,High
8795,0.9409,High
49178,0.9409,High
50135,0.9408,High
12719,0.9408,High
27156,0.9407,High
50862,0.9407,High
214,0.9407,High
33279,0.9406,High
21887,0.9406,High
38379,0.9406,High
8762,0.9406,High
39763,0.9404,High
37249,0.9404,High
43275,0.9402,High
31020,0.9402,High
14348,0.9402,High
41385,0.9402,High
8504,0.9402,High
33174,0.9402,High
7699,0.9401,High
6738,0.9401,High
35277,0.9401,High
5786,0.9401,High
11054,0.9401,High
30742,0.94,High
7875,0.94,High
28737,0.94,High
49384,0.94,High
13298,0.94,High
12038,0.94,High
47153,0.94,High
13369,0.9399,High
36894,0.9399,High
31986,0.9398,High
1308,0.9398,High
18822,0.9397,High
42343,0.9397,High
8624,0.9397,High
48892,0.9396,High
10460,0.9396,High
7433,0.9395,High
33791,0.9395,High
47976,0.9395,High
12513,0.9394,High
10062,0.9394,High
12753,0.9394,High
30939,0.9394,High
26008,0.9393,High
16076,0.9393,High
33181,0.9393,High
42223,0.9393,High
15740,0.9393,High
12657,0.9393,High
35703,0.9393,High
45996,0.9391,High
18278,0.9391,High
35674,0.9391,High
26760,0.939,High
16279,0.939,High
22505,0.939,High
32996,0.939,High
35848,0.939,High
23092,0.9389,High
14210,0.9389,High
6315,0.9389,High
43848,0.9388,High
3642,0.9388,High
27835,0.9387,High
33374,0.9387,High
9473,0.9387,High
51578,0.9387,High
40700,0.9387,High
20874,0.9387,High
48565,0.9386,High
45505,0.9385,High
46265,0.9385,High
17318,0.9385,High
16295,0.9385,High
40981,0.9385,High
48100,0.9384,High
12022,0.9384,High
49560,0.9384,High
34360,0.9384,High
48646,0.9384,High
8123,0.9383,High
51163,0.9383,High
29934,0.9383,High
47923,0.9383,High
29193,0.9383,High
21282,0.9382,High
922,0.9382,High
23332,0.9382,High
42724,0.9382,High
36861,0.9382,High
12002,0.9382,High
47462,0.9382,High
42643,0.9381,High
14602,0.9381,High
39557,0.9381,High
31843,0.9381,High
28849,0.9381,High
21400,0.9381,High
10957,0.9381,High
7432,0.938,High
37879,0.938,High
47854,0.938,High
50559,0.938,High
11306,0.9379,High
45096,0.9379,High
28222,0.9378,High
8501,0.9378,High
22798,0.9378,High
40490,0.9378,High
5119,0.9377,High
45837,0.9377,High
5585,0.9376,High
16066,0.9376,High
23698,0.9375,High
20492,0.9375,High
38746,0.9374,High
44895,0.9374,High
38692,0.9374,High
28443,0.9373,High
10534,0.9372,High
33394,0.9372,High
40397,0.9371,High
39502,0.9371,High
1032,0.937,High
16560,0.937,High
38477,0.937,High
35397,0.937,High
36652,0.9369,High
40413,0.9369,High
36076,0.9369,High
28933,0.9369,High
28401,0.9369,High
16990,0.9368,High
51466,0.9368,High
21375,0.9368,High
49905,0.9368,High
3011,0.9368,High
47996,0.9368,High
30350,0.9368,High
29916,0.9367,High
26326,0.9367,High
11789,0.9367,High
28718,0.9367,High
36631,0.9367,High
27865,0.9367,High
41543,0.9366,High
7403,0.9366,High
24777,0.9366,High
35693,0.9366,High
35411,0.9366,High
31313,0.9366,High
21582,0.9365,High
24874,0.9365,High
950,0.9365,High
45619,0.9365,High
46465,0.9365,High
21561,0.9365,High
28555,0.9364,High
26437,0.9364,High
10987,0.9364,High
7468,0.9364,High
26565,0.9363,High
41635,0.9363,High
44974,0.9363,High
29097,0.9362,High
29270,0.9362,High
7731,0.9362,High
45174,0.9362,High
2288,0.9361,High
19457,0.9361,High
42393,0.9361,High
30004,0.9361,High
33189,0.9361,High
45368,0.936,High
39449,0.936,High
48057,0.936,High
45129,0.936,High
6174,0.936,High
50439,0.936,High
7764,0.936,High
34150,0.9359,High
32443,0.9359,High
4210,0.9359,High
21073,0.9359,High
42950,0.9358,High
32743,0.9358,High
32201,0.9358,High
23275,0.9358,High
18065,0.9358,High
38240,0.9358,High
34065,0.9358,High
26799,0.9357,High
15019,0.9357,High
16047,0.9357,High
17735,0.9357,High
38837,0.9356,High
41302,0.9356,High
43216,0.9356,High
51652,0.9356,High
20429,0.9355,High
3951,0.9355,High
8372,0.9355,High
265,0.9354,High
49107,0.9354,High
46960,0.9354,High
25666,0.9354,High
8461,0.9353,High
40517,0.9353,High
9643,0.9352,High
27054,0.9352,High
20950,0.9351,High
44812,0.9351,High
17180,0.9351,High
51249,0.9351,High
7331,0.935,High
26024,0.935,High
22477,0.9349,High
8092,0.9349,High
33847,0.9348,High
51151,0.9348,High
9188,0.9348,High
8089,0.9348,High
5097,0.9348,High
30825,0.9348,High
5488,0.9348,High
29555,0.9347,High
23263,0.9347,High
23169,0.9347,High
25080,0.9347,High
9342,0.9347,High
45955,0.9347,High
42190,0.9347,High
19578,0.9346,High
48162,0.9346,High
48899,0.9345,High
31543,0.9345,High
21374,0.9345,High
42237,0.9345,High
22124,0.9345,High
48922,0.9344,High
35715,0.9344,High
25418,0.9344,High
35442,0.9344,High
38210,0.9343,High
20097,0.9343,High
32509,0.9343,High
17797,0.9341,High
38919,0.9341,High
13933,0.9341,High
5424,0.9341,High
14913,0.934,High
39566,0.934,High
7030,0.9339,High
47300,0.9338,High
32437,0.9338,High
15689,0.9337,High
15406,0.9337,High
5382,0.9336,High
24187,0.9336,High
16183,0.9335,High
3017,0.9335,High
26886,0.9335,High
15600,0.9335,High
27280,0.9335,High
22489,0.9334,High
20856,0.9334,High
20769,0.9334,High
44744,0.9334,High
15798,0.9334,High
10042,0.9334,High
16859,0.9334,High
2178,0.9333,High
20916,0.9333,High
16896,0.9332,High
30722,0.9332,High
45023,0.9332,High
33933,0.9331,High
8865,0.9331,High
16260,0.9331,High
38555,0.9331,High
5865,0.9331,High
43990,0.9331,High
36334,0.933,High
45584,0.933,High
40856,0.933,High
34713,0.933,High
6699,0.933,High
51042,0.933,High
27595,0.933,High
2423,0.9329,High
41190,0.9329,High
50666,0.9329,High
15505,0.9328,High
4438,0.9328,High
21740,0.9328,High
49223,0.9327,High
51318,0.9327,High
48964,0.9327,High
37639,0.9327,High
29215,0.9327,High
26544,0.9326,High
2597,0.9326,High
4465,0.9325,High
28560,0.9325,High
37963,0.9325,High
32335,0.9324,High
39350,0.9324,High
26340,0.9324,High
32985,0.9324,High
13706,0.9324,High
21105,0.9324,High
44098,0.9324,High
38966,0.9324,High
6843,0.9324,High
6684,0.9323,High
46377,0.9323,High
17241,0.9323,High
47455,0.9323,High
6816,0.9323,High
37944,0.9323,High
43972,0.9322,High
42406,0.9322,High
35237,0.9322,High
4518,0.932,High
46154,0.932,High
41236,0.932,High
27710,0.932,High
8017,0.932,High
27186,0.932,High
20620,0.932,High
48501,0.932,High
24269,0.9319,High
25870,0.9319,High
22397,0.9319,High
28383,0.9319,High
18890,0.9319,High
8614,0.9319,High
50562,0.9319,High
15797,0.9318,High
28379,0.9318,High
49113,0.9317,High
44034,0.9317,High
2885,0.9317,High
36734,0.9317,High
44227,0.9317,High
41132,0.9317,High
31761,0.9316,High
27065,0.9316,High
21020,0.9316,High
18383,0.9316,High
12504,0.9315,High
25423,0.9315,High
11832,0.9315,High
46391,0.9314,High
37866,0.9314,High
34845,0.9314,High
46429,0.9313,High
50113,0.9313,High
40223,0.9313,High
37859,0.9313,High
27342,0.9313,High
43807,0.9313,High
13266,0.9313,High
24784,0.9313,High
17182,0.9312,High
16337,0.9312,High
46317,0.9312,High
32383,0.9311,High
9475,0.9311,High
34978,0.9311,High
13070,0.9311,High
521,0.931,High
15523,0.931,High
18758,0.9309,High
5014,0.9309,High
5374,0.9309,High
49832,0.9309,High
16131,0.9309,High
44813,0.9308,High
26277,0.9308,High
51770,0.9308,High
44355,0.9308,High
19643,0.9308,High
41468,0.9307,High
14171,0.9307,High
51640,0.9307,High
17237,0.9307,High
18162,0.9306,High
46902,0.9306,High
3027,0.9306,High
38034,0.9306,High
31472,0.9306,High
4939,0.9306,High
20286,0.9305,High
2306,0.9305,High
40046,0.9305,High
40056,0.9305,High
172,0.9305,High
28937,0.9305,High
28354,0.9303,High
13096,0.9303,High
22599,0.9303,High
11739,0.9303,High
24457,0.9302,High
37874,0.9302,High
50744,0.9302,High
320,0.9301,High
49609,0.9301,High
8256,0.9301,High
45032,0.9301,High
33294,0.9301,High
49732,0.93,High
16786,0.93,High
16482,0.93,High
23337,0.93,High
14002,0.9299,High
43558,0.9299,High
42177,0.9299,High
31442,0.9299,High
40551,0.9299,High
35656,0.9298,High
42581,0.9298,High
3983,0.9298,High
16556,0.9298,High
7700,0.9298,High
23663,0.9298,High
46780,0.9298,High
47121,0.9298,High
33380,0.9297,High
17126,0.9297,High
13690,0.9296,High
26456,0.9296,High
35766,0.9296,High
17285,0.9296,High
26917,0.9295,High
9023,0.9295,High
43806,0.9294,High
44696,0.9294,High
23560,0.9294,High
11745,0.9294,High
33397,0.9293,High
35347,0.9293,High
20845,0.9293,High
10918,0.9291,High
18504,0.9291,High
37965,0.9291,High
44139,0.929,High
38809,0.929,High
103,0.929,High
49536,0.929,High
5939,0.9289,High
51824,0.9289,High
14797,0.9289,High
13244,0.9289,High
3238,0.9289,High
49086,0.9289,High
28689,0.9288,High
334,0.9288,High
34652,0.9288,High
5419,0.9287,High
7247,0.9287,High
15292,0.9286,High
32129,0.9285,High
19441,0.9285,High
24470,0.9284,High
31992,0.9284,High
307,0.9284,High
9517,0.9283,High
20491,0.9283,High
30740,0.9283,High
31480,0.9283,High
18775,0.9282,High
11010,0.9282,High
38767,0.9281,High
14270,0.9281,High
29320,0.9281,High
36540,0.9281,High
38505,0.9281,High
9013,0.928,High
11474,0.928,High
984,0.928,High
49644,0.928,High
41665,0.928,High
24314,0.9279,High
3461,0.9279,High
12714,0.9278,High
48623,0.9278,High
5788,0.9278,High
1934,0.9278,High
36531,0.9278,High
1392,0.9277,High
29524,0.9277,High
28583,0.9277,High
41769,0.9277,High
41517,0.9277,High
40422,0.9276,High
19138,0.9276,High
44114,0.9276,High
1559,0.9275,High
46246,0.9275,High
3822,0.9275,High
17727,0.9274,High
26405,0.9274,High
47649,0.9274,High
16522,0.9274,High
3612,0.9273,High
50558,0.9273,High
38313,0.9272,High
45484,0.9272,High
19713,0.9272,High
20288,0.9271,High
23251,0.9271,High
31233,0.9271,High
43836,0.9271,High
13906,0.927,High
36014,0.927,High
22667,0.927,High
24309,0.9268,High
33593,0.9268,High
5359,0.9268,High
20737,0.9267,High
47414,0.9267,High
16168,0.9267,High
26505,0.9266,High
18933,0.9266,High
2475,0.9266,High
11357,0.9266,High
13030,0.9266,High
46929,0.9266,High
44789,0.9266,High
12003,0.9266,High
28586,0.9265,High
5895,0.9265,High
51757,0.9264,High
9105,0.9264,High
16422,0.9264,High
39875,0.9264,High
30872,0.9264,High
48776,0.9264,High
42287,0.9263,High
50071,0.9263,High
16086,0.9263,High
20321,0.9263,High
8427,0.9263,High
41870,0.9263,High
49611,0.9263,High
8272,0.9262,High
40036,0.9262,High
37587,0.9262,High
41911,0.9262,High
16001,0.9262,High
6964,0.9262,High
51706,0.9261,High
30369,0.9261,High
9838,0.9261,High
27936,0.926,High
6664,0.926,High
3545,0.926,High
24670,0.926,High
1907,0.926,High
46639,0.9259,High
4846,0.9259,High
48337,0.9259,High
24726,0.9259,High
48369,0.9258,High
2478,0.9258,High
33683,0.9257,High
32617,0.9257,High
10488,0.9256,High
36851,0.9256,High
3140,0.9256,High
43724,0.9256,High
35937,0.9256,High
45182,0.9256,High
35432,0.9255,High
1086,0.9255,High
31791,0.9255,High
51779,0.9255,High
42185,0.9254,High
38795,0.9254,High
21035,0.9254,High
30559,0.9254,High
5000,0.9254,High
3128,0.9254,High
26209,0.9253,High
6068,0.9253,High
4186,0.9253,High
48979,0.9253,High
23243,0.9252,High
4447,0.9252,High
13740,0.9251,High
34814,0.9251,High
23550,0.9251,High
38938,0.925,High
50235,0.925,High
48599,0.925,High
33157,0.925,High
19156,0.9249,High
14196,0.9249,High
25410,0.9249,High
5943,0.9248,High
8964,0.9248,High
7277,0.9248,High
38382,0.9248,High
32069,0.9248,High
26771,0.9247,High
37985,0.9247,High
36962,0.9246,High
39310,0.9246,High
24036,0.9246,High
11608,0.9246,High
46018,0.9246,High
50839,0.9246,High
15913,0.9246,High
4852,0.9246,High
5858,0.9245,High
9610,0.9245,High
20147,0.9244,High
21726,0.9244,High
36695,0.9243,High
6043,0.9243,High
47391,0.9243,High
23612,0.9242,High
33131,0.9242,High
36647,0.9242,High
21460,0.9242,High
42631,0.9241,High
17808,0.9241,High
6502,0.924,High
8871,0.924,High
10518,0.924,High
44310,0.924,High
27029,0.924,High
8516,0.924,High
847,0.9239,High
47336,0.9238,High
7466,0.9238,High
33168,0.9238,High
38006,0.9238,High
10930,0.9238,High
20439,0.9238,High
47561,0.9237,High
6020,0.9237,High
50472,0.9237,High
5174,0.9237,High
10421,0.9236,High
43757,0.9236,High
51378,0.9236,High
35921,0.9236,High
27285,0.9235,High
17871,0.9235,High
15324,0.9235,High
45868,0.9235,High
15385,0.9235,High
35109,0.9235,High
15213,0.9235,High
20961,0.9235,High
17844,0.9234,High
23534,0.9234,High
51001,0.9233,High
9306,0.9233,High
20350,0.9233,High
40197,0.9233,High
34326,0.9233,High
51356,0.9233,High
30135,0.9232,High
47079,0.9232,High
36515,0.9232,High
295,0.9232,High
26933,0.9231,High
19513,0.9231,High
25577,0.9231,High
14203,0.9231,High
39406,0.9231,High
20871,0.9231,High
22976,0.923,High
31589,0.923,High
6875,0.923,High
37959,0.923,High
20967,0.9229,High
25611,0.9229,High
49247,0.9229,High
36113,0.9229,High
25486,0.9229,High
42755,0.9229,High
17778,0.9229,High
11659,0.9229,High
930,0.9228,High
13724,0.9228,High
36211,0.9228,High
8499,0.9228,High
9171,0.9228,High
12811,0.9228,High
11712,0.9228,High
21250,0.9228,High
37730,0.9227,High
27263,0.9227,High
1314,0.9227,High
43596,0.9227,High
17020,0.9227,High
32647,0.9227,High
51478,0.9227,High
7880,0.9226,High
48151,0.9226,High
38709,0.9225,High
6375,0.9225,High
45022,0.9225,High
20200,0.9225,High
47575,0.9225,High
45399,0.9225,High
28534,0.9224,High
45649,0.9224,High
41832,0.9224,High
19917,0.9223,High
15968,0.9223,High
38083,0.9223,High
23454,0.9223,High
45277,0.9223,High
49999,0.9222,High
48559,0.9222,High
19168,0.9222,High
27750,0.9221,High
49332,0.9221,High
39778,0.9221,High
3047,0.922,High
3010,0.922,High
10867,0.9219,High
44053,0.9219,High
22442,0.9219,High
23228,0.9219,High
12848,0.9219,High
6503,0.9218,High
9101,0.9218,High
31486,0.9218,High
1264,0.9218,High
11249,0.9217,High
47885,0.9217,High
31721,0.9217,High
9738,0.9217,High
44398,0.9217,High
36889,0.9217,High
29954,0.9216,High
29017,0.9216,High
46307,0.9216,High
38268,0.9215,High
28146,0.9215,High
51951,0.9215,High
35073,0.9215,High
5173,0.9215,High
7375,0.9214,High
10211,0.9214,High
4365,0.9213,High
48900,0.9213,High
40153,0.9213,High
19492,0.9213,High
41541,0.9212,High
25559,0.9212,High
830,0.9212,High
25937,0.9211,High
31220,0.9211,High
15613,0.9211,High
47421,0.9211,High
41571,0.9211,High
44585,0.921,High
42942,0.921,High
1912,0.9209,High
22388,0.9209,High
46201,0.9209,High
24601,0.9208,High
12409,0.9208,High
6869,0.9208,High
29192,0.9208,High
23257,0.9208,High
8899,0.9208,High
43926,0.9207,High
50799,0.9207,High
37526,0.9207,High
39232,0.9206,High
45567,0.9206,High
48243,0.9206,High
16341,0.9206,High
5767,0.9206,High
21914,0.9206,High
31536,0.9205,High
48433,0.9205,High
28231,0.9204,High
36754,0.9204,High
29862,0.9204,High
44892,0.9204,High
30454,0.9204,High
3555,0.9203,High
40024,0.9203,High
14324,0.9203,High
39317,0.9203,High
34738,0.9203,High
32110,0.9202,High
15219,0.9202,High
3415,0.9202,High
33566,0.9202,High
45970,0.9202,High
47443,0.9202,High
14482,0.9201,High
27665,0.9201,High
8689,0.9201,High
10757,0.9201,High
45199,0.92,High
12512,0.92,High
16448,0.92,High
28131,0.92,High
42422,0.9199,High
30951,0.9199,High
8315,0.9199,High
7720,0.9198,High
11928,0.9198,High
33377,0.9198,High
18539,0.9198,High
49680,0.9198,High
22963,0.9197,High
36241,0.9197,High
1655,0.9196,High
5090,0.9196,High
21905,0.9196,High
13638,0.9196,High
12882,0.9196,High
5053,0.9196,High
2398,0.9196,High
22855,0.9195,High
26896,0.9195,High
29328,0.9194,High
51697,0.9193,High
28357,0.9193,High
21603,0.9193,High
41687,0.9193,High
9530,0.9193,High
13076,0.9193,High
18176,0.9192,High
13765,0.9192,High
7358,0.9192,High
18394,0.9192,High
3541,0.9192,High
36384,0.9192,High
44883,0.9191,High
41188,0.9191,High
1454,0.9191,High
49804,0.9191,High
15117,0.9191,High
3640,0.9191,High
29034,0.919,High
14193,0.9188,High
41333,0.9188,High
44660,0.9188,High
9910,0.9188,High
40543,0.9188,High
26600,0.9187,High
51727,0.9187,High
22026,0.9187,High
49426,0.9187,High
10190,0.9187,High
5959,0.9186,High
3182,0.9186,High
12993,0.9185,High
25820,0.9184,High
38861,0.9184,High
22952,0.9184,High
22399,0.9184,High
16750,0.9184,High
41843,0.9183,High
10350,0.9182,High
44607,0.9182,High
40560,0.9182,High
30954,0.9181,High
10433,0.9181,High
19860,0.918,High
50149,0.918,High
13099,0.918,High
36401,0.918,High
13849,0.9179,High
6711,0.9179,High
21875,0.9178,High
9748,0.9178,High
17032,0.9178,High
46827,0.9178,High
10700,0.9177,High
48383,0.9176,High
25747,0.9176,High
25842,0.9176,High
49455,0.9176,High
40259,0.9175,High
45704,0.9175,High
25297,0.9175,High
42055,0.9174,High
43886,0.9174,High
14954,0.9174,High
31735,0.9173,High
32349,0.9173,High
2667,0.9173,High
31837,0.9173,High
35608,0.9173,High
35179,0.9173,High
21252,0.9172,High
20344,0.9172,High
27598,0.9172,High
32928,0.9172,High
34958,0.9172,High
39132,0.9172,High
29314,0.9171,High
5313,0.9171,High
47207,0.9171,High
18150,0.9171,High
39571,0.917,High
40111,0.917,High
25562,0.917,High
13162,0.917,High
29347,0.917,High
40893,0.917,High
26677,0.917,High
50031,0.917,High
26313,0.9169,High
8113,0.9169,High
19611,0.9169,High
25426,0.9169,High
6383,0.9168,High
12666,0.9168,High
28480,0.9168,High
15012,0.9168,High
18744,0.9167,High
3862,0.9167,High
37321,0.9167,High
7388,0.9167,High
40419,0.9167,High
19546,0.9167,High
17418,0.9166,High
32045,0.9166,High
35611,0.9165,High
19348,0.9165,High
347,0.9164,High
19665,0.9164,High
2225,0.9164,High
5996,0.9164,High
15518,0.9164,High
9203,0.9163,High
12045,0.9163,High
39901,0.9163,High
45734,0.9162,High
42895,0.9162,High
13255,0.9162,High
9224,0.9162,High
15928,0.9162,High
21293,0.9162,High
4573,0.9162,High
33102,0.9161,High
22479,0.9161,High
29464,0.9161,High
18885,0.9161,High
17220,0.9161,High
39245,0.9161,High
4862,0.9161,High
20199,0.916,High
18436,0.916,High
48571,0.916,High
4046,0.916,High
8915,0.9159,High
18406,0.9159,High
10731,0.9159,High
48012,0.9157,High
28227,0.9156,High
9379,0.9155,High
13365,0.9155,High
14435,0.9155,High
43228,0.9155,High
47175,0.9155,High
42327,0.9155,High
24676,0.9155,High
48680,0.9154,High
28297,0.9154,High
50436,0.9154,High
8352,0.9153,High
47425,0.9153,High
7936,0.9153,High
31281,0.9153,High
48815,0.9152,High
38435,0.9152,High
36764,0.9152,High
25029,0.9151,High
6166,0.9151,High
14206,0.9151,High
16198,0.9151,High
14001,0.9151,High
22883,0.9151,High
28698,0.9151,High
22940,0.9151,High
50668,0.9151,High
47537,0.9151,High
34148,0.915,High
2893,0.915,High
1957,0.9149,High
30875,0.9149,High
32577,0.9148,High
630,0.9147,High
46696,0.9147,High
9091,0.9147,High
3794,0.9147,High
19701,0.9147,High
3672,0.9146,High
36415,0.9146,High
36471,0.9146,High
24872,0.9145,High
51316,0.9145,High
47489,0.9145,High
32780,0.9144,High
32497,0.9143,High
21229,0.9143,High
9118,0.9143,High
22277,0.9143,High
28817,0.9143,High
36353,0.9142,High
49687,0.9142,High
9412,0.9142,High
9089,0.9142,High
43281,0.9142,High
50777,0.9142,High
33545,0.9141,High
4076,0.9141,High
45666,0.9141,High
46241,0.9141,High
36545,0.914,High
33280,0.914,High
35447,0.9139,High
30657,0.9139,High
15863,0.9139,High
16145,0.9138,High
18937,0.9138,High
44948,0.9138,High
11963,0.9137,High
9370,0.9137,High
12305,0.9136,High
19681,0.9136,High
50555,0.9136,High
13699,0.9136,High
30094,0.9135,High
14837,0.9135,High
23415,0.9135,High
27893,0.9135,High
37646,0.9134,High
17748,0.9134,High
36700,0.9134,High
11691,0.9134,High
18307,0.9134,High
19121,0.9132,High
10923,0.9132,High
47263,0.913,High
44026,0.913,High
15274,0.913,High
29897,0.913,High
6432,0.9129,High
4770,0.9129,High
23777,0.9128,High
44157,0.9128,High
7313,0.9127,High
21789,0.9127,High
4244,0.9127,High
32791,0.9127,High
33259,0.9126,High
16909,0.9125,High
33371,0.9125,High
47308,0.9125,High
23882,0.9124,High
5082,0.9124,High
37967,0.9124,High
20114,0.9124,High
50672,0.9123,High
50219,0.9123,High
42328,0.9123,High
24113,0.9122,High
13038,0.9122,High
7100,0.9122,High
11207,0.9122,High
34633,0.9122,High
46343,0.9122,High
24826,0.9122,High
44370,0.9121,High
3288,0.912,High
9262,0.912,High
43060,0.912,High
16246,0.912,High
35866,0.9119,High
36499,0.9119,High
13957,0.9119,High
35634,0.9119,High
13908,0.9119,High
27295,0.9119,High
51918,0.9118,High
26162,0.9118,High
15694,0.9118,High
41954,0.9118,High
24507,0.9118,High
13956,0.9118,High
35773,0.9117,High
14651,0.9117,High
49432,0.9117,High
42745,0.9117,High
43406,0.9117,High
13703,0.9116,High
42680,0.9116,High
50177,0.9115,High
50741,0.9115,High
17141,0.9115,High
48364,0.9114,High
10859,0.9114,High
34089,0.9114,High
51559,0.9114,High
2,0.9114,High
3398,0.9113,High
36250,0.9113,High
31766,0.9112,High
46959,0.9112,High
15457,0.9112,High
29590,0.9111,High
51550,0.9111,High
27228,0.9111,High
1330,0.9111,High
6549,0.9111,High
44766,0.9111,High
29626,0.9111,High
37533,0.911,High
6731,0.911,High
11046,0.911,High
26883,0.911,High
27264,0.9109,High
27126,0.9109,High
51828,0.9109,High
34255,0.9109,High
27240,0.9109,High
13594,0.9109,High
39978,0.9109,High
31715,0.9109,High
22034,0.9108,High
36811,0.9108,High
33423,0.9107,High
48111,0.9107,High
43637,0.9107,High
8905,0.9107,High
37183,0.9106,High
41016,0.9106,High
6128,0.9106,High
17795,0.9105,High
37933,0.9105,High
38800,0.9104,High
24776,0.9104,High
17610,0.9104,High
4598,0.9103,High
31526,0.9103,High
28264,0.9103,High
46472,0.9103,High
28388,0.9101,High
36262,0.9101,High
5919,0.9101,High
20586,0.91,High
1009,0.91,High
14575,0.91,High
19707,0.91,High
14801,0.9099,High
35541,0.9099,High
9189,0.9098,High
3399,0.9098,High
36240,0.9097,High
22391,0.9097,High
22401,0.9097,High
5617,0.9097,High
18194,0.9097,High
48109,0.9096,High
27646,0.9096,High
13921,0.9096,High
1295,0.9096,High
32052,0.9095,High
10698,0.9095,High
41873,0.9095,High
33651,0.9095,High
38012,0.9095,High
21496,0.9095,High
18442,0.9095,High
8652,0.9094,High
22889,0.9094,High
22341,0.9094,High
186,0.9094,High
2040,0.9093,High
50214,0.9093,High
35359,0.9093,High
17947,0.9093,High
31455,0.9093,High
14425,0.9092,High
8232,0.9091,High
22223,0.9091,High
50854,0.9091,High
9332,0.9091,High
40068,0.9091,High
31656,0.9091,High
24336,0.909,High
18524,0.909,High
29199,0.9089,High
27430,0.9089,High
39122,0.9089,High
1184,0.9089,High
29253,0.9089,High
45070,0.9088,High
48911,0.9088,High
49160,0.9088,High
42901,0.9087,High
17552,0.9087,High
16544,0.9087,High
48318,0.9087,High
22528,0.9086,High
13835,0.9086,High
43284,0.9085,High
41178,0.9085,High
49068,0.9084,High
35355,0.9084,High
25596,0.9083,High
5351,0.9083,High
13860,0.9082,High
15296,0.9082,High
48946,0.9082,High
42196,0.9082,High
8339,0.9081,High
42715,0.9081,High
41112,0.9081,High
28913,0.908,High
48086,0.908,High
14144,0.908,High
10598,0.908,High
15718,0.9079,High
14717,0.9078,High
42609,0.9078,High
28556,0.9078,High
37665,0.9077,High
20913,0.9077,High
22159,0.9077,High
22377,0.9076,High
7592,0.9076,High
2613,0.9076,High
29183,0.9075,High
2129,0.9075,High
7493,0.9074,High
40797,0.9074,High
2605,0.9073,High
3655,0.9073,High
24740,0.9073,High
29762,0.9072,High
19609,0.9072,High
14831,0.9071,High
34943,0.907,High
5910,0.907,High
7873,0.9069,High
28768,0.9069,High
11116,0.9069,High
47194,0.9069,High
43455,0.9068,High
32008,0.9068,High
39720,0.9068,High
12089,0.9068,High
17556,0.9067,High
45558,0.9067,High
36715,0.9067,High
612,0.9067,High
50656,0.9067,High
16984,0.9067,High
26146,0.9066,High
20430,0.9066,High
9243,0.9066,High
29344,0.9066,High
13865,0.9066,High
11927,0.9065,High
8497,0.9064,High
28597,0.9064,High
34192,0.9064,High
13417,0.9064,High
14300,0.9063,High
42660,0.9063,High
3416,0.9063,High
49616,0.9063,High
2695,0.9062,High
34642,0.9062,High
48889,0.9062,High
34949,0.9061,High
36541,0.9061,High
36148,0.9061,High
15099,0.9061,High
32778,0.906,High
51931,0.906,High
19987,0.906,High
21863,0.906,High
51377,0.906,High
27628,0.9059,High
20915,0.9059,High
12989,0.9059,High
12377,0.9058,High
33916,0.9058,High
31691,0.9058,High
18434,0.9057,High
22370,0.9057,High
12765,0.9057,High
44077,0.9056,High
8946,0.9055,High
40109,0.9055,High
10193,0.9055,High
6461,0.9055,High
5436,0.9054,High
3273,0.9053,High
50645,0.9053,High
47590,0.9053,High
13271,0.9052,High
33824,0.9051,High
34398,0.9051,High
16267,0.9051,High
50763,0.9051,High
48724,0.9051,High
21260,0.905,High
15157,0.905,High
50360,0.905,High
39218,0.9049,High
38522,0.9049,High
41015,0.9049,High
47939,0.9048,High
19901,0.9047,High
50333,0.9047,High
20994,0.9046,High
20777,0.9046,High
40369,0.9046,High
32981,0.9046,High
36935,0.9046,High
1597,0.9045,High
10499,0.9045,High
8382,0.9045,High
36083,0.9044,High
17349,0.9044,High
12868,0.9043,High
22740,0.9043,High
12557,0.9043,High
39454,0.9042,High
19599,0.9042,High
51428,0.9041,High
41733,0.9041,High
41257,0.9041,High
4831,0.9041,High
10949,0.904,High
40775,0.904,High
10668,0.904,High
32455,0.904,High
28220,0.9039,High
30956,0.9039,High
6053,0.9039,High
9235,0.9039,High
25591,0.9038,High
15155,0.9038,High
22754,0.9038,High
1802,0.9038,High
30810,0.9038,High
47800,0.9038,High
29792,0.9038,High
48810,0.9038,High
21298,0.9037,High
28845,0.9037,High
41580,0.9037,High
40317,0.9037,High
5705,0.9037,High
21326,0.9037,High
23967,0.9037,High
38698,0.9037,High
13357,0.9036,High
6879,0.9036,High
16104,0.9036,High
2355,0.9036,High
29736,0.9035,High
33583,0.9034,High
4644,0.9034,High
43341,0.9034,High
35369,0.9034,High
20503,0.9034,High
29532,0.9034,High
17783,0.9034,High
30576,0.9032,High
21052,0.9032,High
32989,0.9032,High
35338,0.9032,High
27967,0.9032,High
29456,0.9031,High
13804,0.9031,High
31384,0.9031,High
16037,0.9031,High
5534,0.9031,High
15186,0.9031,High
14823,0.903,High
13259,0.903,High
12039,0.9029,High
23363,0.9029,High
10206,0.9029,High
11253,0.9028,High
33905,0.9028,High
217,0.9027,High
3023,0.9027,High
26311,0.9027,High
35681,0.9027,High
51777,0.9027,High
8298,0.9027,High
29287,0.9027,High
49915,0.9026,High
33408,0.9026,High
42193,0.9026,High
7273,0.9026,High
35470,0.9026,High
5517,0.9026,High
17933,0.9025,High
24745,0.9025,High
19994,0.9025,High
44421,0.9024,High
15972,0.9024,High
34563,0.9023,High
46810,0.9023,High
49694,0.9023,High
9571,0.9023,High
30774,0.9021,High
24861,0.9021,High
46979,0.9021,High
8459,0.902,High
33707,0.9019,High
36255,0.9019,High
31408,0.9019,High
38187,0.9018,High
30058,0.9018,High
30252,0.9017,High
43692,0.9017,High
19552,0.9016,High
41009,0.9016,High
1081,0.9016,High
40357,0.9016,High
26563,0.9015,High
3616,0.9015,High
33386,0.9014,High
49168,0.9014,High
22539,0.9013,High
41330,0.9013,High
39883,0.9012,High
23586,0.9011,High
18522,0.9011,High
42869,0.901,High
36964,0.901,High
24144,0.901,High
49093,0.9009,High
30287,0.9009,High
39890,0.9009,High
11131,0.9008,High
22743,0.9008,High
28427,0.9008,High
24098,0.9007,High
23372,0.9007,High
16304,0.9007,High
10125,0.9006,High
4712,0.9006,High
40689,0.9005,High
20117,0.9005,High
45839,0.9005,High
11667,0.9005,High
14608,0.9004,High
44951,0.9004,High
43617,0.9004,High
17526,0.9004,High
38935,0.9003,High
44863,0.9003,High
44919,0.9002,High
11911,0.9002,High
38060,0.9001,High
17422,0.9001,High
49899,0.9001,High
18020,0.9001,High
51465,0.9001,High
28997,0.9,High
1485,0.9,High
15436,0.8999,High
16070,0.8999,High
37170,0.8998,High
42490,0.8998,High
32308,0.8998,High
11897,0.8998,High
43496,0.8998,High
40914,0.8998,High
27184,0.8997,High
10141,0.8997,High
17900,0.8997,High
51400,0.8997,High
50351,0.8996,High
15198,0.8996,High
19069,0.8996,High
1328,0.8996,High
46029,0.8996,High
38167,0.8996,High
49023,0.8995,High
45091,0.8994,High
38304,0.8994,High
28601,0.8994,High
45116,0.8994,High
30327,0.8993,High
17028,0.8993,High
27223,0.8992,High
50991,0.8992,High
49363,0.8992,High
7479,0.8992,High
51962,0.8992,High
10709,0.8991,High
19306,0.8991,High
28183,0.899,High
3316,0.899,High
16830,0.899,High
10087,0.899,High
50909,0.8989,High
2886,0.8989,High
27494,0.8989,High
38148,0.8989,High
30436,0.8989,High
49386,0.8989,High
43344,0.8988,High
25828,0.8988,High
19245,0.8988,High
14611,0.8988,High
33883,0.8987,High
38497,0.8987,High
40682,0.8987,High
34161,0.8987,High
51471,0.8986,High
48030,0.8986,High
36033,0.8986,High
26293,0.8986,High
48725,0.8986,High
18882,0.8985,High
2640,0.8985,High
12221,0.8985,High
21915,0.8985,High
10996,0.8985,High
51470,0.8985,High
2394,0.8985,High
18022,0.8985,High
34443,0.8984,High
227,0.8984,High
32285,0.8984,High
6694,0.8983,High
20032,0.8983,High
12918,0.8983,High
51516,0.8983,High
15882,0.8983,High
6597,0.8983,High
11301,0.8983,High
44779,0.8982,High
23170,0.8981,High
39655,0.8981,High
22881,0.8981,High
23118,0.8981,High
39169,0.8981,High
17732,0.8979,High
32557,0.8979,High
46112,0.8979,High
12646,0.8978,High
33995,0.8977,High
24213,0.8977,High
20282,0.8976,High
39638,0.8976,High
45343,0.8976,High
51994,0.8975,High
14327,0.8975,High
17716,0.8975,High
670,0.8975,High
37474,0.8974,High
28704,0.8974,High
22649,0.8974,High
7622,0.8974,High
5149,0.8974,High
34594,0.8974,High
31227,0.8974,High
5376,0.8974,High
34333,0.8973,High
23578,0.8973,High
35695,0.8973,High
45259,0.8973,High
46274,0.8973,High
44644,0.8973,High
35964,0.8972,High
9123,0.8972,High
43544,0.8972,High
49080,0.8972,High
17483,0.8972,High
29223,0.8971,High
11223,0.8971,High
34329,0.8971,High
4623,0.8971,High
1652,0.8971,High
26864,0.8971,High
14973,0.897,High
42785,0.897,High
4594,0.897,High
19318,0.8969,High
6213,0.8969,High
1275,0.8969,High
8631,0.8969,High
983,0.8969,High
25919,0.8969,High
21099,0.8968,High
14636,0.8968,High
24121,0.8968,High
41650,0.8968,High
32504,0.8968,High
28375,0.8968,High
19875,0.8967,High
5599,0.8967,High
27789,0.8966,High
33636,0.8966,High
6230,0.8966,High
21185,0.8966,High
51217,0.8965,High
11196,0.8965,High
20904,0.8964,High
49154,0.8964,High
16988,0.8964,High
28553,0.8964,High
20436,0.8963,High
45138,0.8963,High
19565,0.8962,High
36497,0.8962,High
3821,0.8962,High
30426,0.8962,High
28202,0.8962,High
46301,0.8962,High
24169,0.8961,High
3150,0.8961,High
51191,0.8961,High
25625,0.896,High
5458,0.896,High
45233,0.896,High
4338,0.896,High
50542,0.896,High
23373,0.896,High
36214,0.8959,High
22231,0.8959,High
48231,0.8959,High
38173,0.8959,High
5063,0.8959,High
13630,0.8958,High
40038,0.8958,High
24341,0.8958,High
13118,0.8958,High
319,0.8958,High
37935,0.8958,High
14439,0.8957,High
37104,0.8957,High
14360,0.8957,High
22589,0.8956,High
7823,0.8956,High
44065,0.8956,High
32358,0.8955,High
36285,0.8955,High
37838,0.8955,High
13843,0.8955,High
29278,0.8955,High
28376,0.8955,High
12789,0.8954,High
39267,0.8953,High
23166,0.8953,High
14130,0.8953,High
41856,0.8953,High
1510,0.8953,High
48230,0.8952,High
43781,0.8952,High
16176,0.8952,High
6528,0.8952,High
23970,0.8952,High
45029,0.8952,High
10236,0.8952,High
15386,0.8951,High
39428,0.8951,High
16866,0.8951,High
34921,0.8951,High
17257,0.895,High
9424,0.895,High
8852,0.895,High
38881,0.8949,High
13302,0.8949,High
40459,0.8949,High
22438,0.8949,High
15405,0.8949,High
13770,0.8949,High
29143,0.8948,High
1242,0.8948,High
35071,0.8947,High
22463,0.8947,High
28502,0.8947,High
19584,0.8947,High
27782,0.8947,High
27913,0.8947,High
10635,0.8947,High
48448,0.8946,High
2968,0.8946,High
9356,0.8946,High
32893,0.8946,High
51231,0.8946,High
8881,0.8946,High
21255,0.8946,High
15003,0.8946,High
15666,0.8945,High
22112,0.8945,High
13943,0.8945,High
15540,0.8945,High
50561,0.8945,High
2981,0.8945,High
42161,0.8945,High
4666,0.8945,High
45963,0.8944,High
20146,0.8944,High
20547,0.8943,High
12978,0.8943,High
41619,0.8943,High
50845,0.8942,High
2670,0.8942,High
20843,0.8942,High
26784,0.8942,High
23036,0.8942,High
28393,0.8941,High
51183,0.8941,High
34027,0.8941,High
17461,0.8941,High
19866,0.8941,High
28166,0.8941,High
22102,0.894,High
31272,0.894,High
10281,0.894,High
2212,0.894,High
44924,0.894,High
43947,0.894,High
47740,0.8939,High
36082,0.8939,High
25969,0.8939,High
20778,0.8938,High
21466,0.8938,High
39929,0.8938,High
39859,0.8938,High
25568,0.8938,High
19985,0.8937,High
19294,0.8936,High
38452,0.8936,High
35274,0.8936,High
32785,0.8936,High
41241,0.8935,High
51233,0.8935,High
38496,0.8935,High
4523,0.8934,High
8067,0.8934,High
23119,0.8934,High
11780,0.8933,High
12606,0.8933,High
17437,0.8932,High
5992,0.8932,High
12659,0.8932,High
26921,0.8932,High
24107,0.8932,High
49988,0.8932,High
28049,0.8932,High
4096,0.8931,High
27755,0.8931,High
3651,0.8931,High
16402,0.8931,High
7310,0.8931,High
2818,0.893,High
49294,0.893,High
4903,0.893,High
2138,0.893,High
30356,0.8929,High
43819,0.8929,High
50015,0.8928,High
26369,0.8928,High
6433,0.8928,High
18385,0.8928,High
35859,0.8927,High
15394,0.8927,High
28860,0.8927,High
48923,0.8926,High
34643,0.8926,High
14339,0.8926,High
10866,0.8926,High
49088,0.8926,High
20037,0.8925,High
4165,0.8925,High
2881,0.8924,High
29558,0.8924,High
46542,0.8924,High
1861,0.8924,High
9775,0.8924,High
45169,0.8923,High
21555,0.8923,High
24464,0.8923,High
23133,0.8923,High
21994,0.8923,High
16292,0.8922,High
33789,0.8922,High
44904,0.8922,High
10587,0.8922,High
50494,0.8922,High
13443,0.8922,High
25169,0.8921,High
9564,0.8921,High
9595,0.8921,High
47598,0.8921,High
28678,0.892,High
3504,0.892,High
21435,0.892,High
10514,0.892,High
29396,0.892,High
43792,0.8919,High
23847,0.8919,High
34429,0.8918,High
15233,0.8918,High
47945,0.8917,High
28367,0.8917,High
47772,0.8917,High
41210,0.8917,High
20633,0.8917,High
9291,0.8916,High
21967,0.8916,High
23135,0.8916,High
8059,0.8916,High
44657,0.8916,High
44482,0.8916,High
26005,0.8916,High
27256,0.8916,High
9553,0.8916,High
10675,0.8915,High
2092,0.8915,High
27861,0.8915,High
44593,0.8915,High
19454,0.8914,High
3366,0.8914,High
1423,0.8914,High
9787,0.8913,High
11375,0.8912,High
13840,0.8912,High
1542,0.8912,High
26383,0.8912,High
17605,0.8912,High
25152,0.8912,High
33365,0.8911,High
19262,0.8911,High
31824,0.8911,High
10259,0.8911,High
44426,0.891,High
34743,0.891,High
26518,0.891,High
14428,0.8909,High
34470,0.8908,High
21580,0.8908,High
43899,0.8908,High
40081,0.8908,High
25649,0.8908,High
19275,0.8908,High
2957,0.8907,High
32753,0.8907,High
30578,0.8907,High
7186,0.8906,High
27351,0.8906,High
40155,0.8906,High
19680,0.8906,High
4479,0.8906,High
23803,0.8906,High
13590,0.8905,High
44263,0.8904,High
19134,0.8904,High
2317,0.8904,High
22387,0.8904,High
19630,0.8903,High
11229,0.8903,High
3696,0.8902,High
42331,0.8902,High
32263,0.8902,High
49061,0.8902,High
36967,0.8902,High
19615,0.8902,High
10997,0.8902,High
45635,0.8902,High
40375,0.8902,High
15288,0.8901,High
25451,0.8901,High
19993,0.89,High
17685,0.89,High
30319,0.89,High
45670,0.89,High
31970,0.8899,High
44781,0.8899,High
25869,0.8899,High
38765,0.8899,High
26682,0.8899,High
44309,0.8899,High
12550,0.8899,High
40285,0.8899,High
20232,0.8898,High
4560,0.8898,High
3151,0.8898,High
21584,0.8897,High
38086,0.8897,High
30506,0.8897,High
6899,0.8897,High
18954,0.8897,High
18916,0.8896,High
11423,0.8896,High
40225,0.8896,High
16723,0.8895,High
28079,0.8895,High
14855,0.8894,High
15016,0.8894,High
19635,0.8894,High
21297,0.8894,High
17415,0.8893,High
8311,0.8893,High
27523,0.8893,High
24783,0.8893,High
23412,0.8893,High
9689,0.8893,High
7926,0.8893,High
11936,0.8892,High
47907,0.8892,High
2519,0.8892,High
8834,0.8891,High
33087,0.8891,High
586,0.8891,High
4870,0.8891,High
2147,0.8891,High
17267,0.8891,High
31981,0.889,High
2828,0.889,High
40985,0.889,High
23083,0.889,High
2041,0.889,High
16882,0.8889,High
12702,0.8889,High
43908,0.8889,High
41878,0.8889,High
28838,0.8889,High
6268,0.8889,High
1930,0.8888,High
9162,0.8888,High
42747,0.8888,High
19114,0.8887,High
31900,0.8887,High
3232,0.8887,High
17614,0.8887,High
20140,0.8887,High
51259,0.8887,High
27851,0.8887,High
35005,0.8887,High
50734,0.8886,High
34873,0.8886,High
44856,0.8886,High
15999,0.8885,High
1247,0.8885,High
12278,0.8885,High
37570,0.8885,High
34446,0.8884,High
48378,0.8884,High
8051,0.8883,High
12471,0.8883,High
39907,0.8882,High
18192,0.8882,High
32265,0.8882,High
12170,0.8882,High
7348,0.8882,High
30878,0.8881,High
39803,0.888,High
14117,0.8879,High
37693,0.8879,High
5873,0.8879,High
25773,0.8879,High
33086,0.8879,High
7832,0.8879,High
32198,0.8878,High
4926,0.8878,High
2582,0.8878,High
45603,0.8877,High
44894,0.8877,High
4857,0.8877,High
44845,0.8877,High
7117,0.8877,High
19211,0.8877,High
32874,0.8876,High
10560,0.8876,High
46207,0.8876,High
22480,0.8876,High
46239,0.8876,High
6832,0.8876,High
16479,0.8875,High
37304,0.8875,High
17327,0.8874,High
46877,0.8874,High
50617,0.8874,High
8174,0.8874,High
40154,0.8873,High
9552,0.8873,High
35269,0.8873,High
20285,0.8873,High
50026,0.8873,High
13935,0.8873,High
28614,0.8872,High
3183,0.8872,High
48157,0.8871,High
15173,0.887,High
30422,0.887,High
19170,0.887,High
32012,0.887,High
43417,0.887,High
4725,0.8869,High
33349,0.8869,High
46539,0.8869,High
29679,0.8869,High
38875,0.8869,High
2822,0.8869,High
29231,0.8868,High
20255,0.8868,High
1480,0.8868,High
6924,0.8868,High
2276,0.8868,High
51907,0.8868,High
3676,0.8866,High
17360,0.8866,High
6766,0.8866,High
35164,0.8866,High
47973,0.8866,High
44250,0.8866,High
40697,0.8866,High
36459,0.8866,High
563,0.8865,High
19727,0.8865,High
23720,0.8865,High
43582,0.8865,High
28182,0.8864,High
2648,0.8864,High
27933,0.8864,High
27839,0.8863,High
44642,0.8863,High
38639,0.8863,High
49669,0.8863,High
13898,0.8862,High
41494,0.8861,High
51892,0.8861,High
48641,0.8861,High
6227,0.8861,High
36192,0.8861,High
1305,0.886,High
7767,0.886,High
17026,0.886,High
28552,0.886,High
38199,0.886,High
18261,0.886,High
50685,0.886,High
11161,0.886,High
37830,0.8859,High
15101,0.8859,High
51904,0.8859,High
47684,0.8859,High
26532,0.8859,High
9112,0.8859,High
28057,0.8859,High
12412,0.8858,High
15353,0.8858,High
4320,0.8858,High
12880,0.8858,High
29559,0.8857,High
27021,0.8857,High
43915,0.8856,High
28217,0.8856,High
43178,0.8856,High
29821,0.8855,High
50202,0.8855,High
21813,0.8855,High
8507,0.8855,High
2115,0.8855,High
51528,0.8855,High
3372,0.8854,High
27820,0.8854,High
6535,0.8853,High
24259,0.8853,High
38466,0.8853,High
8275,0.8852,High
4098,0.8852,High
38400,0.8852,High
6143,0.8851,High
38892,0.8851,High
21764,0.8851,High
28392,0.8851,High
20717,0.8851,High
44945,0.8851,High
44821,0.885,High
47436,0.885,High
27723,0.8849,High
47063,0.8849,High
11978,0.8849,High
38017,0.8849,High
35779,0.8849,High
38158,0.8849,High
32000,0.8848,High
35930,0.8847,High
5125,0.8847,High
8704,0.8847,High
10582,0.8847,High
30707,0.8846,High
32163,0.8846,High
44240,0.8846,High
38075,0.8846,High
47008,0.8846,High
45917,0.8846,High
35423,0.8845,High
45671,0.8845,High
18619,0.8844,High
17053,0.8844,High
13453,0.8844,High
50772,0.8843,High
10157,0.8843,High
17663,0.8843,High
16857,0.8843,High
47328,0.8843,High
36721,0.8843,High
35050,0.8842,High
26689,0.8842,High
39025,0.8842,High
34342,0.8842,High
18095,0.8841,High
33968,0.8841,High
8718,0.8841,High
28936,0.884,High
5692,0.8839,High
46083,0.8839,High
51172,0.8839,High
38985,0.8839,High
45724,0.8838,High
47686,0.8838,High
41782,0.8837,High
8580,0.8837,High
34791,0.8837,High
15693,0.8837,High
6127,0.8837,High
6782,0.8837,High
24896,0.8837,High
7589,0.8837,High
10938,0.8836,High
51237,0.8836,High
10363,0.8836,High
18120,0.8836,High
19326,0.8836,High
31525,0.8836,High
26093,0.8836,High
31558,0.8835,High
9614,0.8835,High
3524,0.8835,High
25074,0.8835,High
17986,0.8835,High
48156,0.8834,High
700,0.8834,High
29063,0.8834,High
23924,0.8834,High
26490,0.8834,High
23837,0.8834,High
44179,0.8834,High
12912,0.8833,High
16451,0.8833,High
47919,0.8833,High
35743,0.8833,High
5667,0.8832,High
10111,0.8832,High
2397,0.8832,High
49692,0.8832,High
3788,0.8832,High
21984,0.8832,High
7904,0.8832,High
1819,0.8832,High
8982,0.8831,High
24529,0.883,High
48254,0.883,High
45833,0.8829,High
15415,0.8829,High
37151,0.8829,High
43053,0.8829,High
4413,0.8829,High
25723,0.8828,High
2572,0.8828,High
29654,0.8828,High
30340,0.8827,High
10695,0.8826,High
12671,0.8826,High
314,0.8826,High
34717,0.8825,High
474,0.8825,High
41627,0.8825,High
34611,0.8825,High
1567,0.8825,High
3754,0.8824,High
14987,0.8824,High
49259,0.8824,High
23047,0.8824,High
2442,0.8824,High
6283,0.8824,High
45027,0.8824,High
33148,0.8823,High
1356,0.8823,High
22332,0.8823,High
42087,0.8823,High
35619,0.8822,High
27572,0.8822,High
16017,0.8822,High
24235,0.8822,High
507,0.8821,High
13450,0.8821,High
19205,0.8821,High
37281,0.882,High
19119,0.882,High
36079,0.882,High
3293,0.882,High
47091,0.8819,High
43547,0.8819,High
45923,0.8819,High
8385,0.8819,High
11264,0.8819,High
51343,0.8819,High
21990,0.8817,High
3194,0.8817,High
24585,0.8817,High
20119,0.8817,High
24986,0.8816,High
49770,0.8816,High
49621,0.8816,High
9937,0.8816,High
30860,0.8816,High
9404,0.8816,High
32128,0.8816,High
7282,0.8815,High
51386,0.8814,High
5131,0.8814,High
32468,0.8814,High
16437,0.8814,High
3184,0.8814,High
40116,0.8813,High
18169,0.8813,High
51993,0.8813,High
43000,0.8813,High
48116,0.8813,High
165,0.8813,High
12453,0.8812,High
34340,0.8812,High
16769,0.8812,High
47243,0.8812,High
27015,0.8812,High
45753,0.8812,High
4544,0.8811,High
45913,0.8811,High
41725,0.8811,High
12286,0.8811,High
48166,0.881,High
26694,0.881,High
29548,0.881,High
21223,0.8809,High
45008,0.8809,High
10986,0.8809,High
18001,0.8809,High
48331,0.8809,High
20807,0.8808,High
9796,0.8807,High
3180,0.8807,High
11627,0.8807,High
29603,0.8807,High
29607,0.8807,High
12963,0.8807,High
33589,0.8807,High
11734,0.8806,High
566,0.8806,High
22816,0.8806,High
44331,0.8806,High
14261,0.8806,High
44514,0.8806,High
1747,0.8805,High
50136,0.8805,High
14536,0.8805,High
46140,0.8805,High
33016,0.8804,High
24135,0.8803,High
37750,0.8803,High
43751,0.8803,High
6735,0.8803,High
15714,0.8803,High
36479,0.8803,High
18701,0.8803,High
35415,0.8803,High
8144,0.8803,High
43994,0.8803,High
39556,0.8802,High
10113,0.8802,High
3876,0.8801,High
51957,0.8801,High
49219,0.8801,High
40499,0.88,High
6334,0.88,High
34109,0.88,High
3871,0.88,High
26984,0.88,High
6094,0.88,High
36065,0.8799,High
38700,0.8799,High
27112,0.8799,High
20422,0.8799,High
27731,0.8798,High
25477,0.8798,High
16048,0.8798,High
7724,0.8798,High
8216,0.8798,High
34747,0.8797,High
28510,0.8797,High
28333,0.8797,High
44165,0.8797,High
36223,0.8797,High
33020,0.8796,High
17616,0.8796,High
6717,0.8796,High
8196,0.8796,High
22888,0.8796,High
5086,0.8796,High
26944,0.8795,High
41990,0.8795,High
37038,0.8795,High
37004,0.8795,High
42358,0.8795,High
38531,0.8795,High
50230,0.8794,High
46290,0.8794,High
11799,0.8793,High
31007,0.8793,High
635,0.8793,High
5537,0.8792,High
44057,0.8792,High
46452,0.8792,High
4768,0.8792,High
13256,0.8792,High
22827,0.8792,High
21231,0.8792,High
17420,0.8791,High
31492,0.8791,High
46983,0.8791,High
45357,0.879,High
17149,0.879,High
33568,0.879,High
50796,0.879,High
9163,0.879,High
11965,0.8789,High
41187,0.8789,High
46179,0.8789,High
304,0.8789,High
47315,0.8788,High
39748,0.8788,High
35101,0.8788,High
9213,0.8788,High
46749,0.8788,High
50683,0.8788,High
19444,0.8788,High
44380,0.8788,High
3901,0.8788,High
17369,0.8787,High
32553,0.8787,High
26278,0.8787,High
47723,0.8787,High
47140,0.8786,High
17514,0.8786,High
47536,0.8786,High
23096,0.8786,High
35309,0.8785,High
17394,0.8785,High
6336,0.8784,High
13811,0.8783,High
9567,0.8783,High
43317,0.8783,High
41425,0.8783,High
19840,0.8783,High
22956,0.8783,High
4018,0.8782,High
8885,0.8782,High
47922,0.8782,High
17606,0.8782,High
20159,0.8782,High
35290,0.8781,High
46586,0.8781,High
6955,0.8781,High
3537,0.8781,High
6142,0.8781,High
9070,0.8781,High
1435,0.8781,High
14912,0.8781,High
11827,0.878,High
16674,0.878,High
10586,0.878,High
41896,0.8779,High
23965,0.8779,High
31181,0.8779,High
15670,0.8779,High
2375,0.8779,High
16247,0.8778,High
43388,0.8778,High
37112,0.8778,High
39435,0.8778,High
28940,0.8778,High
38782,0.8778,High
36124,0.8778,High
31042,0.8778,High
21618,0.8778,High
30323,0.8777,High
7617,0.8777,High
4100,0.8777,High
8358,0.8777,High
762,0.8777,High
20064,0.8776,High
41576,0.8776,High
46079,0.8776,High
3920,0.8776,High
40937,0.8776,High
23481,0.8776,High
12809,0.8776,High
50033,0.8776,High
24411,0.8776,High
47940,0.8775,High
39181,0.8774,High
46067,0.8774,High
16398,0.8774,High
46751,0.8774,High
49083,0.8774,High
28206,0.8773,High
9137,0.8773,High
34662,0.8773,High
33306,0.8773,High
25968,0.8772,High
4837,0.8772,High
51960,0.8772,High
21585,0.8772,High
19683,0.8771,High
22632,0.8771,High
23769,0.8771,High
16297,0.8771,High
13710,0.8771,High
44918,0.8771,High
44401,0.8771,High
46653,0.877,High
34041,0.877,High
41323,0.877,High
37134,0.877,High
21122,0.8769,High
9940,0.8769,High
17901,0.8769,High
46840,0.8769,High
41551,0.8768,High
39295,0.8768,High
4653,0.8768,High
43540,0.8768,High
51266,0.8768,High
1031,0.8767,High
32075,0.8767,High
17404,0.8767,High
5636,0.8767,High
6958,0.8767,High
33954,0.8767,High
43125,0.8766,High
30018,0.8766,High
22628,0.8766,High
19184,0.8766,High
46908,0.8765,High
335,0.8765,High
10130,0.8765,High
41194,0.8765,High
43599,0.8765,High
48533,0.8765,High
14173,0.8764,High
3285,0.8764,High
33330,0.8764,High
12758,0.8764,High
42926,0.8763,High
32269,0.8763,High
11353,0.8763,High
311,0.8762,High
45583,0.8762,High
10395,0.8762,High
26722,0.8762,High
47327,0.8761,High
50320,0.8761,High
29837,0.8761,High
38475,0.8761,High
32370,0.8761,High
32492,0.876,High
14828,0.876,High
19805,0.876,High
23572,0.876,High
13620,0.876,High
46055,0.8759,High
166,0.8759,High
45245,0.8759,High
43304,0.8759,High
45403,0.8758,High
47897,0.8758,High
46495,0.8758,High
33615,0.8757,High
31065,0.8757,High
20245,0.8757,High
34164,0.8757,High
1475,0.8757,High
6702,0.8757,High
13177,0.8756,High
41893,0.8756,High
9582,0.8756,High
12756,0.8756,High
5829,0.8755,High
49233,0.8755,High
9799,0.8755,High
6697,0.8755,High
23100,0.8754,High
41296,0.8754,High
42919,0.8753,High
38208,0.8753,High
14056,0.8753,High
14944,0.8752,High
31988,0.8752,High
2683,0.8752,High
9194,0.8752,High
44116,0.8752,High
48609,0.8752,High
13777,0.8752,High
49525,0.8752,High
20139,0.8752,High
51164,0.8751,High
13322,0.8751,High
2265,0.875,High
8815,0.875,High
24547,0.875,High
47458,0.875,High
14058,0.875,High
11222,0.875,High
47481,0.8749,High
34422,0.8749,High
46644,0.8748,High
49444,0.8748,High
36761,0.8748,High
25495,0.8748,High
47463,0.8748,High
13391,0.8747,High
34890,0.8747,High
39272,0.8747,High
28104,0.8747,High
18157,0.8747,High
6459,0.8747,High
44452,0.8746,High
51100,0.8745,High
31995,0.8745,High
2203,0.8745,High
21486,0.8745,High
5257,0.8745,High
40708,0.8745,High
30710,0.8745,High
16557,0.8744,High
47889,0.8744,High
40549,0.8744,High
51742,0.8743,High
14905,0.8743,High
31637,0.8743,High
13068,0.8743,High
980,0.8743,High
11472,0.8742,High
34123,0.8741,High
15599,0.8741,High
18591,0.8741,High
47833,0.8741,High
9717,0.874,High
33445,0.874,High
41472,0.8739,High
29003,0.8739,High
9526,0.8738,High
40159,0.8738,High
2151,0.8738,High
33372,0.8738,High
28801,0.8738,High
15472,0.8738,High
34705,0.8737,High
12835,0.8737,High
43140,0.8737,High
6088,0.8737,High
27963,0.8735,High
44150,0.8734,High
9043,0.8734,High
44430,0.8734,High
48995,0.8734,High
13204,0.8733,High
4733,0.8733,High
14649,0.8733,High
23392,0.8733,High
45321,0.8732,High
8099,0.8732,High
7170,0.8732,High
31350,0.8731,High
31336,0.8731,High
13925,0.873,High
22999,0.873,High
51246,0.873,High
11578,0.873,High
44272,0.873,High
2469,0.8729,High
40037,0.8729,High
36005,0.8729,High
5566,0.8728,High
35350,0.8728,High
25492,0.8728,High
2672,0.8728,High
39377,0.8728,High
21371,0.8728,High
36821,0.8728,High
25742,0.8728,High
30416,0.8728,High
13541,0.8728,High
25171,0.8727,High
29696,0.8727,High
3460,0.8726,High
15888,0.8726,High
25502,0.8726,High
39821,0.8726,High
34852,0.8726,High
9017,0.8726,High
4773,0.8726,High
33858,0.8726,High
32254,0.8725,High
48359,0.8725,High
51597,0.8725,High
22278,0.8724,High
44017,0.8724,High
36195,0.8723,High
27383,0.8723,High
32523,0.8723,High
1620,0.8723,High
48255,0.8723,High
6431,0.8722,High
33692,0.8722,High
50112,0.8721,High
19605,0.8721,High
38550,0.8721,High
20640,0.8721,High
5140,0.8721,High
34343,0.8721,High
15204,0.8721,High
27304,0.872,High
5239,0.872,High
40131,0.872,High
35019,0.872,High
44006,0.872,High
40120,0.8719,High
23370,0.8719,High
32591,0.8719,High
41083,0.8719,High
38996,0.8718,High
42873,0.8718,High
38426,0.8718,High
5666,0.8717,High
3937,0.8717,High
5900,0.8717,High
46356,0.8717,High
13268,0.8716,High
49587,0.8716,High
37470,0.8715,High
35022,0.8714,High
23537,0.8714,High
49518,0.8714,High
47032,0.8714,High
48652,0.8714,High
46414,0.8713,High
28350,0.8713,High
44916,0.8713,High
28138,0.8712,High
22452,0.8712,High
50780,0.8712,High
10277,0.8712,High
9506,0.8711,High
4895,0.8711,High
3365,0.8711,High
21808,0.8711,High
8276,0.8711,High
14293,0.8711,High
44200,0.871,High
7411,0.871,High
32137,0.8709,High
45848,0.8709,High
33353,0.8709,High
12720,0.8709,High
45881,0.8708,High
14416,0.8708,High
29508,0.8708,High
37208,0.8708,High
19005,0.8708,High
3699,0.8707,High
38771,0.8707,High
14932,0.8707,High
25922,0.8707,High
17809,0.8707,High
14496,0.8706,High
35759,0.8706,High
29882,0.8706,High
42384,0.8706,High
36752,0.8706,High
17963,0.8704,High
11839,0.8704,High
48373,0.8703,High
43790,0.8703,High
24953,0.8702,High
20029,0.8702,High
14399,0.8702,High
33367,0.8702,High
7611,0.8702,High
46286,0.8701,High
44598,0.8701,High
26054,0.8701,High
2726,0.8701,High
47035,0.87,High
4441,0.87,High
26208,0.87,High
7391,0.87,High
28744,0.8699,High
48598,0.8698,High
51443,0.8698,High
12122,0.8698,High
28142,0.8698,High
30271,0.8698,High
32555,0.8698,High
37521,0.8698,High
20328,0.8698,High
4692,0.8698,High
32369,0.8697,High
28892,0.8697,High
50571,0.8697,High
41404,0.8696,High
22458,0.8696,High
28764,0.8696,High
43239,0.8696,High
47072,0.8696,High
32247,0.8695,High
5442,0.8695,High
39812,0.8694,High
23546,0.8694,High
32365,0.8694,High
3220,0.8694,High
9869,0.8693,High
28176,0.8693,High
51013,0.8693,High
29164,0.8693,High
9852,0.8693,High
50970,0.8693,High
11662,0.8692,High
32668,0.8692,High
2817,0.8692,High
23594,0.8692,High
23783,0.8692,High
4293,0.8691,High
36741,0.8691,High
27148,0.8691,High
29258,0.8691,High
25022,0.8691,High
21917,0.869,High
16905,0.869,High
40973,0.869,High
45494,0.8689,High
8341,0.8689,High
8711,0.8689,High
38241,0.8689,High
20842,0.8689,High
18412,0.8689,High
23724,0.8689,High
27380,0.8689,High
9443,0.8689,High
51637,0.8689,High
47667,0.8688,High
45112,0.8688,High
23136,0.8687,High
4142,0.8687,High
47588,0.8687,High
11346,0.8686,High
40423,0.8686,High
4687,0.8686,High
27802,0.8686,High
45536,0.8686,High
42522,0.8685,High
42345,0.8685,High
34983,0.8685,High
19084,0.8685,High
32904,0.8684,High
47545,0.8684,High
7661,0.8684,High
17612,0.8684,High
25799,0.8684,High
37670,0.8684,High
22279,0.8684,High
27796,0.8684,High
40157,0.8683,High
11860,0.8683,High
34760,0.8683,High
34575,0.8682,High
49512,0.8682,High
10289,0.8682,High
20049,0.8682,High
39933,0.8681,High
45716,0.8681,High
3647,0.8681,High
2889,0.868,High
33153,0.8679,High
79,0.8679,High
11656,0.8679,High
4319,0.8679,High
15089,0.8678,High
4068,0.8678,High
12626,0.8677,High
49016,0.8677,High
37915,0.8677,High
5489,0.8677,High
43387,0.8677,High
40802,0.8676,High
41667,0.8675,High
2316,0.8675,High
4004,0.8675,High
44475,0.8674,High
49773,0.8674,High
34218,0.8674,High
45683,0.8674,High
42000,0.8673,High
44195,0.8673,High
51571,0.8673,High
39541,0.8673,High
37624,0.8672,High
21846,0.8672,High
18122,0.8672,High
37683,0.8671,High
44982,0.8671,High
8026,0.8671,High
25927,0.8671,High
9922,0.867,High
22371,0.867,High
30751,0.867,High
12829,0.867,High
33746,0.8669,High
11643,0.8669,High
47851,0.8669,High
50831,0.8669,High
40909,0.8669,High
10432,0.8668,High
19798,0.8668,High
13203,0.8668,High
5370,0.8668,High
7147,0.8668,High
25452,0.8668,High
31160,0.8667,High
51932,0.8667,High
1319,0.8667,High
1164,0.8667,High
4274,0.8667,High
21636,0.8667,High
24705,0.8667,High
31621,0.8666,High
27890,0.8666,High
10891,0.8666,High
5451,0.8666,High
9169,0.8666,High
15996,0.8666,High
33668,0.8666,High
9646,0.8665,High
51953,0.8665,High
23842,0.8665,High
36127,0.8664,High
19140,0.8664,High
50222,0.8664,High
24475,0.8664,High
39238,0.8664,High
30997,0.8664,High
39689,0.8663,High
23715,0.8663,High
16040,0.8663,High
11800,0.8663,High
49412,0.8663,High
44870,0.8663,High
13817,0.8662,High
8063,0.8662,High
1053,0.8662,High
795,0.8662,High
16209,0.8661,High
27384,0.8661,High
34578,0.8661,High
20921,0.8661,High
45538,0.8661,High
29811,0.8661,High
40869,0.866,High
24533,0.866,High
47266,0.866,High
4090,0.866,High
48546,0.866,High
41565,0.8659,High
42368,0.8659,High
6356,0.8659,High
40041,0.8659,High
39747,0.8658,High
46493,0.8658,High
18,0.8658,High
12323,0.8657,High
45568,0.8657,High
16508,0.8657,High
18526,0.8657,High
41804,0.8657,High
25818,0.8656,High
40849,0.8656,High
49835,0.8656,High
10229,0.8656,High
18431,0.8656,High
1982,0.8655,High
32394,0.8655,High
48859,0.8655,High
44154,0.8655,High
37444,0.8655,High
29564,0.8654,High
27419,0.8654,High
12899,0.8654,High
5189,0.8654,High
50566,0.8654,High
28219,0.8654,High
41409,0.8653,High
20151,0.8653,High
34235,0.8653,High
51078,0.8653,High
5904,0.8653,High
43497,0.8653,High
43570,0.8653,High
38949,0.8652,High
18043,0.8652,High
2220,0.8652,High
5818,0.8651,High
35194,0.8651,High
8639,0.8651,High
12767,0.8651,High
36502,0.8651,High
42886,0.8651,High
2191,0.8651,High
26252,0.8651,High
39688,0.8651,High
19360,0.865,High
9437,0.865,High
2383,0.865,High
3019,0.865,High
2810,0.8649,High
47288,0.8649,High
14997,0.8649,High
37209,0.8649,High
1343,0.8649,High
45298,0.8649,High
15331,0.8648,High
15725,0.8648,High
40637,0.8648,High
42042,0.8648,High
14005,0.8648,High
6372,0.8648,High
17089,0.8646,High
10710,0.8646,High
27830,0.8646,High
9197,0.8645,High
39281,0.8645,High
43585,0.8644,High
47738,0.8644,High
51539,0.8644,High
39161,0.8643,High
46574,0.8643,High
1325,0.8642,High
35646,0.8642,High
15639,0.8642,High
17982,0.8642,High
25025,0.8642,High
9372,0.8642,High
26663,0.8642,High
22924,0.8642,High
15672,0.8641,High
20410,0.8641,High
4080,0.8641,High
46682,0.8641,High
49656,0.8641,High
44690,0.8641,High
46994,0.8641,High
27412,0.8641,High
24919,0.864,High
50605,0.864,High
10782,0.864,High
22305,0.8639,High
8559,0.8639,High
37841,0.8638,High
18828,0.8638,High
38216,0.8638,High
51998,0.8638,High
17588,0.8638,High
3422,0.8637,High
4774,0.8637,High
44905,0.8637,High
49558,0.8637,High
31624,0.8637,High
44772,0.8637,High
40875,0.8637,High
26733,0.8637,High
933,0.8636,High
4851,0.8636,High
11323,0.8635,High
12743,0.8635,High
16663,0.8634,High
26552,0.8634,High
39702,0.8634,High
44196,0.8634,High
33675,0.8634,High
9543,0.8634,High
36872,0.8634,High
11592,0.8633,High
38151,0.8633,High
4166,0.8632,High
13359,0.8632,High
48807,0.8632,High
46628,0.8632,High
33654,0.8632,High
35742,0.8632,High
20320,0.8632,High
39361,0.8631,High
15316,0.8631,High
8269,0.8631,High
11580,0.8631,High
27892,0.8631,High
1748,0.8631,High
45013,0.863,High
289,0.863,High
30863,0.863,High
2990,0.863,High
39120,0.8629,High
12353,0.8629,High
8758,0.8629,High
47260,0.8629,High
37895,0.8628,High
17033,0.8628,High
5198,0.8628,High
50402,0.8628,High
30117,0.8628,High
38202,0.8628,High
18189,0.8627,High
46620,0.8627,High
27165,0.8627,High
16469,0.8627,High
46226,0.8626,High
9145,0.8626,High
17328,0.8626,High
13355,0.8626,High
46719,0.8626,High
11002,0.8626,High
27752,0.8625,High
19277,0.8625,High
25550,0.8625,High
10476,0.8625,High
48566,0.8625,High
46607,0.8625,High
32074,0.8625,High
51944,0.8625,High
4832,0.8624,High
14492,0.8624,High
30679,0.8624,High
8374,0.8624,High
41474,0.8623,High
23495,0.8623,High
8246,0.8623,High
2793,0.8623,High
49574,0.8623,High
31927,0.8623,High
39219,0.8623,High
45427,0.8623,High
1315,0.8623,High
25340,0.8622,High
19787,0.8621,High
35024,0.8621,High
21181,0.8621,High
24609,0.8621,High
40434,0.862,High
37655,0.862,High
46864,0.862,High
4965,0.862,High
17585,0.862,High
15707,0.862,High
2938,0.8619,High
42326,0.8619,High
16502,0.8618,High
33932,0.8618,High
41158,0.8618,High
42899,0.8618,High
32896,0.8618,High
24067,0.8618,High
49355,0.8618,High
42674,0.8617,High
42221,0.8617,High
51593,0.8617,High
27961,0.8617,High
14121,0.8617,High
43335,0.8617,High
16386,0.8616,High
35883,0.8616,High
6587,0.8615,High
45249,0.8615,High
51240,0.8615,High
36863,0.8615,High
7590,0.8614,High
45200,0.8614,High
18620,0.8614,High
7284,0.8614,High
31167,0.8613,High
46264,0.8613,High
45186,0.8613,High
30705,0.8613,High
39852,0.8613,High
18356,0.8612,High
37369,0.8612,High
34865,0.8612,High
29276,0.8612,High
15440,0.8611,High
392,0.8611,High
36325,0.8611,High
21160,0.861,High
15563,0.861,High
16149,0.861,High
17721,0.8609,High
51220,0.8609,High
42373,0.8609,High
12379,0.8609,High
49610,0.8608,High
24112,0.8607,High
25593,0.8607,High
32561,0.8606,High
1209,0.8606,High
27909,0.8606,High
50010,0.8606,High
33771,0.8605,High
11406,0.8605,High
4462,0.8605,High
46641,0.8605,High
25644,0.8605,High
41376,0.8605,High
8235,0.8605,High
26185,0.8605,High
39950,0.8605,High
8294,0.8604,High
50837,0.8604,High
29708,0.8603,High
22652,0.8603,High
37024,0.8603,High
8346,0.8603,High
20263,0.8603,High
14312,0.8603,High
29790,0.8603,High
9183,0.8602,High
8455,0.8602,High
38792,0.8602,High
32439,0.8602,High
44867,0.8602,High
47376,0.8602,High
19115,0.8602,High
38573,0.8602,High
14858,0.8601,High
51804,0.8601,High
244,0.86,High
11821,0.86,High
50166,0.86,High
46622,0.8599,High
37222,0.8599,High
44054,0.8599,High
33143,0.8599,High
36517,0.8599,High
26023,0.8599,High
46756,0.8598,High
25936,0.8597,High
9472,0.8597,High
16626,0.8597,High
28722,0.8596,High
6565,0.8596,High
34372,0.8596,High
46217,0.8596,High
23782,0.8596,High
32829,0.8595,High
40346,0.8595,High
7177,0.8595,High
26021,0.8595,High
51218,0.8595,High
27440,0.8595,High
43958,0.8595,High
38412,0.8594,High
27289,0.8594,High
19178,0.8594,High
16622,0.8594,High
43390,0.8594,High
11766,0.8593,High
4263,0.8593,High
1214,0.8593,High
29793,0.8593,High
33711,0.8593,High
38109,0.8592,High
32014,0.8592,High
290,0.8592,High
16195,0.8592,High
46971,0.8591,High
5460,0.8591,High
12974,0.8591,High
14387,0.8591,High
3057,0.8591,High
43711,0.8591,High
35576,0.8591,High
11198,0.8591,High
3134,0.8591,High
17121,0.859,High
19447,0.859,High
50543,0.859,High
15002,0.859,High
45395,0.859,High
30373,0.859,High
11270,0.8589,High
13416,0.8589,High
19361,0.8589,High
19564,0.8589,High
30515,0.8589,High
42888,0.8589,High
43967,0.8589,High
6945,0.8589,High
15350,0.8588,High
40051,0.8588,High
32713,0.8588,High
21367,0.8588,High
51385,0.8588,High
23472,0.8587,High
31826,0.8587,High
45411,0.8587,High
50784,0.8587,High
1390,0.8587,High
39910,0.8586,High
49581,0.8585,High
10703,0.8585,High
38236,0.8584,High
4371,0.8584,High
8584,0.8584,High
47221,0.8584,High
44297,0.8584,High
42195,0.8584,High
384,0.8583,High
24352,0.8583,High
40246,0.8582,High
32478,0.8582,High
24421,0.8582,High
29977,0.8582,High
13489,0.8581,High
21906,0.8581,High
13152,0.8581,High
51552,0.8581,High
19398,0.8581,High
896,0.8579,High
19803,0.8579,High
31772,0.8579,High
29805,0.8579,High
38359,0.8579,High
499,0.8579,High
43052,0.8579,High
33874,0.8578,High
31226,0.8578,High
38156,0.8578,High
34229,0.8578,High
22690,0.8578,High
39873,0.8578,High
37759,0.8578,High
7709,0.8578,High
38732,0.8577,High
977,0.8577,High
32761,0.8577,High
11132,0.8576,High
13687,0.8576,High
35847,0.8576,High
23242,0.8576,High
4428,0.8576,High
51447,0.8575,High
37195,0.8575,High
10670,0.8575,High
9146,0.8575,High
43371,0.8575,High
14069,0.8575,High
7251,0.8575,High
40049,0.8574,High
20089,0.8574,High
32482,0.8574,High
26869,0.8574,High
11921,0.8573,High
43940,0.8573,High
42597,0.8573,High
27643,0.8572,High
20672,0.8572,High
5104,0.8572,High
42903,0.8572,High
20157,0.8572,High
4661,0.8572,High
22933,0.8572,High
21154,0.8572,High
22977,0.8572,High
9425,0.8571,High
25027,0.857,High
3360,0.857,High
29265,0.8569,High
42492,0.8569,High
41478,0.8569,High
12358,0.8568,High
16432,0.8568,High
39853,0.8568,High
40402,0.8568,High
38545,0.8568,High
1964,0.8567,High
12100,0.8567,High
16239,0.8566,High
35585,0.8566,High
27652,0.8566,High
50346,0.8566,High
1516,0.8565,High
13751,0.8565,High
50691,0.8564,High
14664,0.8564,High
41466,0.8564,High
11106,0.8564,High
10501,0.8563,High
40294,0.8563,High
25859,0.8563,High
31644,0.8562,High
28489,0.8562,High
20030,0.8562,High
18308,0.8562,High
44258,0.8561,High
7269,0.8561,High
38239,0.8561,High
40494,0.8561,High
16593,0.8561,High
510,0.8561,High
9556,0.856,High
49713,0.856,High
33411,0.856,High
42783,0.856,High
568,0.856,High
34839,0.856,High
8247,0.8559,High
13497,0.8559,High
23255,0.8559,High
24998,0.8559,High
49391,0.8559,High
47933,0.8559,High
19443,0.8559,High
31308,0.8559,High
6866,0.8558,High
45311,0.8558,High
11457,0.8558,High
35527,0.8557,High
35613,0.8557,High
51261,0.8557,High
44274,0.8557,High
11948,0.8557,High
1870,0.8557,High
34574,0.8557,High
4150,0.8556,High
9340,0.8556,High
15825,0.8556,High
26330,0.8556,High
35409,0.8556,High
15311,0.8556,High
6245,0.8556,High
16624,0.8556,High
27331,0.8555,High
13005,0.8555,High
38670,0.8555,High
39239,0.8555,High
46433,0.8555,High
608,0.8554,High
33709,0.8554,High
46519,0.8554,High
18971,0.8554,High
5780,0.8554,High
42258,0.8553,High
41090,0.8553,High
38978,0.8553,High
47828,0.8553,High
40318,0.8553,High
27037,0.8553,High
10491,0.8553,High
16572,0.8553,High
38484,0.8553,High
2688,0.8552,High
40032,0.8552,High
10255,0.8552,High
12821,0.8552,High
15576,0.8551,High
13225,0.8551,High
37437,0.8551,High
16805,0.8551,High
32251,0.8551,High
40074,0.855,High
41339,0.855,High
23676,0.855,High
11435,0.855,High
42173,0.855,High
9166,0.855,High
23792,0.855,High
41275,0.855,High
21996,0.855,High
25542,0.855,High
44121,0.8548,High
50835,0.8548,High
11190,0.8548,High
20985,0.8547,High
38483,0.8547,High
5403,0.8547,High
21554,0.8546,High
50468,0.8546,High
15952,0.8546,High
32098,0.8546,High
6426,0.8546,High
47007,0.8546,High
34076,0.8545,High
13401,0.8545,High
44831,0.8545,High
33254,0.8545,High
46160,0.8545,High
22665,0.8545,High
10159,0.8544,High
38872,0.8544,High
18745,0.8544,High
50361,0.8544,High
40674,0.8544,High
24508,0.8544,High
45126,0.8544,High
30719,0.8544,High
312,0.8543,High
14726,0.8543,High
5508,0.8543,High
29235,0.8543,High
20837,0.8543,High
18197,0.8542,High
27043,0.8542,High
39462,0.8542,High
49774,0.8542,High
7848,0.8542,High
13712,0.8541,High
6360,0.8541,High
11180,0.8541,High
18097,0.854,High
51509,0.854,High
12506,0.854,High
25020,0.854,High
21566,0.854,High
13051,0.854,High
19945,0.854,High
43011,0.854,High
46920,0.854,High
22544,0.854,High
45150,0.8539,High
30599,0.8539,High
37213,0.8539,High
50684,0.8538,High
38634,0.8538,High
25918,0.8538,High
20787,0.8538,High
10717,0.8538,High
26358,0.8537,High
29273,0.8537,High
23511,0.8537,High
25043,0.8537,High
28484,0.8537,High
37338,0.8536,High
47484,0.8535,High
44128,0.8535,High
3327,0.8535,High
23944,0.8535,High
20652,0.8535,High
7670,0.8535,High
21962,0.8534,High
5311,0.8534,High
8620,0.8534,High
12040,0.8534,High
7048,0.8534,High
44170,0.8533,High
36958,0.8533,High
28431,0.8533,High
42897,0.8533,High
33107,0.8532,High
8714,0.8532,High
41047,0.8532,High
21025,0.8532,High
17770,0.8532,High
29979,0.8531,High
21354,0.8531,High
15426,0.8531,High
38431,0.8531,High
22445,0.8531,High
37475,0.8531,High
7653,0.8531,High
51276,0.853,High
25256,0.853,High
9982,0.853,High
21546,0.853,High
11370,0.853,High
34647,0.8528,High
36284,0.8528,High
2720,0.8528,High
22001,0.8528,High
41555,0.8528,High
43565,0.8527,High
35148,0.8527,High
16746,0.8527,High
3400,0.8527,High
43477,0.8527,High
23649,0.8527,High
17386,0.8526,High
51748,0.8526,High
8179,0.8526,High
31221,0.8526,High
11819,0.8526,High
7044,0.8526,High
27169,0.8526,High
13464,0.8525,High
31157,0.8525,High
29050,0.8525,High
20334,0.8525,High
10772,0.8525,High
7644,0.8525,High
30737,0.8525,High
30884,0.8524,High
15270,0.8524,High
33263,0.8524,High
36708,0.8524,High
2684,0.8523,High
51629,0.8523,High
48042,0.8523,High
2671,0.8523,High
43593,0.8522,High
26595,0.8522,High
38999,0.8522,High
44807,0.8522,High
44218,0.8522,High
18788,0.8522,High
44740,0.8521,High
47786,0.8521,High
17413,0.8521,High
27978,0.8521,High
41579,0.8521,High
27501,0.8521,High
24245,0.852,High
43380,0.852,High
10449,0.852,High
40178,0.852,High
21171,0.852,High
23736,0.852,High
41935,0.8519,High
34900,0.8519,High
43688,0.8519,High
1885,0.8519,High
46918,0.8519,High
4697,0.8518,High
36622,0.8518,High
36736,0.8518,High
50630,0.8518,High
6755,0.8518,High
19686,0.8517,High
10233,0.8517,High
15335,0.8517,High
51197,0.8517,High
31146,0.8517,High
6228,0.8516,High
22832,0.8516,High
43349,0.8516,High
2539,0.8516,High
38888,0.8515,High
14472,0.8515,High
32534,0.8515,High
49481,0.8515,High
16780,0.8515,High
19456,0.8515,High
18031,0.8515,High
9653,0.8514,High
43182,0.8514,High
21874,0.8514,High
23395,0.8514,High
26445,0.8514,High
46746,0.8513,High
29658,0.8513,High
46717,0.8513,High
35214,0.8513,High
22046,0.8513,High
5478,0.8513,High
31341,0.8512,High
754,0.8512,High
20105,0.8512,High
33738,0.8512,High
31524,0.8512,High
752,0.8512,High
28777,0.8512,High
1817,0.8511,High
32313,0.8511,High
21468,0.8511,High
42158,0.8511,High
8381,0.8511,High
9802,0.8511,High
27485,0.8511,High
47316,0.8511,High
45563,0.8511,High
14849,0.851,High
50629,0.851,High
13333,0.851,High
9661,0.851,High
42286,0.851,High
35129,0.8509,High
36755,0.8509,High
7539,0.8509,High
26156,0.8509,High
10434,0.8509,High
45951,0.8509,High
32765,0.8509,High
22864,0.8508,High
2159,0.8508,High
34659,0.8508,High
49260,0.8508,High
14768,0.8508,High
8112,0.8508,High
9066,0.8507,High
45655,0.8507,High
43249,0.8507,High
48669,0.8506,High
15750,0.8506,High
13778,0.8506,High
44264,0.8506,High
22366,0.8506,High
19183,0.8505,High
38570,0.8505,High
26553,0.8505,High
45768,0.8505,High
40509,0.8505,High
22746,0.8505,High
3367,0.8505,High
17759,0.8504,High
26508,0.8504,High
34387,0.8504,High
45192,0.8504,High
1254,0.8504,High
41502,0.8504,High
6226,0.8503,High
27489,0.8503,High
19703,0.8503,High
24974,0.8503,High
15066,0.8503,High
5576,0.8503,High
35134,0.8503,High
20480,0.8502,High
30056,0.8502,High
8798,0.8502,High
24836,0.8502,High
8236,0.8502,High
15410,0.8502,High
8071,0.8502,High
15167,0.8501,High
33008,0.8501,High
28880,0.8501,High
20900,0.8501,High
50151,0.8501,High
8056,0.8501,High
42473,0.8501,High
17814,0.85,High
26793,0.85,High
34452,0.85,High
32005,0.8499,High
19775,0.8499,High
744,0.8498,High
18922,0.8498,High
36998,0.8497,High
25707,0.8497,High
6606,0.8497,High
17388,0.8496,High
40113,0.8496,High
16077,0.8496,High
19782,0.8496,High
30904,0.8496,High
49109,0.8495,High
13437,0.8495,High
40882,0.8495,High
34287,0.8495,High
23949,0.8495,High
33167,0.8495,High
40119,0.8495,High
42924,0.8495,High
47927,0.8494,High
30425,0.8494,High
28077,0.8494,High
44343,0.8494,High
17845,0.8494,High
50706,0.8493,High
14194,0.8493,High
35281,0.8492,High
10927,0.8492,High
40458,0.8492,High
10054,0.8492,High
49627,0.8492,High
43169,0.8492,High
30141,0.8491,High
10920,0.8491,High
67,0.8491,High
41495,0.8491,High
34077,0.8491,High
36425,0.8491,High
40058,0.849,High
18050,0.849,High
43530,0.849,High
13188,0.849,High
8643,0.849,High
32882,0.849,High
47480,0.849,High
584,0.8488,High
30570,0.8488,High
37717,0.8488,High
34131,0.8488,High
46272,0.8488,High
37954,0.8488,High
34637,0.8487,High
34944,0.8487,High
32673,0.8486,High
38532,0.8486,High
51537,0.8486,High
1553,0.8486,High
333,0.8485,High
39592,0.8485,High
27671,0.8485,High
39676,0.8485,High
5665,0.8485,High
36680,0.8485,High
49291,0.8484,High
43840,0.8484,High
36186,0.8484,High
34377,0.8484,High
21459,0.8484,High
42943,0.8484,High
36061,0.8483,High
11327,0.8483,High
42659,0.8482,High
8169,0.8482,High
27957,0.8482,High
2575,0.8482,High
35463,0.8482,High
49648,0.8481,High
9410,0.8481,High
7697,0.8481,High
6460,0.8481,High
51956,0.8481,High
32532,0.8481,High
5821,0.8481,High
783,0.848,High
18549,0.848,High
19434,0.848,High
40836,0.848,High
30189,0.848,High
28418,0.8479,High
37974,0.8479,High
51533,0.8479,High
9945,0.8479,High
51430,0.8479,High
16821,0.8479,High
11321,0.8479,High
51672,0.8479,High
33175,0.8479,High
35313,0.8478,High
30561,0.8478,High
47209,0.8478,High
51805,0.8478,High
49408,0.8478,High
32234,0.8478,High
19953,0.8478,High
43937,0.8477,High
9344,0.8477,High
34004,0.8477,High
23779,0.8477,High
41338,0.8477,High
32183,0.8476,High
19928,0.8476,High
39645,0.8476,High
36560,0.8476,High
20897,0.8476,High
11714,0.8476,High
1252,0.8476,High
24102,0.8476,High
49723,0.8475,High
2742,0.8475,High
35008,0.8475,High
30754,0.8475,High
30752,0.8475,High
38396,0.8475,High
28450,0.8475,High
40474,0.8474,High
12864,0.8473,High
26507,0.8472,High
17954,0.8472,High
42235,0.8472,High
13568,0.8472,High
45229,0.8472,High
22056,0.8472,High
10089,0.8472,High
33383,0.8472,High
19839,0.8471,High
33251,0.8471,High
34657,0.8471,High
35543,0.847,High
19151,0.847,High
6743,0.847,High
28812,0.847,High
12025,0.847,High
2064,0.8469,High
22766,0.8469,High
10005,0.8468,High
1814,0.8468,High
11016,0.8468,High
26037,0.8467,High
14157,0.8467,High
37657,0.8467,High
25764,0.8466,High
5058,0.8466,High
10543,0.8466,High
44683,0.8465,High
27557,0.8465,High
24708,0.8465,High
19269,0.8465,High
42025,0.8465,High
42103,0.8465,High
3204,0.8464,High
40626,0.8464,High
47777,0.8464,High
30434,0.8463,High
39616,0.8463,High
46952,0.8463,High
47908,0.8462,High
14663,0.8462,High
11541,0.8462,High
34903,0.8462,High
300,0.8462,High
27448,0.8462,High
24423,0.8462,High
8640,0.8461,High
21897,0.8461,High
44181,0.8461,High
43591,0.8461,High
18185,0.8461,High
565,0.8461,High
40367,0.846,High
17722,0.846,High
20229,0.846,High
8578,0.846,High
8824,0.846,High
14140,0.846,High
10406,0.846,High
10145,0.8459,High
28554,0.8459,High
13981,0.8459,High
29608,0.8458,High
39177,0.8457,High
15283,0.8457,High
33947,0.8457,High
16038,0.8457,High
16064,0.8456,High
17389,0.8456,High
12635,0.8456,High
36920,0.8456,High
31299,0.8456,High
22499,0.8455,High
24608,0.8455,High
25744,0.8454,High
2074,0.8454,High
29861,0.8454,High
8221,0.8454,High
9866,0.8454,High
19752,0.8453,High
4968,0.8453,High
39183,0.8453,High
1046,0.8453,High
43495,0.8452,High
3229,0.8452,High
35372,0.8452,High
12949,0.8452,High
45582,0.8452,High
48159,0.8452,High
42739,0.8452,High
51741,0.8451,High
2674,0.8451,High
46479,0.8451,High
28954,0.8451,High
20679,0.8451,High
9599,0.8451,High
29161,0.845,High
24405,0.845,High
47237,0.845,High
46335,0.845,High
3670,0.845,High
28189,0.845,High
25068,0.845,High
36914,0.8449,High
37724,0.8449,High
29694,0.8449,High
41747,0.8449,High
14842,0.8449,High
25449,0.8449,High
34322,0.8449,High
24256,0.8449,High
25201,0.8449,High
35208,0.8448,High
18903,0.8448,High
33414,0.8448,High
36648,0.8448,High
10129,0.8447,High
1358,0.8447,High
9792,0.8447,High
16868,0.8446,High
23693,0.8446,High
11636,0.8446,High
49450,0.8446,High
24848,0.8446,High
22352,0.8446,High
33274,0.8445,High
5836,0.8445,High
28455,0.8445,High
35932,0.8445,High
28662,0.8445,High
16839,0.8445,High
18291,0.8445,High
16273,0.8444,High
33041,0.8444,High
23597,0.8444,High
26837,0.8444,High
39443,0.8444,High
23102,0.8444,High
49424,0.8443,High
43257,0.8443,High
8555,0.8443,High
17477,0.8442,High
34316,0.8442,High
40110,0.8442,High
51796,0.8441,High
43469,0.8441,High
9376,0.8441,High
7965,0.8441,High
25478,0.8441,High
10276,0.8441,High
21717,0.844,High
42846,0.844,High
5706,0.844,High
33698,0.844,High
25050,0.844,High
14559,0.8439,High
36265,0.8439,High
42822,0.8439,High
26842,0.8439,High
32929,0.8439,High
30229,0.8439,High
17222,0.8439,High
28536,0.8439,High
38937,0.8439,High
37337,0.8439,High
7334,0.8438,High
29124,0.8438,High
1610,0.8438,High
39147,0.8438,High
4103,0.8438,High
18498,0.8438,High
27452,0.8438,High
39440,0.8437,High
43667,0.8437,High
11674,0.8437,High
34375,0.8436,High
31439,0.8436,High
40575,0.8436,High
32959,0.8436,High
46086,0.8435,High
31779,0.8435,High
34554,0.8435,High
48281,0.8435,High
29414,0.8435,High
18563,0.8435,High
12033,0.8434,High
22623,0.8433,High
10758,0.8433,High
42893,0.8433,High
49515,0.8433,High
45153,0.8432,High
47752,0.8432,High
42106,0.8431,High
44743,0.8431,High
39719,0.8431,High
30114,0.8431,High
28302,0.8431,High
17631,0.8431,High
26728,0.843,High
11942,0.843,High
40149,0.843,High
41250,0.8429,High
36684,0.8429,High
35842,0.8429,High
3505,0.8428,High
1575,0.8428,High
893,0.8428,High
43366,0.8428,High
6632,0.8427,High
16428,0.8427,High
31,0.8427,High
12343,0.8427,High
34210,0.8426,High
5265,0.8426,High
39212,0.8426,High
33776,0.8426,High
37145,0.8426,High
50929,0.8426,High
16331,0.8426,High
40972,0.8425,High
42244,0.8425,High
24199,0.8425,High
10422,0.8425,High
30005,0.8425,High
33238,0.8424,High
11657,0.8424,High
32070,0.8424,High
35713,0.8424,High
24605,0.8424,High
34108,0.8424,High
5600,0.8424,High
6750,0.8423,High
45060,0.8423,High
50712,0.8423,High
39842,0.8423,High
8231,0.8422,High
38040,0.8422,High
42685,0.8422,High
47584,0.8422,High
42163,0.8422,High
50932,0.8421,High
35181,0.8421,High
41815,0.8421,High
46325,0.8421,High
13138,0.842,High
18725,0.842,High
11810,0.8419,High
27972,0.8419,High
40145,0.8418,High
36642,0.8418,High
26797,0.8417,High
11064,0.8417,High
24571,0.8417,High
39919,0.8417,High
20495,0.8417,High
5145,0.8417,High
5826,0.8416,High
3686,0.8416,High
12785,0.8416,High
40496,0.8416,High
26312,0.8416,High
2975,0.8415,High
35126,0.8415,High
35140,0.8415,High
36713,0.8415,High
33796,0.8415,High
24079,0.8415,High
33934,0.8415,High
8074,0.8415,High
40094,0.8415,High
26403,0.8414,High
19163,0.8414,High
25535,0.8414,High
39605,0.8414,High
40105,0.8414,High
38706,0.8413,High
26538,0.8412,High
49435,0.8412,High
5430,0.8412,High
17148,0.8412,High
2977,0.8411,High
25438,0.8411,High
14076,0.8411,High
37811,0.8411,High
40884,0.8411,High
3260,0.841,High
50964,0.841,High
45416,0.841,High
18227,0.841,High
23399,0.841,High
25739,0.8409,High
18145,0.8409,High
41191,0.8409,High
9899,0.8409,High
13072,0.8408,High
49108,0.8408,High
20716,0.8408,High
29501,0.8408,High
39944,0.8408,High
11685,0.8408,High
44720,0.8408,High
37458,0.8407,High
22747,0.8407,High
43252,0.8407,High
9403,0.8407,High
39111,0.8407,High
36981,0.8407,High
211,0.8406,High
28653,0.8406,High
707,0.8406,High
50287,0.8405,High
16254,0.8405,High
27172,0.8405,High
45316,0.8404,High
7255,0.8404,High
7171,0.8404,High
659,0.8403,High
13002,0.8403,High
39142,0.8403,High
37448,0.8403,High
43459,0.8403,High
17382,0.8403,High
24175,0.8402,High
48395,0.8402,High
40764,0.8401,High
15583,0.8401,High
46065,0.8401,High
27242,0.8401,High
48419,0.8401,High
7460,0.84,High
24767,0.84,High
8192,0.84,High
10687,0.84,High
42349,0.8399,High
27618,0.8399,High
47609,0.8399,High
13622,0.8398,High
23359,0.8398,High
31714,0.8398,High
40404,0.8398,High
16270,0.8398,High
18371,0.8397,High
23738,0.8397,High
6139,0.8397,High
50391,0.8396,High
20484,0.8396,High
39956,0.8396,High
7184,0.8396,High
3894,0.8396,High
26165,0.8396,High
15390,0.8396,High
2545,0.8395,High
27294,0.8395,High
10396,0.8394,High
45893,0.8394,High
7886,0.8394,High
38931,0.8394,High
49105,0.8393,High
18853,0.8393,High
38742,0.8393,High
42277,0.8393,High
13975,0.8393,High
2363,0.8393,High
15450,0.8392,High
48510,0.8392,High
20779,0.8391,High
895,0.8391,High
34934,0.8391,High
44368,0.839,High
32320,0.839,High
2086,0.839,High
1941,0.839,High
51055,0.839,High
23850,0.839,High
17384,0.8389,High
2366,0.8389,High
1977,0.8389,High
28822,0.8389,High
3910,0.8388,High
13313,0.8388,High
14658,0.8388,High
43124,0.8388,High
663,0.8387,High
790,0.8387,High
5922,0.8387,High
33684,0.8387,High
32535,0.8387,High
20025,0.8386,High
21243,0.8385,High
29542,0.8385,High
5949,0.8385,High
24930,0.8385,High
11167,0.8385,High
29746,0.8385,High
33449,0.8385,High
23143,0.8385,High
49612,0.8384,High
7477,0.8384,High
27919,0.8384,High
21310,0.8384,High
35737,0.8384,High
4723,0.8384,High
14712,0.8384,High
23034,0.8383,High
47753,0.8383,High
32018,0.8382,High
6454,0.8382,High
14543,0.8382,High
24006,0.8382,High
1787,0.8382,High
40800,0.8382,High
13587,0.8382,High
27443,0.8381,High
4705,0.8381,High
4424,0.8381,High
48796,0.8381,High
14080,0.8381,High
3584,0.838,High
25626,0.838,High
29643,0.838,High
27964,0.838,High
9874,0.8379,High
26228,0.8379,High
34005,0.8379,High
31348,0.8379,High
38317,0.8378,High
36614,0.8378,High
15929,0.8378,High
30501,0.8378,High
47151,0.8378,High
36075,0.8378,High
49588,0.8378,High
10943,0.8378,High
23623,0.8378,High
46528,0.8377,High
29330,0.8377,High
31757,0.8377,High
49376,0.8376,High
23018,0.8376,High
51880,0.8376,High
20544,0.8376,High
19346,0.8375,High
18941,0.8375,High
24895,0.8375,High
7319,0.8374,High
3055,0.8374,High
40097,0.8374,High
10077,0.8374,High
38048,0.8373,High
7854,0.8373,High
10845,0.8373,High
22887,0.8373,High
20639,0.8373,High
40960,0.8373,High
6404,0.8372,High
18346,0.8372,High
44202,0.8371,High
36072,0.8371,High
25128,0.8371,High
19802,0.8371,High
23287,0.8371,High
50519,0.837,High
3490,0.837,High
7280,0.837,High
37602,0.837,High
33784,0.837,High
17835,0.837,High
15391,0.8369,High
23992,0.8369,High
10282,0.8369,High
34128,0.8369,High
16035,0.8368,High
19992,0.8368,High
48288,0.8368,High
39412,0.8368,High
24015,0.8368,High
18924,0.8368,High
11535,0.8367,High
14980,0.8366,High
40740,0.8366,High
36881,0.8366,High
46812,0.8366,High
47827,0.8366,High
51101,0.8366,High
42863,0.8365,High
31108,0.8364,High
8549,0.8364,High
32090,0.8364,High
21972,0.8364,High
28172,0.8364,High
45817,0.8364,High
42149,0.8364,High
1084,0.8364,High
32659,0.8363,High
1634,0.8363,High
16649,0.8363,High
51224,0.8363,High
30552,0.8363,High
42333,0.8363,High
13628,0.8362,High
30544,0.8362,High
49962,0.8362,High
5598,0.8362,High
41773,0.8362,High
19288,0.8362,High
37460,0.8361,High
40478,0.8361,High
22286,0.8361,High
34276,0.836,High
22973,0.836,High
37540,0.836,High
45213,0.8359,High
43930,0.8359,High
14652,0.8359,High
51176,0.8358,High
34166,0.8358,High
13282,0.8358,High
14180,0.8357,High
4651,0.8356,High
10572,0.8356,High
48379,0.8355,High
4369,0.8355,High
42456,0.8355,High
26318,0.8355,High
9164,0.8354,High
49991,0.8354,High
43441,0.8354,High
44881,0.8354,High
25010,0.8354,High
5587,0.8354,High
42540,0.8354,High
44691,0.8354,High
839,0.8353,High
38568,0.8353,High
37920,0.8353,High
37071,0.8353,High
50060,0.8353,High
49617,0.8353,High
28925,0.8353,High
28482,0.8352,High
273,0.8352,High
23055,0.8352,High
29331,0.8352,High
19666,0.8352,High
30930,0.8352,High
40955,0.8352,High
14971,0.8352,High
10264,0.8352,High
10851,0.8351,High
38356,0.8351,High
1055,0.8351,High
38126,0.8351,High
36152,0.8351,High
35854,0.835,High
39178,0.835,High
24218,0.835,High
7245,0.835,High
5623,0.8349,High
49710,0.8349,High
31309,0.8349,High
32273,0.8349,High
606,0.8348,High
9832,0.8348,High
6609,0.8348,High
13234,0.8348,High
45553,0.8348,High
50456,0.8347,High
41177,0.8347,High
20963,0.8346,High
6087,0.8346,High
29706,0.8346,High
30486,0.8345,High
42646,0.8345,High
19728,0.8345,High
11275,0.8345,High
929,0.8345,High
8553,0.8344,High
50692,0.8344,High
37924,0.8343,High
47248,0.8343,High
10680,0.8343,High
1797,0.8342,High
3536,0.8342,High
31768,0.8342,High
30338,0.8342,High
20455,0.8342,High
12700,0.8342,High
32652,0.8342,High
42549,0.8342,High
48549,0.834,High
19733,0.834,High
25039,0.8339,High
34622,0.8338,High
31830,0.8338,High
41040,0.8338,High
4502,0.8338,High
4753,0.8338,High
42234,0.8338,High
6234,0.8337,High
31474,0.8337,High
6471,0.8337,High
5639,0.8336,High
20914,0.8336,High
17989,0.8336,High
22394,0.8335,High
44981,0.8334,High
20947,0.8334,High
8432,0.8333,High
23053,0.8333,High
51422,0.8333,High
22674,0.8333,High
2970,0.8333,High
22995,0.8333,High
45471,0.8332,High
21276,0.8332,High
7335,0.8331,High
34275,0.8331,High
2734,0.833,High
40853,0.833,High
10267,0.833,High
46464,0.8329,High
37148,0.8329,High
3426,0.8329,High
775,0.8329,High
36917,0.8329,High
47349,0.8329,High
49213,0.8329,High
45840,0.8328,High
4750,0.8328,High
7142,0.8328,High
51515,0.8328,High
27931,0.8328,High
47017,0.8327,High
45835,0.8327,High
41034,0.8327,High
25607,0.8327,High
16471,0.8327,High
14168,0.8326,High
34879,0.8326,High
37739,0.8325,High
51847,0.8325,High
6395,0.8325,High
25823,0.8325,High
51744,0.8325,High
43176,0.8325,High
26316,0.8325,High
47835,0.8325,High
50793,0.8325,High
24349,0.8324,High
26504,0.8324,High
28902,0.8323,High
6525,0.8323,High
51563,0.8323,High
19763,0.8323,High
9395,0.8323,High
10908,0.8322,High
46028,0.8321,High
656,0.8321,High
37702,0.8321,High
21492,0.8321,High
51985,0.832,High
42558,0.832,High
13553,0.832,High
2476,0.832,High
21401,0.832,High
40801,0.832,High
32531,0.8319,High
21518,0.8318,High
23450,0.8318,High
13196,0.8318,High
17780,0.8318,High
9006,0.8318,High
6354,0.8317,High
35535,0.8317,High
36780,0.8317,High
14561,0.8317,High
4609,0.8317,High
8470,0.8317,High
21882,0.8317,High
49589,0.8316,High
6244,0.8316,High
47961,0.8315,High
32393,0.8315,High
47289,0.8315,High
48587,0.8315,High
44567,0.8315,High
17462,0.8314,High
12059,0.8314,High
10256,0.8314,High
46389,0.8314,High
1848,0.8314,High
14174,0.8314,High
18393,0.8314,High
16592,0.8313,High
30360,0.8313,High
3105,0.8313,High
7257,0.8313,High
13016,0.8313,High
27341,0.8313,High
47826,0.8312,High
14172,0.8312,High
28960,0.8312,High
47128,0.8312,High
15624,0.8312,High
48917,0.8312,High
20805,0.8311,High
15965,0.8311,High
24487,0.831,High
15686,0.831,High
21087,0.831,High
31270,0.831,High
44184,0.8309,High
29247,0.8309,High
46174,0.8309,High
32672,0.8309,High
28618,0.8309,High
262,0.8309,High
51382,0.8309,High
40796,0.8309,High
5178,0.8308,High
3309,0.8308,High
530,0.8308,High
37400,0.8308,High
15644,0.8308,High
34473,0.8307,High
21041,0.8307,High
49490,0.8307,High
47450,0.8307,High
31046,0.8307,High
41373,0.8307,High
50275,0.8306,High
25770,0.8305,High
27107,0.8305,High
33321,0.8305,High
17803,0.8305,High
15748,0.8305,High
24761,0.8305,High
19736,0.8304,High
25888,0.8304,High
24170,0.8304,High
32632,0.8304,High
35534,0.8304,High
24035,0.8304,High
32962,0.8304,High
25778,0.8303,High
45940,0.8303,High
51843,0.8303,High
17078,0.8303,High
47812,0.8303,High
42182,0.8302,High
41966,0.8302,High
34208,0.8302,High
7061,0.8302,High
615,0.8301,High
48043,0.8301,High
41317,0.8301,High
22421,0.8301,High
39620,0.83,High
45198,0.83,High
13504,0.83,High
41176,0.8299,High
47744,0.8299,High
9795,0.8299,High
28837,0.8299,High
5324,0.8298,High
19739,0.8298,High
28948,0.8298,High
37096,0.8298,High
42583,0.8298,High
9182,0.8297,High
12522,0.8297,High
43112,0.8297,High
10181,0.8297,High
20101,0.8296,High
14753,0.8296,High
35617,0.8296,High
34700,0.8296,High
4620,0.8296,High
16670,0.8295,High
17453,0.8295,High
31943,0.8295,High
9117,0.8295,High
7877,0.8295,High
9167,0.8295,High
38499,0.8294,High
3215,0.8294,High
48008,0.8294,High
38651,0.8294,High
5019,0.8293,High
42709,0.8293,High
28200,0.8293,High
20880,0.8293,High
15667,0.8292,High
35988,0.8292,High
51633,0.8291,High
19785,0.8291,High
50132,0.8291,High
12786,0.8291,High
1293,0.829,High
46310,0.829,High
34467,0.829,High
42966,0.8289,High
43138,0.8289,High
24323,0.8289,High
51174,0.8288,High
1493,0.8288,High
14486,0.8287,High
40086,0.8287,High
26662,0.8287,High
44648,0.8286,High
26292,0.8286,High
18196,0.8286,High
46839,0.8286,High
33226,0.8286,High
11391,0.8285,High
48714,0.8285,High
21129,0.8285,High
861,0.8285,High
18808,0.8284,High
17439,0.8284,High
38460,0.8284,High
20962,0.8284,High
20342,0.8284,High
28939,0.8283,High
9907,0.8283,High
39715,0.8282,High
50883,0.8282,High
32653,0.8282,High
5863,0.8282,High
36789,0.8282,High
6357,0.8281,High
39785,0.8281,High
29186,0.8281,High
16320,0.8281,High
11516,0.828,High
6004,0.828,High
19263,0.828,High
38066,0.828,High
7371,0.828,High
28507,0.8279,High
3197,0.8278,High
37890,0.8278,High
14155,0.8278,High
2566,0.8277,High
31381,0.8277,High
50722,0.8277,High
45114,0.8277,High
47105,0.8277,High
12778,0.8276,High
2587,0.8276,High
23269,0.8275,High
1369,0.8275,High
10797,0.8275,High
36315,0.8275,High
11771,0.8275,High
13563,0.8275,High
50730,0.8275,High
18398,0.8274,High
43319,0.8274,High
48755,0.8273,High
24069,0.8273,High
46251,0.8273,High
28044,0.8273,High
49831,0.8273,High
34230,0.8272,High
43466,0.8272,High
24463,0.8272,High
51749,0.8272,High
26282,0.8271,High
1908,0.8271,High
28135,0.8271,High
47793,0.8271,High
18819,0.8271,High
888,0.8271,High
8799,0.8271,High
26233,0.8271,High
44106,0.8271,High
482,0.827,High
3690,0.827,High
26533,0.827,High
12813,0.827,High
8121,0.827,High
36772,0.827,High
35357,0.827,High
12695,0.8269,High
50206,0.8269,High
18562,0.8269,High
19029,0.8269,High
25009,0.8268,High
27000,0.8268,High
1515,0.8267,High
50155,0.8267,High
20065,0.8267,High
31750,0.8267,High
15073,0.8267,High
24128,0.8266,High
17664,0.8266,High
30849,0.8266,High
48140,0.8266,High
50271,0.8266,High
1210,0.8265,High
44063,0.8265,High
12517,0.8264,High
9149,0.8264,High
44478,0.8264,High
30406,0.8264,High
37364,0.8263,High
18965,0.8263,High
23019,0.8263,High
36053,0.8263,High
37292,0.8263,High
12070,0.8263,High
24715,0.8262,High
47479,0.8262,High
3728,0.8262,High
40598,0.8262,High
43666,0.8262,High
18236,0.8262,High
20359,0.8261,High
5500,0.8261,High
28347,0.8261,High
32622,0.826,High
46942,0.826,High
27759,0.826,High
16711,0.8259,High
48552,0.8259,High
14953,0.8259,High
4787,0.8259,High
15133,0.8259,High
11584,0.8259,High
28096,0.8259,High
30811,0.8259,High
34315,0.8258,High
18717,0.8258,High
1565,0.8258,High
28650,0.8257,High
1804,0.8257,High
39687,0.8256,High
21211,0.8256,High
23996,0.8256,High
41095,0.8256,High
44949,0.8256,High
38693,0.8255,High
51069,0.8255,High
20063,0.8255,High
48793,0.8255,High
51393,0.8255,High
48207,0.8255,High
34072,0.8255,High
7110,0.8254,High
47097,0.8254,High
41654,0.8254,High
4517,0.8254,High
23746,0.8254,High
46559,0.8253,High
33099,0.8253,High
3452,0.8252,High
9428,0.8252,High
7085,0.8252,High
21352,0.8252,High
34345,0.8252,High
6169,0.8252,High
1026,0.8252,High
28286,0.8252,High
20447,0.8251,High
3884,0.8251,High
5955,0.8251,High
30132,0.8251,High
3142,0.825,High
29600,0.8249,High
44885,0.8249,High
89,0.8249,High
49861,0.8249,High
37952,0.8248,High
13926,0.8248,High
50130,0.8248,High
50085,0.8248,High
49305,0.8247,High
49543,0.8247,High
30137,0.8246,High
51295,0.8246,High
26907,0.8246,High
36146,0.8246,High
24792,0.8246,High
5165,0.8246,High
50553,0.8246,High
48235,0.8246,High
2026,0.8246,High
23174,0.8246,High
43602,0.8245,High
9578,0.8245,High
7600,0.8245,High
10630,0.8245,High
20338,0.8245,High
20467,0.8244,High
40522,0.8244,High
38777,0.8244,High
32359,0.8244,High
10467,0.8244,High
20010,0.8244,High
47807,0.8243,High
45631,0.8243,High
37818,0.8243,High
31028,0.8243,High
13133,0.8242,High
7128,0.8242,High
18608,0.8242,High
48368,0.8242,High
38710,0.8242,High
36959,0.8241,High
37776,0.8241,High
48209,0.824,High
31076,0.824,High
47244,0.8239,High
8477,0.8239,High
18606,0.8239,High
45041,0.8238,High
8474,0.8238,High
14251,0.8237,High
12677,0.8236,High
679,0.8235,High
16550,0.8235,High
31572,0.8235,High
4905,0.8235,High
39407,0.8234,High
23194,0.8234,High
46683,0.8233,High
17099,0.8233,High
16467,0.8233,High
45005,0.8233,High
37473,0.8232,High
51340,0.8232,High
641,0.8232,High
40171,0.8231,High
25537,0.8231,High
49138,0.8231,High
13253,0.8231,High
50554,0.823,High
15466,0.823,High
7525,0.8229,High
9783,0.8229,High
42046,0.8229,High
46636,0.8229,High
10271,0.8228,High
31647,0.8228,High
32885,0.8228,High
4778,0.8228,High
35330,0.8228,High
7748,0.8227,High
11130,0.8227,High
45113,0.8227,High
15647,0.8227,High
18231,0.8227,High
50968,0.8226,High
5935,0.8226,High
44915,0.8226,High
31218,0.8226,High
10868,0.8225,High
24695,0.8224,High
4910,0.8224,High
49462,0.8224,High
49780,0.8223,High
43147,0.8223,High
7558,0.8223,High
26942,0.8223,High
43398,0.8223,High
30059,0.8222,High
22340,0.8222,High
22064,0.8222,High
16033,0.8221,High
46816,0.8221,High
41710,0.8221,High
50518,0.822,High
25545,0.822,High
18029,0.822,High
24446,0.8219,High
8330,0.8219,High
10659,0.8219,High
19760,0.8218,High
18126,0.8218,High
7301,0.8218,High
41492,0.8218,High
39959,0.8218,High
29234,0.8218,High
11005,0.8217,High
8562,0.8217,High
29574,0.8216,High
29942,0.8215,High
13129,0.8215,High
6391,0.8215,High
32157,0.8215,High
14110,0.8214,High
26279,0.8214,High
32969,0.8213,High
25420,0.8212,High
43780,0.8212,High
18791,0.8212,High
50720,0.8212,High
247,0.8212,High
14707,0.8212,High
18663,0.8212,High
17655,0.8211,High
40506,0.8211,High
34504,0.821,High
1012,0.821,High
22793,0.8209,High
34351,0.8209,High
38334,0.8208,High
44219,0.8208,High
31099,0.8208,High
7603,0.8207,High
11311,0.8207,High
19378,0.8207,High
33924,0.8206,High
23379,0.8206,High
8658,0.8206,High
11817,0.8205,High
882,0.8205,High
37937,0.8204,High
29579,0.8204,High
34423,0.8204,High
1743,0.8204,High
18166,0.8203,High
16742,0.8203,High
31625,0.8203,High
47174,0.8203,High
50038,0.8203,High
38788,0.8202,High
32863,0.8201,High
28544,0.8201,High
29094,0.8201,High
11254,0.8201,High
29476,0.8201,High
43690,0.82,High
40718,0.8199,High
44828,0.8199,High
46403,0.8199,High
7157,0.8199,High
21009,0.8199,High
26574,0.8198,High
34704,0.8198,High
21227,0.8197,High
47521,0.8197,High
21475,0.8197,High
3322,0.8197,High
30618,0.8197,High
15027,0.8196,High
2227,0.8196,High
43708,0.8195,High
23625,0.8195,High
48325,0.8194,High
22846,0.8194,High
47117,0.8194,High
15922,0.8193,High
30829,0.8193,High
43529,0.8193,High
3698,0.8193,High
5630,0.8193,High
40541,0.8192,High
22564,0.8192,High
40361,0.8191,High
30648,0.819,High
2409,0.8189,High
51446,0.8189,High
22487,0.8188,High
42305,0.8188,High
26094,0.8188,High
3553,0.8188,High
16570,0.8188,High
40088,0.8188,High
9731,0.8188,High
8022,0.8187,High
44953,0.8187,High
45857,0.8186,High
47259,0.8186,High
12939,0.8186,High
6385,0.8186,High
6818,0.8185,High
629,0.8184,High
22214,0.8184,High
26350,0.8184,High
4029,0.8184,High
17493,0.8184,High
48632,0.8184,High
29556,0.8184,High
1824,0.8184,High
48515,0.8183,High
18054,0.8183,High
44443,0.8183,High
48785,0.8183,High
11530,0.8182,High
24988,0.8182,High
10519,0.8182,High
22989,0.8181,High
3391,0.8181,High
42239,0.8181,High
4747,0.8181,High
2254,0.8181,High
3720,0.8181,High
24415,0.818,High
31794,0.818,High
32450,0.818,High
16377,0.8179,High
34242,0.8179,High
44108,0.8179,High
51301,0.8179,High
36000,0.8178,High
6371,0.8178,High
25638,0.8178,High
30745,0.8178,High
48866,0.8178,High
17213,0.8178,High
35725,0.8177,High
22296,0.8177,High
7674,0.8177,High
2868,0.8177,High
24664,0.8177,High
6836,0.8177,High
35076,0.8177,High
37097,0.8176,High
45166,0.8176,High
6873,0.8176,High
1136,0.8175,High
38154,0.8175,High
10879,0.8175,High
15378,0.8174,High
21761,0.8174,High
2340,0.8174,High
18408,0.8174,High
11542,0.8174,High
12304,0.8174,High
20665,0.8173,High
23498,0.8173,High
2971,0.8173,High
26105,0.8173,High
31848,0.8172,High
3028,0.8172,High
45850,0.8172,High
46706,0.8171,High
22705,0.8171,High
10452,0.8171,High
48384,0.8171,High
34472,0.8171,High
16407,0.8171,High
18750,0.8171,High
42870,0.8171,High
29554,0.817,High
20468,0.817,High
42531,0.8169,High
41382,0.8168,High
34152,0.8168,High
41111,0.8167,High
50549,0.8167,High
14432,0.8167,High
43721,0.8166,High
6635,0.8166,High
871,0.8166,High
44725,0.8165,High
26575,0.8165,High
30305,0.8164,High
1163,0.8164,High
23239,0.8164,High
19691,0.8164,High
10622,0.8164,High
24581,0.8163,High
30634,0.8163,High
7496,0.8163,High
9446,0.8163,High
6663,0.8163,High
33105,0.8162,High
18597,0.8162,High
21220,0.8162,High
2353,0.8161,High
20768,0.8161,High
23175,0.8161,High
36932,0.8161,High
38834,0.8161,High
28148,0.816,High
27838,0.816,High
16528,0.816,High
28565,0.816,High
3760,0.8159,High
50983,0.8159,High
41063,0.8158,High
26855,0.8158,High
51665,0.8158,High
24771,0.8158,High
41757,0.8158,High
7099,0.8158,High
12750,0.8157,High
29867,0.8157,High
27336,0.8156,High
24422,0.8155,High
30329,0.8155,High
40552,0.8155,High
4072,0.8155,High
30489,0.8155,High
9831,0.8155,High
11874,0.8154,High
43798,0.8154,High
30649,0.8154,High
9129,0.8154,High
20148,0.8154,High
21883,0.8153,High
39403,0.8153,High
14943,0.8153,High
39182,0.8152,High
9436,0.8152,High
43730,0.8152,High
14055,0.8152,High
11998,0.8152,High
30418,0.8151,High
28330,0.8151,High
38857,0.8151,High
41660,0.8151,High
3098,0.8151,High
16457,0.815,High
42168,0.8149,High
42460,0.8149,High
49753,0.8149,High
25051,0.8148,High
34556,0.8148,High
17391,0.8148,High
13767,0.8148,High
22574,0.8148,High
43155,0.8147,High
24085,0.8147,High
10574,0.8147,High
10207,0.8147,High
26145,0.8147,High
15844,0.8147,High
4962,0.8146,High
7356,0.8146,High
15871,0.8145,High
46575,0.8145,High
20180,0.8145,High
32689,0.8145,High
25490,0.8144,High
34428,0.8144,High
29411,0.8144,High
40929,0.8144,High
37658,0.8143,High
29354,0.8143,High
51134,0.8142,High
32980,0.8142,High
37117,0.8142,High
26597,0.8142,High
44493,0.8142,High
37934,0.8141,High
37539,0.8141,High
28194,0.8141,High
23843,0.8141,High
16044,0.814,High
8633,0.814,High
49430,0.814,High
26263,0.814,High
49521,0.8139,High
1784,0.8139,High
3958,0.8138,High
35161,0.8138,High
13895,0.8138,High
22922,0.8137,High
7001,0.8137,High
26411,0.8137,High
43291,0.8137,High
18935,0.8137,High
29776,0.8137,High
47613,0.8136,High
48099,0.8136,High
41200,0.8135,High
46891,0.8135,High
29668,0.8135,High
20656,0.8134,High
4225,0.8134,High
16301,0.8134,High
21634,0.8134,High
43369,0.8133,High
2379,0.8133,High
43734,0.8132,High
19633,0.8132,High
20741,0.8132,High
48610,0.8132,High
25826,0.8132,High
44085,0.8131,High
39497,0.8131,High
9442,0.8131,High
30199,0.8131,High
5760,0.813,High
30812,0.813,High
23148,0.813,High
36483,0.813,High
41607,0.8129,High
24716,0.8129,High
9943,0.8129,High
2280,0.8129,High
1281,0.8129,High
13081,0.8128,High
50224,0.8128,High
28944,0.8128,High
45907,0.8128,High
20373,0.8127,High
19147,0.8127,High
51623,0.8127,High
32062,0.8126,High
45685,0.8126,High
10304,0.8126,High
11752,0.8126,High
4897,0.8126,High
5619,0.8126,High
13996,0.8125,High
14396,0.8125,High
34661,0.8125,High
5011,0.8125,High
30157,0.8125,High
3085,0.8125,High
1476,0.8124,High
6242,0.8124,High
37793,0.8124,High
7457,0.8124,High
24193,0.8124,High
50167,0.8123,High
36372,0.8123,High
11078,0.8123,High
41367,0.8123,High
19477,0.8123,High
48,0.8122,High
22194,0.8122,High
2944,0.8122,High
15588,0.8122,High
50913,0.8122,High
16770,0.8122,High
39020,0.8122,High
7856,0.8122,High
22618,0.8121,High
51905,0.8121,High
17450,0.8121,High
17596,0.812,High
45931,0.812,High
25590,0.812,High
18844,0.8119,High
6799,0.8119,High
21741,0.8118,High
40323,0.8118,High
11997,0.8118,High
48250,0.8117,High
18586,0.8117,High
17364,0.8116,High
17710,0.8116,High
11208,0.8116,High
14287,0.8115,High
22360,0.8115,High
27578,0.8115,High
2768,0.8115,High
13982,0.8114,High
44749,0.8114,High
37435,0.8114,High
13299,0.8114,High
27011,0.8114,High
10242,0.8113,High
47082,0.8113,High
11261,0.8112,High
1020,0.8112,High
36035,0.8112,High
32056,0.8112,High
47714,0.8112,High
13097,0.8112,High
22953,0.8111,High
37353,0.8111,High
50881,0.8111,High
28031,0.8111,High
40952,0.811,High
3262,0.8109,High
8530,0.8109,High
42077,0.8109,High
6668,0.8109,High
1812,0.8109,High
3969,0.8108,High
24120,0.8108,High
14415,0.8108,High
21648,0.8108,High
19193,0.8107,High
9097,0.8107,High
28649,0.8107,High
29380,0.8106,High
20859,0.8106,High
38224,0.8106,High
10775,0.8106,High
25614,0.8106,High
12599,0.8106,High
45048,0.8105,High
19488,0.8105,High
31228,0.8105,High
1531,0.8104,High
39,0.8104,High
40938,0.8103,High
34670,0.8103,High
14820,0.8103,High
38188,0.8102,High
42099,0.8102,High
24032,0.8102,High
39003,0.8102,High
44488,0.8102,High
50768,0.8101,High
26580,0.8101,High
6689,0.8101,High
51171,0.8101,High
36097,0.81,High
17012,0.81,High
46283,0.81,High
23375,0.81,High
2369,0.81,High
43428,0.8099,High
38059,0.8099,High
20448,0.8099,High
30665,0.8099,High
33230,0.8098,High
14078,0.8098,High
12901,0.8098,High
33780,0.8098,High
34193,0.8098,High
2675,0.8097,High
1919,0.8097,High
5416,0.8097,High
3384,0.8097,High
31338,0.8097,High
37346,0.8096,High
32801,0.8096,High
23728,0.8095,High
34119,0.8095,High
51638,0.8094,High
42962,0.8093,High
21356,0.8093,High
32883,0.8093,High
8145,0.8093,High
12056,0.8093,High
34787,0.8093,High
12624,0.8093,High
8570,0.8092,High
7930,0.8092,High
15189,0.8092,High
7404,0.8092,High
13599,0.8091,High
48640,0.8091,High
10203,0.8091,High
5507,0.809,High
22110,0.809,High
41575,0.8089,High
14345,0.8089,High
38087,0.8089,High
40655,0.8088,High
3610,0.8088,High
32711,0.8088,High
16167,0.8088,High
1761,0.8087,High
26631,0.8087,High
1969,0.8087,High
13372,0.8087,High
43733,0.8087,High
7999,0.8087,High
34246,0.8086,High
34198,0.8086,High
36288,0.8086,High
8588,0.8086,High
2186,0.8086,High
28,0.8086,High
4022,0.8085,High
42478,0.8085,High
21881,0.8085,High
9364,0.8085,High
35015,0.8085,High
29446,0.8085,High
7436,0.8085,High
28454,0.8085,High
31560,0.8084,High
10431,0.8084,High
16518,0.8084,High
21950,0.8084,High
258,0.8083,High
49313,0.8083,High
26225,0.8083,High
48825,0.8083,High
35125,0.8083,High
43693,0.8082,High
10313,0.8082,High
38530,0.8082,High
42840,0.8082,High
44362,0.8082,High
11008,0.8082,High
36815,0.8081,High
28207,0.8081,High
16708,0.8081,High
9924,0.8081,High
44899,0.8079,High
46563,0.8079,High
11852,0.8079,High
9338,0.8077,High
31300,0.8077,High
24329,0.8077,High
43038,0.8076,High
8907,0.8076,High
12473,0.8076,High
30349,0.8075,High
44414,0.8075,High
43605,0.8074,High
15826,0.8074,High
49803,0.8074,High
8098,0.8074,High
51267,0.8074,High
50517,0.8073,High
27947,0.8073,High
32693,0.8073,High
20636,0.8073,High
42830,0.8072,High
38271,0.8072,High
23771,0.8072,High
6775,0.8071,High
46779,0.8071,High
26181,0.8071,High
14974,0.8071,High
25265,0.8071,High
22630,0.8071,High
37245,0.8071,High
32956,0.8071,High
51558,0.8071,High
45519,0.807,High
12903,0.807,High
23286,0.8068,High
50594,0.8068,High
17067,0.8068,High
7839,0.8068,High
16232,0.8067,High
31712,0.8067,High
26238,0.8067,High
51268,0.8067,High
21969,0.8067,High
35111,0.8066,High
4908,0.8066,High
12533,0.8066,High
42067,0.8066,High
19270,0.8066,High
26585,0.8066,High
14220,0.8065,High
36975,0.8065,High
11804,0.8065,High
6537,0.8065,High
51873,0.8065,High
10454,0.8064,High
50861,0.8064,High
12116,0.8064,High
44983,0.8064,High
27449,0.8064,High
45480,0.8064,High
6912,0.8064,High
51887,0.8064,High
5022,0.8064,High
22992,0.8063,High
44804,0.8063,High
32283,0.8063,High
10830,0.8063,High
26082,0.8063,High
7547,0.8062,High
8297,0.8062,High
24652,0.8062,High
12075,0.8061,High
17281,0.806,High
42577,0.806,High
47859,0.806,High
48570,0.806,High
34266,0.806,High
45783,0.8059,High
31131,0.8059,High
43251,0.8059,High
22693,0.8058,High
19389,0.8058,High
16789,0.8058,High
8150,0.8058,High
46638,0.8058,High
16563,0.8058,High
2741,0.8058,High
35205,0.8057,High
24299,0.8057,High
37643,0.8057,High
35524,0.8057,High
4845,0.8057,High
45818,0.8057,High
49859,0.8056,High
49496,0.8056,High
43955,0.8056,High
7805,0.8056,High
46097,0.8056,High
14688,0.8055,High
17510,0.8055,High
1001,0.8055,High
44791,0.8055,High
20294,0.8055,High
4415,0.8054,High
17724,0.8054,High
24426,0.8052,High
47025,0.8051,High
41073,0.8051,High
29492,0.8051,High
40451,0.8051,High
25972,0.8051,High
19345,0.805,High
11114,0.805,High
25984,0.805,High
48601,0.8049,High
25705,0.8049,High
24739,0.8049,High
49091,0.8049,High
15803,0.8049,High
8835,0.8048,High
37468,0.8048,High
23583,0.8048,High
42818,0.8048,High
23289,0.8048,High
23068,0.8047,High
11641,0.8047,High
31392,0.8047,High
12126,0.8046,High
23815,0.8046,High
46223,0.8046,High
29749,0.8046,High
28045,0.8046,High
26114,0.8045,High
40132,0.8045,High
46407,0.8045,High
37812,0.8045,High
51624,0.8045,High
31437,0.8044,High
21619,0.8044,High
46820,0.8044,High
50120,0.8043,High
18702,0.8043,High
39062,0.8043,High
49778,0.8042,High
21901,0.8042,High
5080,0.8042,High
5915,0.8041,High
32141,0.804,High
24146,0.804,High
26609,0.804,High
20875,0.804,High
47028,0.804,High
11828,0.8039,High
34720,0.8039,High
34947,0.8039,High
46619,0.8039,High
15960,0.8038,High
31922,0.8038,High
9598,0.8038,High
12096,0.8038,High
1527,0.8037,High
30966,0.8037,High
19823,0.8036,High
11399,0.8036,High
37217,0.8036,High
50920,0.8035,High
34597,0.8035,High
9405,0.8034,High
19577,0.8034,High
12035,0.8034,High
32609,0.8034,High
35565,0.8034,High
34371,0.8033,High
22177,0.8033,High
45550,0.8032,High
11051,0.8032,High
48629,0.8031,High
4189,0.8031,High
25675,0.8031,High
43190,0.803,High
42389,0.803,High
20765,0.803,High
49596,0.8029,High
33070,0.8029,High
9911,0.8029,High
9631,0.8028,High
3361,0.8028,High
48273,0.8027,High
32424,0.8027,High
44413,0.8027,High
4381,0.8026,High
6670,0.8026,High
29221,0.8026,High
39073,0.8025,High
7454,0.8025,High
9096,0.8025,High
50965,0.8025,High
13264,0.8025,High
33979,0.8025,High
2727,0.8025,High
50302,0.8024,High
42562,0.8024,High
41203,0.8024,High
6739,0.8023,High
5117,0.8023,High
43100,0.8023,High
31263,0.8023,High
23617,0.8023,High
5838,0.8023,High
5606,0.8022,High
21751,0.8021,High
31322,0.8021,High
7655,0.8021,High
36896,0.8021,High
2259,0.8021,High
11920,0.8021,High
2816,0.8021,High
48649,0.8021,High
26168,0.8021,High
33001,0.8021,High
33921,0.802,High
4952,0.802,High
4966,0.802,High
13716,0.802,High
33533,0.802,High
24662,0.802,High
47658,0.802,High
31534,0.8019,High
46280,0.8019,High
25280,0.8019,High
14310,0.8019,High
23692,0.8018,High
12226,0.8018,High
46803,0.8018,High
19136,0.8017,High
47214,0.8017,High
3914,0.8017,High
30783,0.8017,High
19655,0.8017,High
524,0.8016,High
4865,0.8016,High
31325,0.8016,High
17438,0.8016,High
14677,0.8015,High
21146,0.8015,High
27704,0.8014,High
8515,0.8014,High
50874,0.8013,High
51144,0.8013,High
6657,0.8013,High
352,0.8013,High
28159,0.8013,High
3692,0.8012,High
28758,0.8012,High
50503,0.8012,High
8623,0.8012,High
13262,0.8012,High
38781,0.8011,High
94,0.8011,High
18102,0.8011,High
6222,0.8011,High
46305,0.801,High
34401,0.8009,High
21386,0.8007,High
14441,0.8007,High
28762,0.8007,High
29200,0.8007,High
15483,0.8006,High
28859,0.8006,High
26932,0.8006,High
23057,0.8005,High
175,0.8005,High
1577,0.8004,High
29329,0.8004,High
14260,0.8004,High
42805,0.8004,High
34632,0.8004,High
21164,0.8003,High
39945,0.8003,High
7634,0.8003,High
22273,0.8002,High
1780,0.8002,High
20388,0.8002,High
18509,0.8002,High
8870,0.8002,High
35121,0.8002,High
37715,0.8001,High
51155,0.8001,High
21844,0.8001,High
30541,0.8,High
10575,0.8,High
7174,0.8,High
39366,0.8,High
14325,0.8,High
24801,0.7999,High
16689,0.7999,High
22526,0.7999,High
34136,0.7999,High
51007,0.7998,High
10743,0.7998,High
23793,0.7997,High
12127,0.7996,High
11310,0.7996,High
10822,0.7996,High
31694,0.7995,High
29840,0.7994,High
22314,0.7994,High
9534,0.7994,High
49820,0.7994,High
44967,0.7993,High
11711,0.7993,High
20411,0.7993,High
51254,0.7992,High
791,0.7992,High
4766,0.799,High
39604,0.799,High
22378,0.799,High
20500,0.799,High
46253,0.7989,High
36360,0.7988,High
5820,0.7988,High
29899,0.7988,High
11381,0.7988,High
27488,0.7987,High
10446,0.7987,High
4873,0.7987,High
49038,0.7987,High
47857,0.7987,High
8001,0.7986,High
47662,0.7986,High
42971,0.7986,High
38247,0.7986,High
28175,0.7985,High
23070,0.7985,High
26639,0.7985,High
48479,0.7985,High
30765,0.7984,High
10779,0.7984,High
44103,0.7983,High
7219,0.7982,High
46125,0.7982,High
20651,0.7982,High
12346,0.7981,High
14026,0.798,High
23455,0.798,High
41889,0.798,High
2054,0.798,High
24266,0.798,High
41246,0.798,High
40696,0.798,High
47478,0.7979,High
23891,0.7979,High
6677,0.7979,High
15602,0.7978,High
41629,0.7978,High
47331,0.7978,High
24633,0.7978,High
5240,0.7978,High
29417,0.7977,High
36987,0.7977,High
3413,0.7976,High
9311,0.7976,High
47111,0.7976,High
13610,0.7975,High
19508,0.7975,High
41589,0.7975,High
17385,0.7975,High
41912,0.7975,High
12104,0.7975,High
47970,0.7974,High
49090,0.7974,High
9819,0.7974,High
47385,0.7974,High
13337,0.7974,High
36381,0.7973,High
38393,0.7973,High
15501,0.7973,High
49278,0.7972,High
14761,0.7972,High
36733,0.7972,High
42525,0.7971,High
17044,0.7971,High
15388,0.7971,High
38238,0.7971,High
12317,0.7971,High
9329,0.797,High
17051,0.797,High
15163,0.7969,High
49529,0.7969,High
3608,0.7968,High
2075,0.7968,High
43158,0.7968,High
4600,0.7968,High
14772,0.7968,High
10453,0.7968,High
34476,0.7967,High
3824,0.7967,High
42261,0.7967,High
35881,0.7966,High
15356,0.7966,High
30496,0.7966,High
18186,0.7965,High
43810,0.7964,High
49830,0.7963,High
48367,0.7963,High
32016,0.7963,High
48469,0.7963,High
27737,0.7963,High
39345,0.7962,High
30638,0.7962,High
30400,0.7962,High
8992,0.7962,High
16602,0.7961,High
15337,0.7961,High
16911,0.7961,High
20040,0.7961,High
23321,0.7961,High
1379,0.7961,High
11072,0.796,High
30321,0.796,High
39758,0.796,High
22437,0.796,High
26077,0.796,High
34408,0.7959,High
30611,0.7959,High
14900,0.7958,High
7782,0.7957,High
12762,0.7957,High
31237,0.7956,High
49361,0.7956,High
9725,0.7956,High
37237,0.7956,High
46404,0.7956,High
11428,0.7955,High
15938,0.7955,High
43458,0.7955,High
10855,0.7954,High
34305,0.7954,High
16621,0.7953,High
29100,0.7953,High
28911,0.7953,High
28242,0.7953,High
34009,0.7952,High
37573,0.7952,High
40,0.7952,High
45125,0.7951,High
34680,0.7951,High
13823,0.7951,High
36286,0.7951,High
17796,0.795,High
35816,0.795,High
37561,0.795,High
8787,0.7949,High
45681,0.7949,High
5593,0.7948,High
36289,0.7947,High
12291,0.7947,High
1438,0.7946,High
42986,0.7946,High
4260,0.7945,High
50653,0.7945,High
18315,0.7945,High
44636,0.7945,High
9153,0.7944,High
12763,0.7944,High
14430,0.7943,High
49353,0.7943,High
42563,0.7942,High
24842,0.7942,High
27438,0.7941,High
2301,0.7941,High
20595,0.7941,High
27664,0.794,High
5061,0.7939,High
30463,0.7939,High
35455,0.7938,High
27373,0.7938,High
35914,0.7937,High
5730,0.7937,High
27510,0.7937,High
27777,0.7936,High
9000,0.7936,High
6420,0.7936,High
46300,0.7935,High
467,0.7935,High
51331,0.7935,High
11246,0.7935,High
38591,0.7934,High
40720,0.7934,High
22494,0.7934,High
5686,0.7934,High
29567,0.7933,High
3611,0.7933,High
3368,0.7932,High
32380,0.7932,High
24412,0.7932,High
40588,0.7931,High
24956,0.7931,High
36942,0.793,High
13036,0.793,High
25595,0.793,High
6209,0.793,High
2310,0.793,High
41615,0.7929,High
19081,0.7929,High
36547,0.7928,High
19853,0.7928,High
4958,0.7928,High
43766,0.7927,High
45445,0.7927,High
47895,0.7927,High
12441,0.7927,High
21687,0.7926,High
44741,0.7926,High
27602,0.7926,High
44216,0.7926,High
49316,0.7926,High
11901,0.7926,High
39503,0.7926,High
27896,0.7926,High
38292,0.7926,High
27391,0.7925,High
19898,0.7925,High
33084,0.7925,High
34744,0.7925,High
37355,0.7925,High
49307,0.7924,High
29491,0.7924,High
44851,0.7924,High
20942,0.7923,High
32810,0.7923,High
22871,0.7923,High
1937,0.7922,High
4249,0.7922,High
20374,0.7922,High
34284,0.7921,High
33124,0.7921,High
18488,0.7921,High
40251,0.792,High
39234,0.7919,High
35768,0.7919,High
3108,0.7919,High
45175,0.7918,High
21640,0.7918,High
4088,0.7918,High
39576,0.7918,High
37327,0.7918,High
34712,0.7918,High
4756,0.7917,High
22444,0.7917,High
16530,0.7917,High
31592,0.7916,High
48403,0.7916,High
9929,0.7916,High
35863,0.7915,High
42153,0.7915,High
50104,0.7915,High
16578,0.7915,High
33470,0.7915,High
36350,0.7915,High
48531,0.7913,High
28494,0.7913,High
30910,0.7912,High
693,0.7912,High
41891,0.7912,High
49715,0.7911,High
12733,0.7911,High
20270,0.7911,High
2544,0.791,High
36467,0.791,High
5025,0.791,High
45072,0.791,High
50238,0.7909,High
11145,0.7909,High
37027,0.7908,High
40009,0.7908,High
11582,0.7908,High
30753,0.7908,High
5464,0.7908,High
39936,0.7907,High
42621,0.7907,High
26829,0.7907,High
1459,0.7907,High
6700,0.7906,High
26555,0.7905,High
48319,0.7905,High
49151,0.7904,High
35368,0.7904,High
26119,0.7904,High
3462,0.7904,High
42285,0.7904,High
23942,0.7904,High
38032,0.7904,High
8166,0.7902,High
32854,0.7902,High
26134,0.7902,High
14541,0.7902,High
42344,0.7902,High
6156,0.7901,High
16453,0.7901,High
37202,0.7901,High
11597,0.7901,High
29337,0.79,High
41058,0.79,High
32957,0.79,High
48346,0.79,High
31763,0.79,High
18306,0.79,High
13168,0.7899,High
4629,0.7899,High
42801,0.7899,High
30978,0.7899,High
29412,0.7899,High
35749,0.7899,High
9715,0.7899,High
7635,0.7898,High
15103,0.7898,High
21744,0.7898,High
18841,0.7898,High
22770,0.7898,High
12663,0.7897,High
3785,0.7897,High
21161,0.7897,High
23345,0.7897,High
28190,0.7896,High
25964,0.7896,High
29601,0.7896,High
13257,0.7895,High
21180,0.7895,High
38301,0.7895,High
10225,0.7895,High
7537,0.7894,High
3750,0.7894,High
35894,0.7894,High
44083,0.7894,High
27685,0.7894,High
32495,0.7894,High
51229,0.7894,High
44136,0.7893,High
32705,0.7893,High
11341,0.7893,High
44973,0.7892,High
34514,0.7892,High
32906,0.7891,High
21814,0.7891,High
28658,0.7891,High
31171,0.789,High
34328,0.789,High
38289,0.789,High
29853,0.789,High
8556,0.7889,High
21918,0.7889,High
9970,0.7889,High
30992,0.7889,High
45137,0.7888,High
30503,0.7888,High
10328,0.7888,High
31069,0.7887,High
48322,0.7886,High
50501,0.7886,High
32194,0.7886,High
24699,0.7886,High
46700,0.7885,High
11235,0.7885,High
21971,0.7885,High
20980,0.7885,High
18566,0.7884,High
27831,0.7884,High
13614,0.7884,High
33715,0.7883,High
17366,0.7883,High
23798,0.7883,High
18824,0.7883,High
25024,0.7883,High
6138,0.7882,High
46922,0.7882,High
22541,0.7882,High
19705,0.7881,High
2769,0.7881,High
32690,0.7881,High
6089,0.788,High
40512,0.7879,High
47181,0.7879,High
17265,0.7879,High
44599,0.7879,High
8808,0.7879,High
22443,0.7878,High
45712,0.7878,High
41900,0.7877,High
49889,0.7876,High
11964,0.7876,High
31812,0.7876,High
21175,0.7875,High
45422,0.7873,High
20615,0.7873,High
24686,0.7873,High
19882,0.7872,High
49593,0.7871,High
38311,0.7871,High
1311,0.7871,High
5472,0.7871,High
38043,0.787,High
1366,0.787,High
45733,0.787,High
26931,0.7869,High
18984,0.7869,High
34386,0.7869,High
4478,0.7869,High
27555,0.7869,High
24631,0.7868,High
20266,0.7868,High
49092,0.7868,High
31542,0.7867,High
40372,0.7867,High
8446,0.7867,High
32238,0.7867,High
1371,0.7867,High
10778,0.7866,High
38104,0.7865,High
47213,0.7865,High
1296,0.7862,High
10594,0.7862,High
8414,0.7861,High
32932,0.7861,High
33956,0.786,High
41320,0.7859,High
4900,0.7859,High
3630,0.7859,High
15289,0.7859,High
16718,0.7859,High
24923,0.7859,High
10367,0.7858,High
40990,0.7858,High
879,0.7858,High
931,0.7858,High
31273,0.7858,High
21427,0.7858,High
3319,0.7857,High
19173,0.7857,High
2454,0.7857,High
43968,0.7857,High
28251,0.7857,High
9520,0.7857,High
3004,0.7856,High
14142,0.7856,High
46453,0.7855,High
1630,0.7855,High
7578,0.7854,High
49754,0.7854,High
43749,0.7854,High
43914,0.7854,High
44757,0.7853,High
14838,0.7853,High
26698,0.7852,High
51677,0.7852,High
49934,0.7852,High
46836,0.7851,High
19024,0.7851,High
6428,0.7851,High
21448,0.7851,High
14836,0.7851,High
30120,0.785,High
648,0.7849,High
39858,0.7849,High
17277,0.7848,High
27467,0.7848,High
30655,0.7847,High
20957,0.7847,High
5252,0.7847,High
16884,0.7847,High
19224,0.7846,High
43045,0.7846,High
46867,0.7846,High
4459,0.7846,High
44600,0.7846,High
7379,0.7845,High
16189,0.7845,High
24762,0.7845,High
4184,0.7845,High
45714,0.7845,High
15985,0.7844,High
4385,0.7843,High
47893,0.7843,High
17649,0.7843,High
36533,0.7841,High
37420,0.7841,High
19880,0.784,High
25695,0.784,High
31209,0.7839,High
12102,0.7838,High
29432,0.7838,High
5357,0.7838,High
22083,0.7838,High
42001,0.7838,High
33249,0.7837,High
29946,0.7837,High
37188,0.7836,High
7799,0.7835,High
25840,0.7835,High
48141,0.7835,High
6555,0.7835,High
8867,0.7835,High
38841,0.7834,High
21244,0.7834,High
5422,0.7834,High
10561,0.7833,High
37409,0.7833,High
34367,0.7833,High
6239,0.7832,High
48826,0.7832,High
34688,0.7832,High
24544,0.7832,High
27293,0.7832,High
33794,0.7831,High
30474,0.7831,High
8111,0.7831,High
42969,0.7831,High
42896,0.7829,High
19182,0.7829,High
14686,0.7829,High
47508,0.7828,High
31202,0.7828,High
23272,0.7827,High
30534,0.7827,High
14585,0.7827,High
43265,0.7827,High
26767,0.7826,High
49312,0.7826,High
16776,0.7826,High
12480,0.7826,High
40188,0.7826,High
50390,0.7825,High
14750,0.7825,High
24449,0.7824,High
13012,0.7824,High
18736,0.7824,High
48329,0.7824,High
28090,0.7824,High
2024,0.7824,High
21116,0.7824,High
49343,0.7824,High
4815,0.7823,High
51117,0.7823,High
7295,0.7823,High
37376,0.7822,High
37247,0.7822,High
26781,0.7821,High
38413,0.7821,High
21290,0.7821,High
19481,0.7821,High
12588,0.7821,High
20558,0.782,High
21697,0.782,High
36207,0.782,High
24155,0.782,High
40709,0.782,High
46289,0.7819,High
14357,0.7819,High
749,0.7818,High
26171,0.7818,High
30090,0.7817,High
29693,0.7817,High
45167,0.7817,High
29437,0.7817,High
41686,0.7816,High
32446,0.7816,High
46082,0.7816,High
31268,0.7815,High
38284,0.7815,High
31406,0.7815,High
2468,0.7814,High
28714,0.7814,High
29083,0.7814,High
7491,0.7813,High
3744,0.7813,High
49926,0.7813,High
40030,0.7812,High
12730,0.7812,High
29431,0.7811,High
4446,0.7811,High
46605,0.7811,High
15430,0.7811,High
50995,0.7811,High
9612,0.7811,High
23027,0.781,High
9009,0.781,High
29835,0.781,High
195,0.781,High
46440,0.781,High
6716,0.7809,High
22600,0.7809,High
51180,0.7809,High
21776,0.7808,High
34682,0.7808,High
2520,0.7808,High
20233,0.7808,High
10362,0.7807,High
23869,0.7807,High
46761,0.7807,High
16108,0.7806,High
29814,0.7805,High
5785,0.7805,High
44672,0.7805,High
13889,0.7805,High
37363,0.7805,High
13112,0.7804,High
32712,0.7803,High
18565,0.7803,High
45532,0.7803,High
14680,0.7803,High
27089,0.7802,High
51833,0.7802,High
46011,0.7802,High
27282,0.7801,High
17234,0.7801,High
26438,0.78,High
29343,0.78,High
29225,0.78,High
27229,0.7799,High
23075,0.7799,High
7806,0.7799,High
47235,0.7799,High
26981,0.7799,High
51888,0.7798,High
31295,0.7798,High
45815,0.7798,High
21060,0.7796,High
30926,0.7796,High
11708,0.7796,High
34650,0.7794,High
2258,0.7794,High
8545,0.7794,High
16088,0.7794,High
43286,0.7793,High
16956,0.7793,High
47273,0.7793,High
4266,0.7793,High
8199,0.7792,High
6221,0.7792,High
10817,0.7792,High
43453,0.7792,High
21461,0.7791,High
51427,0.7791,High
15464,0.7791,High
51418,0.779,High
42043,0.779,High
44717,0.7789,High
13949,0.7789,High
22516,0.7788,High
11244,0.7787,High
35254,0.7787,High
39627,0.7787,High
39456,0.7786,High
37989,0.7786,High
18116,0.7786,High
45598,0.7786,High
4328,0.7785,High
47457,0.7785,High
50477,0.7784,High
47540,0.7784,High
14679,0.7784,High
10932,0.7783,High
48246,0.7783,High
26880,0.7783,High
6840,0.7783,High
36857,0.7782,High
10685,0.7782,High
25947,0.7782,High
23614,0.7782,High
33923,0.7782,High
31744,0.7781,High
14035,0.7781,High
44477,0.7779,High
3959,0.7779,High
39046,0.7778,High
20966,0.7778,High
22128,0.7778,High
42762,0.7778,High
32171,0.7778,High
43230,0.7777,High
12616,0.7777,High
6900,0.7777,High
45051,0.7777,High
22063,0.7776,High
37429,0.7776,High
38147,0.7775,High
35858,0.7775,High
22466,0.7775,High
22583,0.7775,High
11508,0.7775,High
28471,0.7774,High
28253,0.7774,High
15906,0.7773,High
27115,0.7773,High
21961,0.7773,High
21731,0.7773,High
4047,0.7772,High
13422,0.7772,High
12913,0.7772,High
5308,0.7771,High
11147,0.7771,High
784,0.777,High
2706,0.777,High
41726,0.777,High
1769,0.7769,High
13135,0.7769,High
33147,0.7769,High
26018,0.7769,High
33484,0.7768,High
10378,0.7768,High
34037,0.7768,High
16182,0.7767,High
41849,0.7766,High
44508,0.7766,High
4285,0.7763,High
8912,0.7762,High
35697,0.7762,High
5248,0.7761,High
14796,0.7761,High
49185,0.7761,High
48304,0.776,High
48527,0.7759,High
26425,0.7759,High
1994,0.7759,High
21302,0.7756,High
8846,0.7756,High
38428,0.7755,High
19158,0.7754,High
5096,0.7754,High
28596,0.7753,High
23806,0.7752,High
47165,0.7751,High
35029,0.7751,High
43462,0.7751,High
42922,0.7751,High
1099,0.775,High
26786,0.775,High
3742,0.775,High
25895,0.775,High
23999,0.775,High
18344,0.775,High
6218,0.775,High
35562,0.775,High
48089,0.7749,High
27200,0.7749,High
31504,0.7748,High
25075,0.7748,High
23387,0.7748,High
12448,0.7747,High
4140,0.7747,High
2299,0.7746,High
22491,0.7746,High
24164,0.7746,High
51517,0.7746,High
25210,0.7745,High
14903,0.7745,High
9047,0.7744,High
32977,0.7744,High
46374,0.7743,High
481,0.7743,High
5735,0.7743,High
286,0.7742,High
7060,0.7742,High
4251,0.7742,High
33231,0.7742,High
20000,0.7741,High
41722,0.7741,High
38850,0.7741,High
35283,0.774,High
34313,0.774,High
3722,0.7739,High
33662,0.7739,High
1490,0.7739,High
18121,0.7738,High
8287,0.7737,High
51131,0.7736,High
28921,0.7736,High
26531,0.7736,High
34186,0.7736,High
19586,0.7735,High
18914,0.7735,High
6002,0.7735,High
42040,0.7734,High
12515,0.7734,High
34779,0.7734,High
42623,0.7734,High
45636,0.7733,High
21218,0.7732,High
19252,0.7731,High
34304,0.7731,High
18079,0.7731,High
24960,0.7731,High
15127,0.7731,High
47700,0.7731,High
10269,0.773,High
9462,0.7729,High
43992,0.7729,High
19341,0.7729,High
3165,0.7729,High
25422,0.7729,High
29010,0.7728,High
12404,0.7727,High
22212,0.7727,High
44718,0.7727,High
44354,0.7727,High
18419,0.7726,High
25571,0.7725,High
6397,0.7725,High
46592,0.7725,High
33549,0.7725,High
29795,0.7724,High
25510,0.7724,High
31626,0.7724,High
24824,0.7724,High
11903,0.7723,High
25293,0.7723,High
29251,0.7723,High
32902,0.7723,High
17414,0.7722,High
14569,0.7722,High
31734,0.7722,High
31109,0.7721,High
24037,0.7721,High
30012,0.7721,High
48029,0.7721,High
18289,0.7721,High
27153,0.7721,High
16799,0.7721,High
8050,0.772,High
8119,0.772,High
15769,0.772,High
16013,0.7719,High
4840,0.7719,High
49762,0.7719,High
17217,0.7719,High
5588,0.7718,High
9972,0.7718,High
32812,0.7718,High
25732,0.7718,High
2277,0.7717,High
11148,0.7717,High
29073,0.7714,High
48973,0.7714,High
9704,0.7714,High
29496,0.7714,High
24262,0.7714,High
27539,0.7713,High
51925,0.7713,High
1786,0.7713,High
13643,0.7711,High
375,0.771,High
44144,0.7709,High
26183,0.7709,High
11017,0.7708,High
16675,0.7708,High
50733,0.7708,High
193,0.7708,High
19461,0.7708,High
12574,0.7707,High
25069,0.7707,High
15044,0.7706,High
28760,0.7706,High
13945,0.7706,High
42622,0.7706,High
40477,0.7705,High
3938,0.7704,High
24526,0.7704,High
47637,0.7704,High
30388,0.7704,High
48241,0.7703,High
13739,0.7701,High
39738,0.7701,High
47483,0.77,High
47242,0.77,High
34357,0.77,High
17943,0.7699,High
43931,0.7698,High
49314,0.7698,High
38179,0.7698,High
5763,0.7697,High
27654,0.7697,High
884,0.7697,High
48001,0.7696,High
44324,0.7695,High
9536,0.7695,High
33919,0.7695,High
36189,0.7695,High
47903,0.7695,High
5437,0.7694,High
425,0.7693,High
40792,0.7693,High
21941,0.7693,High
8152,0.7692,High
16701,0.7692,High
16116,0.7691,High
21203,0.7691,High
28675,0.7691,High
22232,0.769,High
39581,0.769,High
50156,0.7689,High
28432,0.7689,High
6865,0.7689,High
29452,0.7688,High
17361,0.7688,High
44739,0.7688,High
30925,0.7688,High
5817,0.7688,High
41211,0.7688,High
14734,0.7688,High
43502,0.7687,High
12551,0.7687,High
47703,0.7687,High
30443,0.7686,High
2038,0.7686,High
37806,0.7686,High
30508,0.7685,High
4599,0.7685,High
20046,0.7684,High
50091,0.7684,High
221,0.7684,High
6691,0.7684,High
16932,0.7683,High
16340,0.7683,High
45205,0.7683,High
26032,0.7682,High
51522,0.7682,High
22566,0.7681,High
29914,0.7681,High
33544,0.768,High
2155,0.768,High
32627,0.7679,High
26604,0.7679,High
31611,0.7679,High
50024,0.7679,High
23647,0.7678,High
11848,0.7678,High
45307,0.7678,High
3899,0.7677,High
15431,0.7677,High
35021,0.7675,High
24024,0.7675,High
50680,0.7675,High
39695,0.7674,High
9373,0.7673,High
4859,0.7672,High
19199,0.7672,High
18328,0.7672,High
7787,0.7671,High
27829,0.767,High
23742,0.7669,High
3190,0.7668,High
806,0.7668,High
33521,0.7668,High
44207,0.7668,High
4269,0.7668,High
50856,0.7667,High
40739,0.7666,High
31089,0.7666,High
40510,0.7665,High
49917,0.7664,High
23522,0.7664,High
43640,0.7664,High
38425,0.7664,High
35098,0.7664,High
28848,0.7663,High
37565,0.7663,High
4026,0.7663,High
7790,0.7663,High
32278,0.7662,High
38467,0.7661,High
31388,0.7661,High
21103,0.7661,High
8598,0.766,High
33769,0.7659,High
9206,0.7658,High
33319,0.7658,High
7090,0.7657,High
5468,0.7657,High
15437,0.7657,High
33570,0.7657,High
21472,0.7657,High
50757,0.7656,High
42197,0.7656,High
47816,0.7656,High
35540,0.7656,High
1588,0.7655,High
39056,0.7655,High
5987,0.7655,High
3915,0.7655,High
18686,0.7654,High
44639,0.7654,High
51281,0.7654,High
34439,0.7654,High
14901,0.7654,High
28857,0.7653,High
7982,0.7652,High
4360,0.7652,High
22695,0.7652,High
47985,0.7652,High
31894,0.7651,High
41624,0.7651,High
47149,0.7651,High
32740,0.7651,High
23758,0.7651,High
29571,0.765,High
794,0.765,High
32046,0.7649,High
50280,0.7649,High
18316,0.7648,High
46862,0.7648,High
25734,0.7648,High
44270,0.7648,High
13000,0.7646,High
5945,0.7646,High
23935,0.7646,High
29362,0.7646,High
48024,0.7644,High
23361,0.7644,High
41042,0.7644,High
51188,0.7643,High
14341,0.7643,High
37957,0.7643,High
30424,0.7641,High
33785,0.7641,High
44266,0.7641,High
42947,0.764,High
36617,0.764,High
37001,0.764,High
16795,0.7639,High
32816,0.7638,High
45327,0.7637,High
3263,0.7637,High
12467,0.7637,High
153,0.7637,High
7087,0.7636,High
11526,0.7636,High
8279,0.7636,High
29178,0.7636,High
31205,0.7635,High
1727,0.7635,High
7929,0.7635,High
22699,0.7635,High
37743,0.7634,High
42278,0.7634,High
46792,0.7634,High
18160,0.7634,High
29180,0.7633,High
28842,0.7632,High
35228,0.7632,High
13829,0.7632,High
26503,0.7631,High
19132,0.7631,High
21569,0.763,High
49035,0.763,High
15643,0.7628,High
46863,0.7628,High
46699,0.7628,High
19041,0.7628,High
20670,0.7628,High
21513,0.7627,High
21710,0.7627,High
43460,0.7624,High
12048,0.7624,High
46560,0.7624,High
39632,0.7623,High
43157,0.7623,High
22666,0.7623,High
40630,0.7623,High
31641,0.7623,High
45515,0.7622,High
41836,0.7622,High
35699,0.7621,High
41458,0.7621,High
28226,0.7621,High
48539,0.7621,High
42450,0.7619,High
38010,0.7619,High
19574,0.7619,High
41997,0.7618,High
22543,0.7618,High
5300,0.7618,High
43672,0.7618,High
43754,0.7618,High
28273,0.7617,High
5830,0.7617,High
36307,0.7616,High
46178,0.7616,High
14950,0.7616,High
44855,0.7615,High
35187,0.7615,High
51504,0.7614,High
523,0.7614,High
38644,0.7612,High
25238,0.7612,High
34588,0.7612,High
26481,0.7612,High
41089,0.7612,High
12601,0.7611,High
42160,0.7611,High
13952,0.7611,High
43864,0.7611,High
18502,0.761,High
11195,0.761,High
51825,0.7609,High
6826,0.7609,High
8533,0.7608,High
10469,0.7608,High
49765,0.7608,High
31329,0.7607,High
30833,0.7607,High
34370,0.7606,High
5327,0.7606,High
19743,0.7605,High
22971,0.7605,High
47522,0.7605,High
27154,0.7604,High
41920,0.7604,High
5259,0.7604,High
49646,0.7604,High
45780,0.7604,High
28248,0.7604,High
8061,0.7602,High
49347,0.7602,High
31804,0.7602,High
51576,0.7601,High
47342,0.7601,High
29595,0.7601,High
9621,0.7601,High
44830,0.7601,High
14090,0.7601,High
14718,0.7601,High
25858,0.76,High
28468,0.76,High
43654,0.7599,High
26582,0.7599,High
51083,0.7598,High
8110,0.7597,High
48661,0.7597,High
36994,0.7597,High
12879,0.7597,High
44429,0.7596,High
15170,0.7596,High
39421,0.7596,High
51280,0.7595,High
42807,0.7595,High
44352,0.7595,High
26048,0.7595,High
42754,0.7595,High
47351,0.7594,High
14830,0.7593,High
41393,0.7593,High
40102,0.7592,High
42767,0.7592,High
43454,0.7592,High
4374,0.7592,High
21644,0.7591,High
17178,0.7591,High
16998,0.7591,High
50476,0.7591,High
18089,0.759,High
38986,0.759,High
30273,0.7589,High
29168,0.7589,High
5731,0.7589,High
33577,0.7589,High
33066,0.7589,High
43656,0.7589,High
18771,0.7588,High
10201,0.7587,High
25661,0.7587,High
47141,0.7587,High
10742,0.7587,High
39656,0.7586,High
46195,0.7586,High
20669,0.7586,High
6476,0.7585,High
12248,0.7584,High
44713,0.7583,High
13309,0.7583,High
48085,0.7583,High
28922,0.7581,High
36760,0.7581,High
36234,0.758,High
38764,0.758,High
38205,0.758,High
33144,0.7579,High
14558,0.7579,High
12583,0.7579,High
43303,0.7579,High
3459,0.7578,High
44641,0.7577,High
38088,0.7577,High
6558,0.7576,High
25258,0.7574,High
39974,0.7574,High
6307,0.7574,High
39902,0.7573,High
35669,0.7573,High
43689,0.7573,High
21485,0.7573,High
29303,0.7573,High
31707,0.7572,High
46163,0.7572,High
18783,0.7572,High
21949,0.7571,High
27035,0.757,High
25433,0.757,High
37682,0.7568,High
3224,0.7568,High
16462,0.7567,High
17446,0.7567,High
42571,0.7567,High
43745,0.7566,High
3058,0.7566,High
43404,0.7566,High
42828,0.7565,High
24730,0.7565,High
20044,0.7565,High
24056,0.7564,High
24634,0.7564,High
2100,0.7563,High
50765,0.7562,High
20034,0.7562,High
36395,0.7561,High
5800,0.7561,High
25443,0.7561,High
6331,0.756,High
47166,0.7559,High
46078,0.7559,High
33384,0.7558,High
51143,0.7556,High
18401,0.7556,High
22552,0.7555,High
1825,0.7555,High
14763,0.7554,High
39832,0.7554,High
31279,0.7554,High
22402,0.7553,High
26262,0.7552,High
45009,0.7552,High
32804,0.7551,High
9180,0.7551,High
16667,0.755,High
31330,0.755,High
24812,0.755,High
49345,0.755,High
26759,0.755,High
5309,0.755,High
35925,0.755,High
27234,0.7549,High
21497,0.7548,High
23855,0.7548,High
27677,0.7548,High
11914,0.7548,High
7715,0.7547,High
45911,0.7546,High
51835,0.7546,High
33695,0.7546,High
16328,0.7545,High
13697,0.7545,High
48869,0.7545,High
1224,0.7545,High
36473,0.7543,High
31449,0.7543,High
21978,0.7543,High
50944,0.7543,High
32844,0.7543,High
47228,0.7543,High
43484,0.7543,High
46099,0.7543,High
31905,0.7542,High
34085,0.7542,High
20936,0.7542,High
1168,0.7541,High
27208,0.754,High
37193,0.754,High
500,0.754,High
32126,0.754,High
50725,0.754,High
33071,0.7539,High
26748,0.7538,High
17269,0.7538,High
44678,0.7537,High
4229,0.7537,High
40851,0.7536,High
19197,0.7536,High
33852,0.7536,High
45592,0.7535,High
16495,0.7534,High
3861,0.7534,High
11307,0.7534,High
47860,0.7533,High
40067,0.7533,High
49210,0.7533,High
23664,0.7533,High
51050,0.7531,High
12222,0.753,High
32958,0.753,High
1206,0.7529,High
22008,0.7529,High
9301,0.7529,High
33616,0.7529,High
47418,0.7529,High
46915,0.7527,High
27968,0.7527,High
4483,0.7527,High
4,0.7527,High
30741,0.7526,High
38381,0.7526,High
5343,0.7525,High
14731,0.7524,High
3160,0.7524,High
39448,0.7523,High
37849,0.7523,High
42009,0.7522,High
12722,0.7522,High
2721,0.752,High
8644,0.7519,High
45345,0.7519,High
41172,0.7519,High
41678,0.7518,High
15168,0.7518,High
7865,0.7517,High
34735,0.7517,High
17726,0.7517,High
50425,0.7515,High
34553,0.7515,High
50305,0.7515,High
42498,0.7515,High
23542,0.7514,High
1826,0.7514,High
7068,0.7514,High
28060,0.7513,High
36665,0.7513,High
48298,0.7513,High
9753,0.7512,High
38439,0.7512,High
7549,0.7512,High
48120,0.7512,High
29893,0.7511,High
25459,0.751,High
2776,0.751,High
5001,0.751,High
48606,0.751,High
439,0.751,High
43580,0.751,High
46214,0.7509,High
18787,0.7508,High
27369,0.7507,High
25951,0.7505,High
17334,0.7505,High
29544,0.7505,High
21515,0.7503,High
27554,0.7503,High
19533,0.7502,High
36602,0.7502,High
28169,0.7501,High
15106,0.7501,High
20919,0.75,High
33879,0.75,High
47161,0.7499,High
8761,0.7499,High
47964,0.7499,High
47666,0.7497,High
11521,0.7497,High
41099,0.7497,High
12375,0.7496,High
37843,0.7495,High
13612,0.7495,High
26492,0.7493,High
10604,0.7493,High
47841,0.7493,High
13834,0.7493,High
48523,0.7493,High
28479,0.7493,High
11774,0.7492,High
12073,0.7492,High
19551,0.7491,High
28362,0.749,High
4427,0.7489,High
50455,0.7489,High
16790,0.7489,High
37036,0.7488,High
682,0.7487,High
38244,0.7487,High
31888,0.7487,High
49401,0.7487,High
7193,0.7486,High
45491,0.7486,High
2522,0.7484,High
759,0.7484,High
40083,0.7483,High
27477,0.7483,High
9107,0.7482,High
17398,0.7481,High
10107,0.7481,High
30911,0.748,High
16113,0.748,High
35376,0.7478,High
49879,0.7478,High
42665,0.7478,High
2435,0.7477,High
8057,0.7477,High
34888,0.7477,High
11889,0.7477,High
14097,0.7477,High
24484,0.7476,High
6110,0.7475,High
42154,0.7475,High
44708,0.7475,High
22622,0.7475,High
44147,0.7474,High
30667,0.7473,High
12703,0.7473,High
50578,0.7472,High
25227,0.7471,High
4339,0.7471,High
10191,0.7471,High
5898,0.7471,High
21331,0.747,High
6191,0.747,High
35001,0.747,High
36345,0.747,High
22120,0.747,High
9386,0.7469,High
32510,0.7469,High
10401,0.7468,High
23157,0.7468,High
49848,0.7468,High
4982,0.7468,High
17607,0.7466,High
45290,0.7466,High
24211,0.7466,High
36716,0.7466,High
22462,0.7465,High
51435,0.7465,High
16237,0.7465,High
48445,0.7464,High
1626,0.7463,High
20630,0.7463,High
31190,0.7463,High
29905,0.7461,High
25196,0.746,High
11397,0.746,High
7998,0.746,High
41926,0.7459,High
47538,0.7459,High
34914,0.7458,High
8258,0.7457,High
24028,0.7457,High
29981,0.7457,High
32021,0.7456,High
41562,0.7456,High
50585,0.7455,High
30016,0.7455,High
5744,0.7455,High
42983,0.7454,High
50752,0.7454,High
46435,0.7453,High
2945,0.7453,High
49310,0.7452,High
23963,0.7452,High
12407,0.7452,High
23319,0.7451,High
40382,0.7451,High
13879,0.745,High
35272,0.745,High
9019,0.745,High
35588,0.7449,High
4120,0.7449,High
17085,0.7449,High
17915,0.7448,High
6996,0.7448,High
46137,0.7447,High
18912,0.7447,High
20073,0.7447,High
28970,0.7446,High
48761,0.7446,High
35307,0.7445,High
12921,0.7442,High
17332,0.7442,High
51066,0.7441,High
46490,0.7441,High
18809,0.744,High
50923,0.7439,High
38725,0.7439,High
20918,0.7438,High
13874,0.7438,High
16816,0.7438,High
5044,0.7438,High
32347,0.7437,High
51424,0.7437,High
45975,0.7437,High
21128,0.7436,High
12348,0.7435,High
18636,0.7435,High
40556,0.7434,High
24357,0.7434,High
42433,0.7434,High
30154,0.7433,High
6527,0.7433,High
29758,0.7433,High
42013,0.7433,High
42475,0.7432,High
45886,0.7432,High
32425,0.7432,High
23507,0.7431,High
34549,0.7431,High
14899,0.7431,High
51831,0.743,High
10417,0.743,High
27274,0.7429,High
34226,0.7429,High
11436,0.7428,High
2032,0.7427,High
46791,0.7427,High
8479,0.7426,High
5124,0.7426,High
8495,0.7426,High
28086,0.7425,High
5247,0.7424,High
23318,0.7424,High
2242,0.7424,High
47672,0.7424,High
15216,0.7423,High
50213,0.7423,High
47597,0.7423,High
20440,0.7423,High
37144,0.7422,High
44023,0.7422,High
13258,0.7421,High
212,0.7421,High
9860,0.7421,High
4473,0.7421,High
15940,0.742,High
8293,0.742,High
51429,0.7419,High
40289,0.7419,High
9130,0.7417,High
985,0.7417,High
38571,0.7417,High
15954,0.7416,High
9741,0.7416,High
30902,0.7415,High
25917,0.7415,High
21142,0.7415,High
17266,0.7415,High
6777,0.7414,High
36500,0.7413,High
7027,0.7413,High
44884,0.7412,High
18699,0.7412,High
24914,0.7412,High
4197,0.7411,High
37373,0.7411,High
7821,0.741,High
45710,0.7409,High
13236,0.7409,High
20786,0.7407,High
11410,0.7406,High
46911,0.7406,High
12338,0.7405,High
13827,0.7404,High
49586,0.7404,High
3022,0.7401,High
41133,0.74,High
12106,0.7399,High
24346,0.7399,High
45774,0.7399,High
37016,0.7397,High
31106,0.7397,High
9888,0.7397,High
23291,0.7396,High
18335,0.7396,High
47656,0.7395,High
1858,0.7395,High
32933,0.7395,High
35852,0.7394,High
35801,0.7394,High
20954,0.7394,High
13968,0.7394,High
498,0.7393,High
41153,0.7393,High
24977,0.7392,High
11293,0.7392,High
27687,0.7391,High
49880,0.739,High
51628,0.739,High
12604,0.7389,High
47751,0.7388,High
10115,0.7387,High
24500,0.7386,High
51051,0.7386,High
1927,0.7386,High
39594,0.7386,High
8141,0.7385,High
37372,0.7385,High
13356,0.7383,High
10967,0.7383,High
42961,0.738,High
36218,0.738,High
46904,0.7379,High
20937,0.7379,High
38997,0.7379,High
23209,0.7378,High
27469,0.7378,High
19547,0.7378,High
20257,0.7376,High
856,0.7376,High
49241,0.7375,High
45559,0.7375,High
46811,0.7373,High
50036,0.7373,High
31333,0.7373,High
11686,0.7373,High
40066,0.7372,High
37286,0.7372,High
47556,0.7372,High
22733,0.7372,High
44609,0.7371,High
51003,0.737,High
39864,0.737,High
11414,0.737,High
29812,0.7369,High
48593,0.7369,High
8837,0.7369,High
10862,0.7369,High
44081,0.7369,High
51973,0.7368,High
34298,0.7368,High
33133,0.7368,High
10878,0.7367,High
30161,0.7366,High
22673,0.7365,High
13499,0.7364,High
34181,0.7363,High
6448,0.7363,High
41651,0.7361,High
47886,0.7361,High
17594,0.736,High
47930,0.7359,High
48532,0.7359,High
23593,0.7358,High
5513,0.7358,High
40928,0.7358,High
2061,0.7355,High
30876,0.7355,High
26679,0.7354,High
44698,0.7353,High
39327,0.7353,High
5578,0.7353,High
28073,0.7353,High
41875,0.7353,High
5434,0.7351,High
21196,0.7346,High
31546,0.7346,High
3246,0.7345,High
1660,0.7345,High
7630,0.7344,High
318,0.7343,High
8360,0.7342,High
49302,0.7342,High
41003,0.7342,High
24604,0.7342,High
19888,0.7342,High
16058,0.7342,High
18823,0.7341,High
28756,0.7341,High
27790,0.7341,High
23973,0.7341,High
29589,0.734,High
1681,0.734,High
41056,0.7339,High
21635,0.7339,High
25962,0.7339,High
12596,0.7339,High
40205,0.7338,High
24180,0.7338,High
37987,0.7338,High
45442,0.7337,High
49802,0.7337,High
43891,0.7336,High
25684,0.7336,High
626,0.7335,High
19479,0.7335,High
21101,0.7334,High
49614,0.7334,High
48429,0.7333,High
29012,0.7333,High
40660,0.7332,High
10037,0.7332,High
29998,0.7332,High
24166,0.7331,High
27378,0.7331,High
22363,0.733,High
5159,0.733,High
30224,0.7329,High
3152,0.7328,High
9624,0.7328,High
1413,0.7326,High
37455,0.7325,High
12662,0.7325,High
21407,0.7324,High
12766,0.7324,High
12034,0.7323,High
18684,0.7322,High
10278,0.7322,High
32679,0.7322,High
16555,0.7322,High
39246,0.7321,High
27076,0.7321,High
46467,0.732,High
20051,0.732,High
4175,0.7318,High
20597,0.7318,High
29526,0.7318,High
36442,0.7318,High
21440,0.7317,High
20528,0.7317,High
12047,0.7317,High
42131,0.7316,High
8285,0.7316,High
46845,0.7316,High
25884,0.7315,High
50521,0.7315,High
21508,0.7314,High
48232,0.7314,High
36627,0.7313,High
5426,0.7312,High
22537,0.7311,High
48473,0.731,High
29238,0.731,High
29616,0.731,High
15294,0.731,High
9116,0.731,High
13307,0.7309,High
11534,0.7309,High
14451,0.7309,High
45397,0.7309,High
46833,0.7309,High
23929,0.7308,High
51433,0.7308,High
43048,0.7308,High
19852,0.7308,High
24911,0.7308,High
2219,0.7307,High
1021,0.7307,High
4040,0.7307,High
46841,0.7307,High
17202,0.7307,High
39769,0.7306,High
35767,0.7306,High
33072,0.7305,High
35120,0.7305,High
27281,0.7304,High
26230,0.7304,High
31193,0.7304,High
23787,0.7304,High
47715,0.7302,High
7584,0.7302,High
31435,0.7302,High
31090,0.7302,High
7168,0.7302,High
31401,0.7302,High
50648,0.7301,High
10014,0.73,High
27313,0.73,High
15150,0.73,High
31394,0.7299,High
1488,0.7299,High
40305,0.7298,High
31467,0.7298,High
6203,0.7297,High
31823,0.7296,High
14388,0.7296,High
14979,0.7296,High
4638,0.7296,High
16855,0.7295,High
1736,0.7295,High
25228,0.7294,High
51021,0.7294,High
50758,0.7292,High
17569,0.7291,High
47774,0.729,High
34516,0.729,High
8716,0.7288,High
26097,0.7288,High
50027,0.7287,High
36037,0.7286,High
11480,0.7285,High
44637,0.7285,High
28109,0.7284,High
2105,0.7282,High
18947,0.7281,High
14442,0.7281,High
6810,0.7281,High
1104,0.728,High
33759,0.7279,High
18392,0.7279,High
17562,0.7279,High
11532,0.7279,High
48236,0.7278,High
36399,0.7278,High
2906,0.7277,High
44440,0.7276,High
6047,0.7276,High
44680,0.7276,High
38534,0.7276,High
30328,0.7275,High
13379,0.7272,High
13877,0.7271,High
51098,0.727,High
40377,0.7268,High
3031,0.7268,High
29004,0.7267,High
27487,0.7266,High
43311,0.7266,High
15904,0.7265,High
4736,0.7264,High
13525,0.7264,High
14398,0.7264,High
39168,0.7264,High
23616,0.7261,High
28879,0.7261,High
26063,0.7261,High
33497,0.726,High
43551,0.726,High
24172,0.7259,High
15903,0.7258,High
26333,0.7258,High
1370,0.7258,High
8105,0.7257,High
8327,0.7257,High
3766,0.7257,High
22850,0.7256,High
49059,0.7256,High
11611,0.7256,High
18061,0.7255,High
4719,0.7255,High
17270,0.7255,High
33565,0.7254,High
13629,0.7254,High
43300,0.7253,High
9978,0.7252,High
11783,0.7252,High
28594,0.7251,High
26583,0.7251,High
20917,0.7251,High
13447,0.7251,High
22801,0.725,High
38121,0.725,High
16404,0.725,High
12948,0.7249,High
13812,0.7248,High
147,0.7248,High
37323,0.7246,High
25686,0.7246,High
21349,0.7246,High
21807,0.7244,High
35875,0.7244,High
41567,0.7243,High
37119,0.7241,High
16111,0.7241,High
32149,0.7239,High
5059,0.7239,High
37921,0.7239,High
36340,0.7238,High
47629,0.7238,High
1129,0.7238,High
1118,0.7238,High
3114,0.7237,High
5926,0.7237,High
32525,0.7237,High
32670,0.7236,High
40804,0.7236,High
19217,0.7236,High
8832,0.7236,High
16664,0.7234,High
19063,0.7234,High
5168,0.7234,High
36572,0.7233,High
518,0.7232,High
3167,0.7232,High
16703,0.7231,High
51398,0.7231,High
15969,0.723,High
17647,0.723,High
22563,0.7229,High
4682,0.7229,High
18337,0.7229,High
15320,0.7229,High
30656,0.7228,High
11003,0.7227,High
15161,0.7226,High
3855,0.7226,High
17507,0.7226,High
27258,0.7225,High
7932,0.7225,High
11966,0.7225,High
46254,0.7224,High
12960,0.7224,High
1688,0.7223,High
22567,0.7222,High
31271,0.7222,High
45615,0.7221,High
5942,0.722,High
16668,0.722,High
44777,0.722,High
37205,0.722,High
51981,0.7218,High
19986,0.7217,High
31419,0.7217,High
27718,0.7215,High
45164,0.7213,High
36688,0.7213,High
45596,0.7211,High
14211,0.7211,High
48229,0.7211,High
49341,0.7209,High
1169,0.7208,High
16245,0.7207,High
43922,0.7207,High
4516,0.7205,High
46928,0.7205,High
41319,0.7205,High
39264,0.7204,High
25314,0.7204,High
3815,0.7204,High
50191,0.7203,High
8603,0.72,High
44045,0.72,High
48009,0.72,High
35000,0.72,High
20560,0.72,High
18500,0.72,High
24381,0.72,High
44735,0.7199,High
29639,0.7197,High
48044,0.7197,High
3739,0.7196,High
13965,0.7194,High
45968,0.7194,High
29505,0.7193,High
51362,0.7193,High
31307,0.7192,High
39809,0.7192,High
46590,0.7192,High
8868,0.7191,High
12999,0.7191,High
4451,0.7191,High
32138,0.719,High
48287,0.719,High
33427,0.7188,High
19789,0.7188,High
14159,0.7186,High
18082,0.7185,High
25435,0.7185,High
43075,0.7185,High
45286,0.7185,High
31177,0.7184,High
44911,0.7183,High
45801,0.7183,High
18074,0.7182,High
31174,0.7181,High
35822,0.7181,High
2424,0.718,High
41374,0.718,High
44021,0.718,High
30873,0.7179,High
20928,0.7179,High
48630,0.7178,High
35685,0.7176,High
10108,0.7176,High
6145,0.7176,High
9275,0.7176,High
13989,0.7176,High
2407,0.7176,High
18722,0.7175,High
47021,0.7174,High
43242,0.7173,High
18243,0.7173,High
42588,0.7173,High
50367,0.7172,High
16908,0.7172,High
41573,0.7171,High
12374,0.7171,High
42817,0.717,High
23820,0.7168,High
5739,0.7166,High
31088,0.7165,High
29597,0.7165,High
51111,0.7165,High
32041,0.7165,High
35236,0.7164,High
32256,0.7163,High
29678,0.7163,High
28046,0.7162,High
23274,0.7162,High
14378,0.7162,High
34110,0.7161,High
6022,0.7161,High
32085,0.7161,High
43883,0.716,High
22612,0.7158,High
23435,0.7157,High
18182,0.7156,High
9749,0.7155,High
44727,0.7155,High
51899,0.7154,High
4066,0.7152,High
23688,0.7152,High
12095,0.7151,High
40325,0.7151,High
48576,0.715,High
30164,0.715,High
36901,0.7149,High
25106,0.7149,High
4457,0.7148,High
51754,0.7148,High
11981,0.7148,High
41519,0.7148,High
42068,0.7147,High
27434,0.7146,High
21151,0.7146,High
32245,0.7144,High
34991,0.7144,High
31060,0.7144,High
23475,0.7143,High
30409,0.7143,High
43066,0.7142,High
23899,0.7142,High
18170,0.7142,High
36586,0.7142,High
10046,0.7141,High
46770,0.7141,High
49649,0.714,High
37652,0.714,High
27748,0.7139,High
27417,0.7139,High
44246,0.7139,High
48789,0.7138,High
16165,0.7137,High
958,0.7137,High
6266,0.7137,High
38924,0.7137,High
45906,0.7136,High
35601,0.7136,High
45895,0.7135,High
31889,0.7135,High
16943,0.7135,High
31882,0.7134,High
12402,0.7134,High
20935,0.7134,High
22755,0.7133,High
21767,0.7133,High
6275,0.7133,High
40566,0.7132,High
5841,0.7132,High
38609,0.7132,High
10917,0.7131,High
34941,0.7131,High
40723,0.7131,High
36173,0.7131,High
4397,0.713,High
34730,0.713,High
20526,0.7129,High
33749,0.7129,High
41086,0.7129,High
41418,0.7128,High
38803,0.7128,High
4384,0.7127,High
11595,0.7127,High
46899,0.7127,High
48164,0.7126,High
46296,0.7126,High
1991,0.7125,High
2274,0.7125,High
4901,0.7125,High
491,0.7124,High
18568,0.7124,High
41237,0.7124,High
152,0.7124,High
22750,0.7123,High
28904,0.7122,High
12399,0.7122,High
41981,0.7121,High
43837,0.712,High
21447,0.712,High
39489,0.712,High
46489,0.712,High
35086,0.7119,High
34571,0.7119,High
23624,0.7118,High
6309,0.7118,High
44460,0.7117,High
38860,0.7116,High
36098,0.7116,High
42217,0.7115,High
4355,0.7114,High
24284,0.7113,High
39921,0.7113,High
45571,0.7113,High
36785,0.7112,High
25023,0.7112,High
34697,0.7112,High
3441,0.711,High
33941,0.7109,High
2630,0.7109,High
20103,0.7109,High
42198,0.7108,High
21065,0.7107,High
13674,0.7107,High
42774,0.7106,High
20881,0.7106,High
11319,0.7106,High
4001,0.7105,High
43768,0.7105,High
23325,0.7105,High
51089,0.7105,High
49736,0.7102,High
16501,0.7101,High
3053,0.7101,High
50795,0.7101,High
38018,0.7101,High
22986,0.7101,High
17665,0.71,High
2141,0.71,High
40992,0.71,High
39280,0.71,High
11875,0.71,High
39700,0.7099,High
20977,0.7098,High
33038,0.7098,High
9706,0.7097,High
15822,0.7097,High
23250,0.7095,High
40649,0.7095,High
10292,0.7095,High
16797,0.7094,High
543,0.7094,High
45322,0.7094,High
17008,0.7093,High
2661,0.7091,High
4917,0.709,High
19475,0.7089,High
28532,0.7089,High
34805,0.7089,High
25447,0.7088,High
22492,0.7088,High
21711,0.7088,High
31511,0.7087,High
39112,0.7086,High
33548,0.7086,High
47126,0.7085,High
21854,0.7085,High
16946,0.7084,High
14840,0.7082,High
22320,0.7081,High
10831,0.708,High
35659,0.7079,High
17054,0.7078,High
35472,0.7077,High
6241,0.7076,High
7252,0.7076,High
25139,0.7075,High
12611,0.7075,High
30074,0.7075,High
24089,0.7074,High
5206,0.7074,High
17230,0.7073,High
50575,0.7072,High
10081,0.7072,High
30392,0.7072,High
20078,0.707,High
50931,0.707,High
40605,0.7069,High
46371,0.7068,High
24606,0.7068,High
25099,0.7068,High
11728,0.7066,High
29754,0.7066,High
16809,0.7065,High
17965,0.7064,High
37751,0.7064,High
4408,0.7063,High
12188,0.7063,High
46705,0.7063,High
34771,0.7062,High
8820,0.706,High
32824,0.706,High
41213,0.706,High
990,0.706,High
42920,0.7059,High
37278,0.7059,High
22429,0.7058,High
30547,0.7057,High
16931,0.7057,High
38862,0.7056,High
34026,0.7056,High
49380,0.7055,High
24882,0.7055,High
23116,0.7055,High
30691,0.7055,High
18901,0.7054,High
20931,0.7052,High
9778,0.7052,High
41008,0.7052,High
6830,0.7052,High
44889,0.7051,High
38249,0.7051,High
45539,0.7051,High
5312,0.705,High
25233,0.705,High
25491,0.7049,High
45344,0.7049,High
29457,0.7048,High
13711,0.7048,High
1340,0.7048,High
29229,0.7047,High
24498,0.7047,High
27159,0.7047,High
5242,0.7046,High
11955,0.7044,High
35633,0.7044,High
6208,0.7044,High
42590,0.7042,High
48265,0.7042,High
21929,0.7041,High
25377,0.704,High
9957,0.7039,High
22016,0.7039,High
37990,0.7039,High
8434,0.7038,High
13439,0.7038,High
42997,0.7036,High
20646,0.7036,High
5066,0.7036,High
48792,0.7035,High
15039,0.7035,High
45379,0.7034,High
34591,0.7032,High
50443,0.7032,High
46210,0.7032,High
25341,0.7032,High
15456,0.7031,High
10638,0.703,High
12962,0.7029,High
11096,0.7029,High
42803,0.7028,High
3839,0.7028,High
23477,0.7026,High
42430,0.7025,High
44254,0.7024,High
2925,0.7024,High
32399,0.7024,High
31780,0.7023,High
18547,0.7022,High
24502,0.7021,High
27832,0.7021,High
2936,0.702,High
20824,0.7019,High
41577,0.7019,High
39398,0.7019,High
36562,0.7018,High
10293,0.7018,High
20563,0.7017,High
1837,0.7016,High
48857,0.7016,High
29480,0.7016,High
9077,0.7015,High
5037,0.7015,High
22410,0.7013,High
29838,0.7012,High
1900,0.7012,High
9670,0.7011,High
7733,0.7011,High
3131,0.701,High
9392,0.701,High
840,0.7009,High
32656,0.7009,High
46366,0.7008,High
14550,0.7008,High
47914,0.7007,High
13208,0.7007,High
40832,0.7006,High
27131,0.7006,High
23796,0.7005,High
12698,0.7005,High
37274,0.7005,High
798,0.7002,High
18724,0.7001,High
13993,0.7001,High
17238,0.7001,High
33409,0.7,High
30276,0.6999,Medium
36257,0.6998,Medium
316,0.6997,Medium
11925,0.6996,Medium
16475,0.6996,Medium
16635,0.6995,Medium
30308,0.6995,Medium
43924,0.6995,Medium
40288,0.6994,Medium
5822,0.6994,Medium
42127,0.6994,Medium
22624,0.6993,Medium
35564,0.6993,Medium
237,0.6992,Medium
21528,0.6992,Medium
33448,0.6992,Medium
2305,0.6992,Medium
12101,0.6991,Medium
47782,0.699,Medium
13026,0.6988,Medium
31389,0.6987,Medium
16079,0.6986,Medium
31912,0.6986,Medium
18067,0.6985,Medium
35891,0.6985,Medium
27788,0.6984,Medium
9440,0.6984,Medium
31453,0.6983,Medium
11653,0.6982,Medium
45537,0.6982,Medium
14633,0.698,Medium
26592,0.6979,Medium
16228,0.6979,Medium
39962,0.6978,Medium
522,0.6977,Medium
34930,0.6976,Medium
6540,0.6975,Medium
7627,0.6973,Medium
6017,0.6972,Medium
11988,0.6971,Medium
10856,0.6969,Medium
39118,0.6969,Medium
34892,0.6967,Medium
47135,0.6967,Medium
192,0.6967,Medium
40345,0.6967,Medium
41217,0.6966,Medium
23598,0.6966,Medium
33725,0.6965,Medium
5954,0.6965,Medium
50368,0.6965,Medium
14149,0.6965,Medium
43612,0.6964,Medium
496,0.6964,Medium
22289,0.6964,Medium
31124,0.6963,Medium
9325,0.696,Medium
49021,0.696,Medium
45832,0.6959,Medium
16474,0.6959,Medium
19961,0.6959,Medium
16007,0.6958,Medium
17682,0.6958,Medium
34546,0.6957,Medium
19082,0.6956,Medium
50412,0.6956,Medium
12215,0.6953,Medium
9337,0.6952,Medium
17571,0.6952,Medium
36616,0.6952,Medium
18458,0.6951,Medium
44626,0.6951,Medium
22450,0.695,Medium
43890,0.6948,Medium
30268,0.6948,Medium
21664,0.6948,Medium
34614,0.6947,Medium
34579,0.6946,Medium
10523,0.6946,Medium
32549,0.6945,Medium
17239,0.6945,Medium
21273,0.6945,Medium
4883,0.6944,Medium
5535,0.6944,Medium
28548,0.6943,Medium
48216,0.6943,Medium
51581,0.6943,Medium
19773,0.6943,Medium
27086,0.6942,Medium
22851,0.6941,Medium
12887,0.6941,Medium
47381,0.694,Medium
34876,0.6939,Medium
11339,0.6939,Medium
19699,0.6939,Medium
47518,0.6938,Medium
43910,0.6938,Medium
36946,0.6938,Medium
2919,0.6938,Medium
5937,0.6936,Medium
46660,0.6935,Medium
36430,0.6935,Medium
20126,0.6934,Medium
12141,0.6933,Medium
21620,0.6933,Medium
8750,0.6932,Medium
11384,0.6932,Medium
13581,0.6931,Medium
42116,0.693,Medium
15755,0.693,Medium
6312,0.6929,Medium
20416,0.6929,Medium
18454,0.6929,Medium
18987,0.6928,Medium
29927,0.6928,Medium
51544,0.6928,Medium
31247,0.6927,Medium
17518,0.6927,Medium
3764,0.6925,Medium
19258,0.6925,Medium
38387,0.6925,Medium
9583,0.6924,Medium
10549,0.6924,Medium
12617,0.6924,Medium
30403,0.6924,Medium
45982,0.6924,Medium
17516,0.6921,Medium
551,0.6919,Medium
44656,0.6917,Medium
20154,0.6917,Medium
47196,0.6915,Medium
16091,0.6915,Medium
7151,0.6914,Medium
30478,0.6913,Medium
4235,0.6913,Medium
26937,0.6913,Medium
43289,0.6911,Medium
4290,0.6911,Medium
11027,0.6908,Medium
8175,0.6906,Medium
14560,0.6906,Medium
36203,0.6905,Medium
17890,0.6904,Medium
404,0.6902,Medium
13276,0.6901,Medium
16870,0.69,Medium
51361,0.6899,Medium
24522,0.6899,Medium
8043,0.6898,Medium
220,0.6898,Medium
24418,0.6894,Medium
15361,0.6894,Medium
50972,0.6894,Medium
10372,0.6892,Medium
46278,0.6891,Medium
285,0.6891,Medium
22251,0.6891,Medium
22153,0.6891,Medium
39273,0.689,Medium
2001,0.6889,Medium
48647,0.6888,Medium
35751,0.6888,Medium
9577,0.6887,Medium
3949,0.6887,Medium
19065,0.6887,Medium
31040,0.6887,Medium
40799,0.6885,Medium
23152,0.6884,Medium
23913,0.6883,Medium
7793,0.6883,Medium
901,0.6883,Medium
5375,0.6882,Medium
35967,0.6882,Medium
1382,0.6882,Medium
29750,0.6878,Medium
2460,0.6877,Medium
32427,0.6876,Medium
28213,0.6876,Medium
51312,0.6876,Medium
807,0.6875,Medium
5614,0.6875,Medium
36792,0.6875,Medium
47627,0.6874,Medium
23829,0.6874,Medium
4011,0.6873,Medium
4329,0.6873,Medium
11139,0.6872,Medium
8958,0.6871,Medium
32107,0.687,Medium
39284,0.6869,Medium
44834,0.6868,Medium
42500,0.6867,Medium
47674,0.6867,Medium
9349,0.6866,Medium
25777,0.6865,Medium
50111,0.6865,Medium
36093,0.6863,Medium
4797,0.6861,Medium
5799,0.6861,Medium
6368,0.6861,Medium
969,0.686,Medium
15093,0.6859,Medium
44348,0.6859,Medium
12684,0.6858,Medium
23146,0.6858,Medium
14781,0.6857,Medium
32113,0.6857,Medium
31430,0.6857,Medium
9210,0.6856,Medium
45693,0.6855,Medium
46032,0.6855,Medium
433,0.6854,Medium
49164,0.6853,Medium
25670,0.6852,Medium
33493,0.6852,Medium
14160,0.6852,Medium
24252,0.6852,Medium
32543,0.6851,Medium
22446,0.685,Medium
7766,0.6848,Medium
37981,0.6848,Medium
38678,0.6848,Medium
310,0.6846,Medium
10533,0.6845,Medium
26998,0.6844,Medium
32651,0.6844,Medium
25653,0.6844,Medium
45414,0.6844,Medium
21360,0.6843,Medium
3325,0.6842,Medium
19261,0.6842,Medium
2313,0.6842,Medium
17272,0.6841,Medium
40466,0.6841,Medium
39001,0.6841,Medium
8151,0.684,Medium
36188,0.684,Medium
9830,0.684,Medium
16024,0.684,Medium
20934,0.6838,Medium
33860,0.6838,Medium
16726,0.6837,Medium
19028,0.6836,Medium
2563,0.6835,Medium
2594,0.6833,Medium
3828,0.6831,Medium
24046,0.6831,Medium
37488,0.6831,Medium
23510,0.6828,Medium
12507,0.6828,Medium
41181,0.6827,Medium
28344,0.6827,Medium
47917,0.6825,Medium
4936,0.6825,Medium
28786,0.6825,Medium
41895,0.6824,Medium
2168,0.6823,Medium
47271,0.6822,Medium
35264,0.6822,Medium
51708,0.682,Medium
49261,0.682,Medium
16749,0.682,Medium
33631,0.6819,Medium
4512,0.6819,Medium
32658,0.6818,Medium
40580,0.6818,Medium
20629,0.6817,Medium
18716,0.6817,Medium
37768,0.6817,Medium
5861,0.6816,Medium
35235,0.6814,Medium
27403,0.6813,Medium
4467,0.6813,Medium
5261,0.6813,Medium
38914,0.6812,Medium
12231,0.6811,Medium
2758,0.681,Medium
15681,0.6809,Medium
49683,0.6809,Medium
39069,0.6808,Medium
24733,0.6808,Medium
46712,0.6808,Medium
48122,0.6808,Medium
21617,0.6806,Medium
18474,0.6806,Medium
36589,0.6805,Medium
29518,0.6804,Medium
19130,0.6803,Medium
12563,0.6802,Medium
44445,0.6802,Medium
35469,0.6802,Medium
25181,0.6801,Medium
9278,0.6801,Medium
7240,0.6798,Medium
35150,0.6798,Medium
35159,0.6796,Medium
34564,0.6796,Medium
47223,0.6795,Medium
3817,0.6794,Medium
42667,0.6794,Medium
51809,0.6794,Medium
37555,0.6794,Medium
27446,0.6793,Medium
8128,0.6792,Medium
33431,0.6791,Medium
26190,0.6789,Medium
19515,0.6789,Medium
26304,0.6788,Medium
42878,0.6787,Medium
2677,0.6787,Medium
40044,0.6786,Medium
7083,0.6785,Medium
37633,0.6785,Medium
15834,0.6784,Medium
33215,0.6783,Medium
41809,0.6783,Medium
26111,0.6782,Medium
32345,0.6781,Medium
50444,0.6779,Medium
8660,0.6779,Medium
16568,0.6778,Medium
29260,0.6778,Medium
21287,0.6777,Medium
10297,0.6777,Medium
40987,0.6775,Medium
31304,0.6775,Medium
23281,0.6772,Medium
25915,0.6772,Medium
62,0.6772,Medium
16888,0.6771,Medium
953,0.677,Medium
14549,0.6769,Medium
44854,0.6769,Medium
2021,0.6769,Medium
47059,0.6766,Medium
10122,0.6765,Medium
19684,0.6764,Medium
40946,0.6764,Medium
39768,0.6763,Medium
26985,0.6763,Medium
30297,0.6761,Medium
15977,0.676,Medium
1179,0.676,Medium
22101,0.676,Medium
46535,0.6759,Medium
40140,0.6757,Medium
49712,0.6756,Medium
28282,0.6756,Medium
4490,0.6755,Medium
36222,0.6755,Medium
8108,0.6754,Medium
30467,0.6754,Medium
4998,0.6753,Medium
27314,0.6752,Medium
34739,0.6752,Medium
8400,0.6751,Medium
902,0.6751,Medium
36658,0.6749,Medium
34185,0.6746,Medium
20683,0.6746,Medium
49675,0.6746,Medium
33569,0.6745,Medium
22049,0.6745,Medium
3371,0.6745,Medium
44275,0.6745,Medium
47783,0.6745,Medium
20070,0.6744,Medium
26673,0.6743,Medium
2555,0.6743,Medium
18342,0.6742,Medium
43461,0.6741,Medium
15491,0.6741,Medium
24264,0.674,Medium
9479,0.6739,Medium
48104,0.6738,Medium
23293,0.6738,Medium
51909,0.6737,Medium
113,0.6735,Medium
10337,0.6734,Medium
50686,0.6734,Medium
41510,0.6732,Medium
37956,0.6732,Medium
30232,0.6732,Medium
9409,0.6731,Medium
14295,0.673,Medium
34256,0.6729,Medium
38539,0.6729,Medium
30428,0.6729,Medium
44886,0.6728,Medium
589,0.6726,Medium
7737,0.6724,Medium
2865,0.6722,Medium
32738,0.6722,Medium
14030,0.6722,Medium
26643,0.6722,Medium
23549,0.6721,Medium
24386,0.6721,Medium
10584,0.672,Medium
13758,0.672,Medium
15761,0.6718,Medium
14209,0.6718,Medium
45684,0.6718,Medium
10795,0.6717,Medium
20221,0.6716,Medium
14907,0.6716,Medium
28836,0.6716,Medium
30191,0.6716,Medium
16526,0.6715,Medium
20497,0.6715,Medium
23805,0.6715,Medium
34734,0.6712,Medium
18891,0.6712,Medium
43327,0.6712,Medium
26260,0.6712,Medium
17633,0.6712,Medium
28491,0.6711,Medium
50481,0.6711,Medium
28789,0.6708,Medium
48152,0.6708,Medium
30996,0.6708,Medium
7538,0.6708,Medium
23006,0.6708,Medium
22191,0.6707,Medium
22076,0.6707,Medium
42482,0.6706,Medium
7835,0.6706,Medium
34311,0.6705,Medium
42210,0.6704,Medium
31781,0.6704,Medium
30769,0.6703,Medium
27740,0.6702,Medium
46853,0.6702,Medium
41713,0.6702,Medium
2058,0.6701,Medium
41151,0.67,Medium
33277,0.67,Medium
27173,0.6699,Medium
22878,0.6699,Medium
44650,0.6695,Medium
10662,0.6693,Medium
18893,0.6692,Medium
20347,0.6691,Medium
6734,0.6691,Medium
51755,0.6691,Medium
26255,0.669,Medium
18016,0.6689,Medium
36940,0.6688,Medium
21397,0.6688,Medium
13316,0.6687,Medium
31207,0.6686,Medium
22590,0.6686,Medium
17628,0.6686,Medium
48909,0.6685,Medium
28610,0.6684,Medium
27526,0.6683,Medium
26328,0.668,Medium
40104,0.668,Medium
6369,0.6679,Medium
939,0.6679,Medium
452,0.6679,Medium
13514,0.6678,Medium
1712,0.6677,Medium
14887,0.6677,Medium
19046,0.6676,Medium
28394,0.6675,Medium
4771,0.6674,Medium
17120,0.6673,Medium
39054,0.6673,Medium
49938,0.6671,Medium
42789,0.6671,Medium
13142,0.667,Medium
26494,0.667,Medium
44677,0.6669,Medium
25794,0.6668,Medium
32953,0.6668,Medium
40403,0.6668,Medium
14033,0.6667,Medium
51857,0.6665,Medium
24654,0.6664,Medium
18226,0.6663,Medium
49397,0.6663,Medium
9312,0.6663,Medium
8840,0.6663,Medium
40443,0.666,Medium
26875,0.6659,Medium
16174,0.6659,Medium
22958,0.6659,Medium
11415,0.6657,Medium
10388,0.6657,Medium
25812,0.6654,Medium
2567,0.6654,Medium
24478,0.6653,Medium
4126,0.6652,Medium
20832,0.6652,Medium
8794,0.6652,Medium
17475,0.6651,Medium
6991,0.6651,Medium
45441,0.6651,Medium
17866,0.6651,Medium
43665,0.665,Medium
41045,0.6649,Medium
48635,0.6649,Medium
652,0.6648,Medium
6801,0.6648,Medium
29448,0.6647,Medium
30790,0.6647,Medium
29631,0.6647,Medium
28448,0.6646,Medium
24249,0.6644,Medium
31121,0.6644,Medium
47286,0.6644,Medium
19595,0.6644,Medium
28337,0.6644,Medium
2315,0.6643,Medium
34718,0.6642,Medium
29047,0.6641,Medium
35686,0.664,Medium
41336,0.6639,Medium
2798,0.6638,Medium
6902,0.6636,Medium
32116,0.6636,Medium
6257,0.6636,Medium
46182,0.6636,Medium
32484,0.6635,Medium
35888,0.6634,Medium
20641,0.6634,Medium
46120,0.6633,Medium
26382,0.6633,Medium
47359,0.6632,Medium
37998,0.6632,Medium
42514,0.6632,Medium
47306,0.6631,Medium
11313,0.6631,Medium
7610,0.6631,Medium
24293,0.663,Medium
13818,0.663,Medium
20552,0.6629,Medium
27033,0.6629,Medium
14728,0.6628,Medium
7205,0.6626,Medium
12745,0.6625,Medium
6741,0.6624,Medium
27601,0.6624,Medium
17040,0.6623,Medium
182,0.6622,Medium
19278,0.6621,Medium
16401,0.6621,Medium
21631,0.6621,Medium
12218,0.6621,Medium
21085,0.662,Medium
3820,0.662,Medium
48203,0.6618,Medium
33628,0.6617,Medium
36278,0.6617,Medium
28749,0.6617,Medium
25417,0.6616,Medium
21050,0.6615,Medium
44464,0.6615,Medium
10380,0.6615,Medium
32189,0.6614,Medium
29617,0.6613,Medium
44499,0.6612,Medium
40794,0.6612,Medium
49660,0.6611,Medium
50847,0.661,Medium
17031,0.6609,Medium
22890,0.6609,Medium
16837,0.6607,Medium
50460,0.6607,Medium
6546,0.6607,Medium
6553,0.6606,Medium
23893,0.6606,Medium
33108,0.6606,Medium
35094,0.6606,Medium
45159,0.6605,Medium
21522,0.6605,Medium
11573,0.6604,Medium
13221,0.6603,Medium
21292,0.6603,Medium
1770,0.6603,Medium
26164,0.66,Medium
4556,0.6597,Medium
18975,0.6597,Medium
50535,0.6596,Medium
49215,0.6595,Medium
4116,0.6594,Medium
4327,0.6593,Medium
23436,0.6593,Medium
43670,0.6593,Medium
22116,0.6593,Medium
13370,0.6593,Medium
49737,0.6593,Medium
30408,0.6592,Medium
39867,0.6591,Medium
41345,0.6591,Medium
12131,0.6591,Medium
41306,0.659,Medium
44115,0.659,Medium
28574,0.6589,Medium
5662,0.6588,Medium
38858,0.6587,Medium
50263,0.6586,Medium
7758,0.6586,Medium
39814,0.6586,Medium
16639,0.6586,Medium
9755,0.6586,Medium
42078,0.6585,Medium
16443,0.6585,Medium
46494,0.6584,Medium
17782,0.6583,Medium
31615,0.6582,Medium
47157,0.6582,Medium
11879,0.6581,Medium
16308,0.658,Medium
23113,0.658,Medium
50357,0.658,Medium
25814,0.6579,Medium
51024,0.6579,Medium
917,0.6579,Medium
11546,0.6578,Medium
16791,0.6578,Medium
8972,0.6578,Medium
11854,0.6577,Medium
21321,0.6576,Medium
10429,0.6575,Medium
43427,0.6574,Medium
23428,0.6573,Medium
19610,0.6573,Medium
18704,0.6572,Medium
21327,0.6572,Medium
22028,0.657,Medium
1489,0.6568,Medium
51719,0.6568,Medium
31996,0.6567,Medium
37566,0.6566,Medium
42271,0.6565,Medium
24294,0.6565,Medium
29213,0.6563,Medium
45083,0.6562,Medium
47839,0.6562,Medium
14737,0.6561,Medium
7217,0.6561,Medium
19099,0.656,Medium
26019,0.656,Medium
6025,0.656,Medium
15490,0.6559,Medium
27817,0.6559,Medium
8926,0.6559,Medium
28289,0.6559,Medium
7195,0.6558,Medium
5581,0.6557,Medium
49555,0.6555,Medium
22604,0.6551,Medium
38157,0.655,Medium
40047,0.655,Medium
14459,0.6549,Medium
39975,0.6549,Medium
18970,0.6549,Medium
18599,0.6548,Medium
32620,0.6547,Medium
38062,0.6546,Medium
34107,0.6544,Medium
40546,0.6544,Medium
18548,0.6543,Medium
28446,0.6543,Medium
20174,0.6542,Medium
50622,0.6541,Medium
25384,0.6541,Medium
493,0.654,Medium
10672,0.654,Medium
4729,0.654,Medium
43266,0.6538,Medium
15994,0.6536,Medium
12580,0.6535,Medium
32362,0.6531,Medium
47548,0.653,Medium
47971,0.653,Medium
40932,0.6529,Medium
29546,0.6527,Medium
3790,0.6526,Medium
7524,0.6526,Medium
17274,0.6526,Medium
2548,0.6526,Medium
35654,0.6525,Medium
29057,0.6522,Medium
37527,0.6522,Medium
27982,0.6522,Medium
1227,0.6522,Medium
18733,0.6521,Medium
37534,0.6519,Medium
14485,0.6519,Medium
10330,0.6518,Medium
6541,0.6517,Medium
39602,0.6516,Medium
10162,0.6515,Medium
4031,0.6515,Medium
2730,0.6514,Medium
30717,0.6514,Medium
30837,0.6514,Medium
1738,0.6511,Medium
16354,0.651,Medium
41341,0.651,Medium
44961,0.6509,Medium
24188,0.6506,Medium
1183,0.6506,Medium
39628,0.6504,Medium
37105,0.6503,Medium
48579,0.6503,Medium
1931,0.6502,Medium
43795,0.6501,Medium
32030,0.6501,Medium
27878,0.6499,Medium
26423,0.6499,Medium
26833,0.6498,Medium
4643,0.6497,Medium
17271,0.6494,Medium
16464,0.6493,Medium
38816,0.6493,Medium
37059,0.6492,Medium
17,0.6492,Medium
8685,0.6492,Medium
44646,0.6492,Medium
47042,0.649,Medium
23191,0.649,Medium
47356,0.6488,Medium
48529,0.6486,Medium
36999,0.6486,Medium
31818,0.6486,Medium
18765,0.6485,Medium
20982,0.6485,Medium
12562,0.6485,Medium
6271,0.6484,Medium
18211,0.6484,Medium
15749,0.6483,Medium
21037,0.6482,Medium
38213,0.6482,Medium
34214,0.6481,Medium
30097,0.6481,Medium
31984,0.6481,Medium
51959,0.6481,Medium
49416,0.648,Medium
47902,0.648,Medium
23603,0.648,Medium
43903,0.6479,Medium
12328,0.6479,Medium
5153,0.6477,Medium
15032,0.6476,Medium
23737,0.6476,Medium
18349,0.6476,Medium
1731,0.6476,Medium
38225,0.6475,Medium
21614,0.6474,Medium
20240,0.6474,Medium
21849,0.6474,Medium
46098,0.6473,Medium
16322,0.6473,Medium
5441,0.6472,Medium
28723,0.6472,Medium
15979,0.6472,Medium
36535,0.6472,Medium
48839,0.6468,Medium
34421,0.6468,Medium
3810,0.6468,Medium
45087,0.6467,Medium
46332,0.6466,Medium
43632,0.6465,Medium
11621,0.6465,Medium
48244,0.6463,Medium
21430,0.6463,Medium
20419,0.6462,Medium
17371,0.6462,Medium
21753,0.6461,Medium
45084,0.6459,Medium
24756,0.6458,Medium
45713,0.6458,Medium
24483,0.6457,Medium
11280,0.6457,Medium
40976,0.6456,Medium
4744,0.6456,Medium
39374,0.6454,Medium
4999,0.6454,Medium
16338,0.6452,Medium
8421,0.6451,Medium
29027,0.6451,Medium
33613,0.6451,Medium
34144,0.6451,Medium
20655,0.6449,Medium
27306,0.6447,Medium
36469,0.6446,Medium
5147,0.6446,Medium
14478,0.6445,Medium
12301,0.6444,Medium
1309,0.6444,Medium
6889,0.6443,Medium
37053,0.6443,Medium
43296,0.6443,Medium
3331,0.6443,Medium
25044,0.6441,Medium
3656,0.644,Medium
29724,0.644,Medium
39364,0.6437,Medium
17670,0.6436,Medium
31782,0.6435,Medium
21501,0.6435,Medium
4236,0.6434,Medium
46675,0.6433,Medium
19125,0.6433,Medium
18021,0.6432,Medium
18240,0.6432,Medium
41098,0.6431,Medium
41094,0.6431,Medium
32173,0.6431,Medium
9881,0.6431,Medium
24004,0.643,Medium
32556,0.6429,Medium
5522,0.6426,Medium
27018,0.6426,Medium
28973,0.6426,Medium
11933,0.6424,Medium
6457,0.6423,Medium
21690,0.6423,Medium
32161,0.6421,Medium
35689,0.6419,Medium
42002,0.6417,Medium
47147,0.6417,Medium
20045,0.6415,Medium
18950,0.6415,Medium
16606,0.6414,Medium
14546,0.6413,Medium
18862,0.641,Medium
36724,0.641,Medium
66,0.641,Medium
39792,0.641,Medium
24860,0.6408,Medium
22805,0.6407,Medium
8226,0.6407,Medium
51854,0.6406,Medium
42978,0.6404,Medium
26013,0.6403,Medium
16736,0.6403,Medium
34447,0.6403,Medium
1698,0.6403,Medium
44396,0.6402,Medium
45766,0.6401,Medium
51061,0.64,Medium
181,0.64,Medium
25759,0.6399,Medium
27771,0.6397,Medium
10355,0.6396,Medium
9063,0.6395,Medium
39236,0.6393,Medium
38264,0.6392,Medium
36596,0.639,Medium
31594,0.6388,Medium
5825,0.6388,Medium
43422,0.6387,Medium
32674,0.6386,Medium
33600,0.6385,Medium
45723,0.6383,Medium
44392,0.6383,Medium
13642,0.6382,Medium
22950,0.6382,Medium
38022,0.6382,Medium
48124,0.638,Medium
47555,0.638,Medium
6673,0.6379,Medium
26499,0.6378,Medium
8755,0.6378,Medium
5734,0.6376,Medium
5582,0.6376,Medium
29863,0.6375,Medium
36903,0.6375,Medium
1648,0.6375,Medium
32002,0.6374,Medium
28374,0.6373,Medium
51500,0.6372,Medium
36163,0.6372,Medium
32773,0.6371,Medium
23267,0.6371,Medium
16973,0.6369,Medium
43350,0.6369,Medium
10528,0.6369,Medium
18998,0.6368,Medium
18476,0.6367,Medium
17003,0.6366,Medium
3233,0.6366,Medium
24580,0.6364,Medium
37740,0.6362,Medium
46209,0.6362,Medium
12933,0.6361,Medium
31748,0.636,Medium
46817,0.636,Medium
44387,0.6359,Medium
24735,0.6359,Medium
27326,0.6359,Medium
154,0.6358,Medium
6296,0.6358,Medium
15115,0.6357,Medium
44076,0.6357,Medium
16706,0.6357,Medium
31903,0.6357,Medium
261,0.6355,Medium
21999,0.6354,Medium
30286,0.6354,Medium
15326,0.6351,Medium
34058,0.6348,Medium
13842,0.6347,Medium
36466,0.6345,Medium
36103,0.6344,Medium
22433,0.6341,Medium
9021,0.6341,Medium
8211,0.634,Medium
19167,0.6339,Medium
12174,0.6339,Medium
28078,0.6339,Medium
1307,0.6338,Medium
48212,0.6337,Medium
31398,0.6337,Medium
37922,0.6336,Medium
33187,0.6336,Medium
860,0.6336,Medium
19208,0.6334,Medium
13892,0.6333,Medium
13912,0.6333,Medium
2750,0.6332,Medium
38905,0.6332,Medium
51838,0.6331,Medium
13320,0.6331,Medium
51798,0.6331,Medium
19127,0.633,Medium
28543,0.633,Medium
20609,0.6329,Medium
13335,0.6328,Medium
20678,0.6328,Medium
15035,0.6327,Medium
21689,0.6326,Medium
12069,0.6326,Medium
48072,0.6325,Medium
2282,0.6325,Medium
22847,0.6325,Medium
10288,0.6324,Medium
11634,0.6324,Medium
26215,0.6323,Medium
15679,0.6323,Medium
25431,0.6322,Medium
18362,0.6321,Medium
51882,0.6321,Medium
24424,0.6319,Medium
21606,0.6317,Medium
28840,0.6315,Medium
750,0.6315,Medium
51009,0.6315,Medium
3381,0.6315,Medium
39400,0.6314,Medium
46426,0.6314,Medium
24947,0.6314,Medium
12738,0.6313,Medium
28682,0.6311,Medium
14394,0.631,Medium
23894,0.6308,Medium
45057,0.6308,Medium
3193,0.6308,Medium
49982,0.6307,Medium
5950,0.6307,Medium
43397,0.6306,Medium
30185,0.6306,Medium
20882,0.6305,Medium
21334,0.6304,Medium
51782,0.6304,Medium
17841,0.6304,Medium
14101,0.6303,Medium
36354,0.6303,Medium
43759,0.6303,Medium
28088,0.6302,Medium
19934,0.6302,Medium
46192,0.6302,Medium
6286,0.6301,Medium
40999,0.6301,Medium
9813,0.63,Medium
22091,0.63,Medium
7470,0.63,Medium
32926,0.6298,Medium
34465,0.6297,Medium
37310,0.6296,Medium
11152,0.6296,Medium
36209,0.6296,Medium
23492,0.6295,Medium
26417,0.6293,Medium
50182,0.6292,Medium
35515,0.6292,Medium
37003,0.6291,Medium
32267,0.629,Medium
23352,0.629,Medium
36116,0.6289,Medium
25207,0.6289,Medium
36819,0.6289,Medium
49805,0.6289,Medium
32522,0.6288,Medium
21286,0.6288,Medium
23040,0.6287,Medium
38257,0.6285,Medium
17977,0.6283,Medium
47969,0.6283,Medium
50640,0.6282,Medium
32940,0.628,Medium
23432,0.628,Medium
51803,0.628,Medium
34871,0.628,Medium
6744,0.6279,Medium
20839,0.6278,Medium
706,0.6278,Medium
9979,0.6277,Medium
16164,0.6276,Medium
39397,0.6276,Medium
40926,0.6275,Medium
10874,0.6274,Medium
10484,0.6274,Medium
40842,0.6274,Medium
48112,0.6273,Medium
14004,0.6273,Medium
20905,0.6273,Medium
19879,0.6272,Medium
9086,0.6272,Medium
1880,0.6271,Medium
36781,0.6271,Medium
35250,0.6269,Medium
47959,0.6269,Medium
32521,0.6269,Medium
18997,0.6268,Medium
34441,0.6267,Medium
216,0.6266,Medium
25582,0.6265,Medium
33097,0.6264,Medium
22606,0.6263,Medium
5467,0.6262,Medium
20052,0.6261,Medium
18199,0.6261,Medium
19831,0.626,Medium
13705,0.6259,Medium
30970,0.6258,Medium
38193,0.6258,Medium
30671,0.6258,Medium
32099,0.6258,Medium
22959,0.6258,Medium
12746,0.6257,Medium
14975,0.6257,Medium
5361,0.6255,Medium
44654,0.6254,Medium
51580,0.6254,Medium
3250,0.6254,Medium
46040,0.6253,Medium
13330,0.6252,Medium
48674,0.6251,Medium
17205,0.6251,Medium
4863,0.6251,Medium
47397,0.6251,Medium
8695,0.625,Medium
14306,0.625,Medium
21418,0.6249,Medium
14898,0.6249,Medium
31397,0.6247,Medium
51445,0.6246,Medium
33436,0.6246,Medium
2101,0.6246,Medium
33151,0.6245,Medium
490,0.6245,Medium
35610,0.6244,Medium
1187,0.6243,Medium
25914,0.6242,Medium
476,0.6242,Medium
5962,0.6241,Medium
7977,0.6241,Medium
6285,0.624,Medium
26910,0.6239,Medium
25819,0.6239,Medium
13550,0.6238,Medium
39101,0.6237,Medium
36378,0.6237,Medium
20549,0.6236,Medium
3601,0.6235,Medium
25434,0.6235,Medium
44198,0.6234,Medium
50380,0.6233,Medium
42543,0.6233,Medium
33091,0.6232,Medium
24899,0.6232,Medium
45784,0.6231,Medium
35953,0.623,Medium
16673,0.6228,Medium
17484,0.6227,Medium
6269,0.6227,Medium
3267,0.6226,Medium
37173,0.6225,Medium
10240,0.6225,Medium
508,0.6224,Medium
27421,0.6224,Medium
16785,0.6224,Medium
23602,0.6223,Medium
33161,0.6223,Medium
7988,0.6223,Medium
4373,0.6222,Medium
50375,0.6221,Medium
6103,0.6221,Medium
27433,0.622,Medium
25104,0.622,Medium
23028,0.6219,Medium
48752,0.6219,Medium
46427,0.6219,Medium
30025,0.6218,Medium
34264,0.6218,Medium
49318,0.6216,Medium
40330,0.6214,Medium
49685,0.6214,Medium
19413,0.6213,Medium
9247,0.6213,Medium
6678,0.6212,Medium
6934,0.6212,Medium
42402,0.6211,Medium
23811,0.621,Medium
7546,0.6209,Medium
13773,0.6209,Medium
26879,0.6209,Medium
14424,0.6208,Medium
43948,0.6208,Medium
48182,0.6207,Medium
50207,0.6207,Medium
46408,0.6206,Medium
24570,0.6206,Medium
7815,0.6205,Medium
35503,0.6205,Medium
16813,0.6204,Medium
45304,0.6202,Medium
6791,0.6202,Medium
32920,0.6201,Medium
2480,0.6201,Medium
43409,0.62,Medium
34811,0.62,Medium
20212,0.6199,Medium
37132,0.6197,Medium
43827,0.6197,Medium
21506,0.6197,Medium
43569,0.6196,Medium
20434,0.6195,Medium
49407,0.6194,Medium
23974,0.6194,Medium
13498,0.6193,Medium
8488,0.6193,Medium
41286,0.6193,Medium
49237,0.6193,Medium
24354,0.6192,Medium
10538,0.6191,Medium
30241,0.6191,Medium
35904,0.6191,Medium
23857,0.619,Medium
25579,0.619,Medium
46558,0.619,Medium
2691,0.619,Medium
24814,0.619,Medium
10332,0.6186,Medium
21136,0.6185,Medium
48613,0.6185,Medium
18669,0.6184,Medium
48536,0.6184,Medium
6298,0.6183,Medium
37667,0.6183,Medium
16431,0.6182,Medium
13174,0.6182,Medium
18366,0.6181,Medium
50580,0.6179,Medium
43729,0.6179,Medium
34901,0.6178,Medium
27707,0.6177,Medium
41756,0.6175,Medium
13536,0.6175,Medium
14102,0.6174,Medium
33221,0.6174,Medium
17714,0.6173,Medium
24827,0.6173,Medium
23844,0.6173,Medium
389,0.6173,Medium
38908,0.6173,Medium
25827,0.6172,Medium
2752,0.6172,Medium
33333,0.6172,Medium
17358,0.6171,Medium
9845,0.6171,Medium
23208,0.617,Medium
23655,0.6169,Medium
19200,0.6168,Medium
15108,0.6167,Medium
13566,0.6166,Medium
36990,0.6166,Medium
13032,0.6164,Medium
20228,0.6164,Medium
30499,0.6162,Medium
43490,0.6157,Medium
33546,0.6157,Medium
37186,0.6157,Medium
29449,0.6157,Medium
11649,0.6156,Medium
31079,0.6155,Medium
35219,0.6155,Medium
6456,0.6155,Medium
16057,0.6153,Medium
14805,0.6153,Medium
17826,0.6153,Medium
6486,0.6152,Medium
45325,0.6152,Medium
12428,0.6151,Medium
38983,0.615,Medium
48174,0.615,Medium
10914,0.615,Medium
30736,0.6149,Medium
50184,0.6148,Medium
17698,0.6148,Medium
1603,0.6148,Medium
35518,0.6148,Medium
1932,0.6147,Medium
10306,0.6146,Medium
33823,0.6145,Medium
17042,0.6145,Medium
8359,0.6144,Medium
47864,0.6143,Medium
24949,0.6143,Medium
42954,0.6142,Medium
19207,0.6141,Medium
38094,0.6141,Medium
41324,0.614,Medium
47641,0.6139,Medium
6723,0.6139,Medium
29430,0.6139,Medium
47657,0.6139,Medium
9216,0.6139,Medium
5421,0.6139,Medium
11257,0.6138,Medium
7809,0.6138,Medium
8460,0.6137,Medium
26715,0.6137,Medium
13220,0.6137,Medium
30903,0.6137,Medium
35735,0.6137,Medium
24841,0.6137,Medium
21873,0.6136,Medium
40956,0.6136,Medium
27897,0.6136,Medium
43917,0.6135,Medium
31047,0.6135,Medium
22310,0.6135,Medium
50732,0.6135,Medium
28969,0.6135,Medium
22344,0.6135,Medium
23349,0.6135,Medium
7352,0.6134,Medium
159,0.6134,Medium
23493,0.6134,Medium
15297,0.6133,Medium
41855,0.6133,Medium
11696,0.6133,Medium
20848,0.6133,Medium
10990,0.6133,Medium
28934,0.6132,Medium
23740,0.6132,Medium
4379,0.6132,Medium
14178,0.6132,Medium
38553,0.6131,Medium
30653,0.6131,Medium
28869,0.6131,Medium
40015,0.613,Medium
30962,0.613,Medium
40059,0.613,Medium
28400,0.6129,Medium
46632,0.6128,Medium
4449,0.6128,Medium
512,0.6125,Medium
14529,0.6125,Medium
27422,0.6124,Medium
47883,0.6124,Medium
25532,0.6124,Medium
38025,0.6123,Medium
48655,0.6123,Medium
41813,0.6121,Medium
21383,0.6121,Medium
10525,0.6121,Medium
48626,0.612,Medium
5913,0.612,Medium
30678,0.6119,Medium
45500,0.6119,Medium
1978,0.6118,Medium
4301,0.6118,Medium
50473,0.6118,Medium
44914,0.6118,Medium
9038,0.6118,Medium
51914,0.6117,Medium
20585,0.6116,Medium
43241,0.6115,Medium
49214,0.6115,Medium
29232,0.6115,Medium
5591,0.6115,Medium
3879,0.6113,Medium
27012,0.6112,Medium
18578,0.6112,Medium
26103,0.6111,Medium
49604,0.6111,Medium
18925,0.611,Medium
38660,0.6109,Medium
15485,0.6109,Medium
41106,0.6108,Medium
4200,0.6107,Medium
35987,0.6106,Medium
47084,0.6105,Medium
20793,0.6105,Medium
29181,0.6105,Medium
803,0.6105,Medium
11605,0.6104,Medium
50782,0.6104,Medium
17574,0.6103,Medium
51879,0.6102,Medium
26557,0.6102,Medium
37712,0.6102,Medium
4612,0.6102,Medium
32948,0.6101,Medium
33618,0.6099,Medium
43862,0.6095,Medium
34039,0.6095,Medium
2309,0.6095,Medium
12062,0.6093,Medium
46066,0.6093,Medium
51767,0.6093,Medium
37489,0.6093,Medium
27110,0.6092,Medium
2686,0.6091,Medium
21344,0.6091,Medium
51423,0.6091,Medium
44419,0.6091,Medium
10069,0.609,Medium
250,0.609,Medium
8130,0.6089,Medium
13373,0.6088,Medium
36245,0.6088,Medium
31774,0.6087,Medium
28798,0.6086,Medium
15141,0.6086,Medium
6069,0.6085,Medium
20317,0.6085,Medium
38913,0.6085,Medium
23547,0.6085,Medium
4717,0.6084,Medium
16730,0.6084,Medium
33459,0.6082,Medium
42075,0.6082,Medium
21357,0.6082,Medium
1437,0.6081,Medium
46369,0.608,Medium
36154,0.608,Medium
25766,0.608,Medium
50853,0.6079,Medium
49130,0.6079,Medium
35491,0.6079,Medium
41979,0.6077,Medium
9548,0.6076,Medium
4876,0.6076,Medium
47781,0.6075,Medium
28084,0.6074,Medium
2524,0.6074,Medium
18697,0.6074,Medium
45812,0.6074,Medium
50437,0.6074,Medium
51049,0.6073,Medium
24416,0.6073,Medium
30813,0.6072,Medium
5645,0.6072,Medium
874,0.6072,Medium
6566,0.6071,Medium
23634,0.607,Medium
4889,0.6068,Medium
18671,0.6067,Medium
40735,0.6066,Medium
47451,0.6066,Medium
22548,0.6066,Medium
44391,0.6065,Medium
10827,0.6065,Medium
17250,0.6064,Medium
48902,0.6064,Medium
49968,0.6063,Medium
25669,0.6063,Medium
27622,0.6062,Medium
9603,0.6062,Medium
22379,0.6061,Medium
38842,0.6061,Medium
13519,0.606,Medium
2930,0.6059,Medium
22354,0.6058,Medium
7330,0.6058,Medium
27329,0.6058,Medium
8245,0.6056,Medium
26025,0.6055,Medium
12761,0.6054,Medium
48639,0.6053,Medium
23185,0.6053,Medium
22152,0.6053,Medium
13021,0.6052,Medium
721,0.6052,Medium
13289,0.6051,Medium
42360,0.6051,Medium
5315,0.6051,Medium
15245,0.6051,Medium
23750,0.605,Medium
46657,0.6048,Medium
2946,0.6048,Medium
48528,0.6048,Medium
9464,0.6048,Medium
30850,0.6047,Medium
25307,0.6047,Medium
40741,0.6046,Medium
24937,0.6046,Medium
7587,0.6045,Medium
9960,0.6044,Medium
5743,0.6044,Medium
6214,0.6044,Medium
28865,0.6043,Medium
28230,0.6043,Medium
9611,0.6042,Medium
7249,0.6042,Medium
7212,0.6042,Medium
34289,0.6041,Medium
41784,0.6041,Medium
348,0.604,Medium
23451,0.604,Medium
36742,0.6039,Medium
12800,0.6039,Medium
5400,0.6039,Medium
14694,0.6039,Medium
25977,0.6039,Medium
47921,0.6038,Medium
35965,0.6037,Medium
24821,0.6037,Medium
14418,0.6035,Medium
18341,0.6035,Medium
3891,0.6034,Medium
33323,0.6033,Medium
46417,0.6033,Medium
35828,0.6033,Medium
21134,0.6032,Medium
15567,0.6032,Medium
36717,0.6031,Medium
44505,0.603,Medium
17039,0.603,Medium
41780,0.603,Medium
18302,0.6029,Medium
26141,0.6028,Medium
42398,0.6028,Medium
42051,0.6027,Medium
8803,0.6027,Medium
47419,0.6027,Medium
43036,0.6026,Medium
42836,0.6026,Medium
8365,0.6026,Medium
20671,0.6025,Medium
49783,0.6024,Medium
13250,0.6023,Medium
36314,0.6023,Medium
25904,0.6023,Medium
179,0.6021,Medium
24224,0.6021,Medium
15534,0.602,Medium
44999,0.6019,Medium
29741,0.6018,Medium
30176,0.6017,Medium
7005,0.6017,Medium
42668,0.6016,Medium
48584,0.6015,Medium
11009,0.6015,Medium
9110,0.6014,Medium
15080,0.6014,Medium
40733,0.6014,Medium
29843,0.6013,Medium
8486,0.6012,Medium
42411,0.6012,Medium
197,0.6011,Medium
14662,0.6011,Medium
51817,0.601,Medium
36016,0.6009,Medium
640,0.6008,Medium
48880,0.6008,Medium
1226,0.6008,Medium
17296,0.6007,Medium
46204,0.6007,Medium
19022,0.6006,Medium
14333,0.6004,Medium
15763,0.6004,Medium
43425,0.6002,Medium
47512,0.6001,Medium
45438,0.6,Medium
47087,0.5999,Medium
21441,0.5999,Medium
3488,0.5998,Medium
10030,0.5997,Medium
24246,0.5995,Medium
326,0.5995,Medium
39152,0.5995,Medium
24216,0.5995,Medium
41065,0.5993,Medium
6225,0.5993,Medium
34649,0.5993,Medium
37002,0.5993,Medium
18910,0.5992,Medium
46731,0.5992,Medium
13269,0.5992,Medium
2577,0.5991,Medium
46164,0.599,Medium
45939,0.599,Medium
31438,0.599,Medium
50129,0.599,Medium
24782,0.5989,Medium
31937,0.5988,Medium
13092,0.5988,Medium
19766,0.5988,Medium
16023,0.5988,Medium
3353,0.5986,Medium
34417,0.5985,Medium
25336,0.5985,Medium
19286,0.5984,Medium
33201,0.5983,Medium
21452,0.5983,Medium
3333,0.5983,Medium
15241,0.5983,Medium
41304,0.5983,Medium
40785,0.5982,Medium
26009,0.5982,Medium
28414,0.5982,Medium
11080,0.5981,Medium
41930,0.5981,Medium
50339,0.5981,Medium
49631,0.598,Medium
3633,0.598,Medium
51875,0.598,Medium
34929,0.598,Medium
14719,0.5979,Medium
44796,0.5979,Medium
14583,0.5979,Medium
12277,0.5979,Medium
47382,0.5978,Medium
40315,0.5978,Medium
48075,0.5978,Medium
43696,0.5977,Medium
30664,0.5977,Medium
7867,0.5975,Medium
13028,0.5974,Medium
10065,0.5974,Medium
46521,0.5974,Medium
21337,0.5973,Medium
50863,0.5973,Medium
5775,0.5972,Medium
18763,0.5972,Medium
26468,0.597,Medium
11335,0.597,Medium
43773,0.597,Medium
14783,0.597,Medium
32942,0.5969,Medium
47604,0.5968,Medium
35123,0.5968,Medium
38478,0.5967,Medium
14200,0.5966,Medium
14876,0.5965,Medium
21406,0.5964,Medium
37899,0.5964,Medium
41795,0.5963,Medium
16536,0.5963,Medium
2358,0.5962,Medium
20553,0.5961,Medium
15372,0.596,Medium
3301,0.5959,Medium
27232,0.5958,Medium
21006,0.5958,Medium
12074,0.5958,Medium
39014,0.5956,Medium
8125,0.5955,Medium
15732,0.5955,Medium
1910,0.5954,Medium
39297,0.5954,Medium
27179,0.5953,Medium
20281,0.5952,Medium
7383,0.5951,Medium
5859,0.5951,Medium
51791,0.5949,Medium
12064,0.5949,Medium
15345,0.5949,Medium
3454,0.5947,Medium
6210,0.5947,Medium
20220,0.5946,Medium
31701,0.5946,Medium
3343,0.5946,Medium
35037,0.5946,Medium
43413,0.5945,Medium
11830,0.5945,Medium
47726,0.5944,Medium
49514,0.5943,Medium
40428,0.5943,Medium
17701,0.5943,Medium
8713,0.5943,Medium
35485,0.5941,Medium
18489,0.5941,Medium
13352,0.5941,Medium
18215,0.594,Medium
20280,0.594,Medium
47201,0.5938,Medium
21998,0.5938,Medium
48238,0.5938,Medium
36594,0.5938,Medium
3466,0.5937,Medium
48430,0.5937,Medium
13199,0.5936,Medium
21266,0.5935,Medium
7713,0.5935,Medium
10220,0.5935,Medium
30993,0.5934,Medium
36197,0.5934,Medium
27027,0.5933,Medium
39755,0.5933,Medium
39288,0.5933,Medium
42023,0.5933,Medium
21410,0.5932,Medium
25560,0.5931,Medium
29794,0.5931,Medium
2593,0.593,Medium
25432,0.593,Medium
30948,0.593,Medium
8572,0.5929,Medium
22368,0.5928,Medium
29606,0.5928,Medium
3219,0.5927,Medium
27415,0.5926,Medium
17851,0.5925,Medium
7429,0.5924,Medium
21173,0.5924,Medium
1060,0.5924,Medium
34031,0.5923,Medium
40988,0.5923,Medium
17273,0.5923,Medium
5690,0.5923,Medium
2592,0.5922,Medium
30777,0.5922,Medium
43269,0.5922,Medium
2245,0.5922,Medium
36375,0.5921,Medium
17772,0.5919,Medium
39415,0.5919,Medium
49559,0.5919,Medium
36175,0.5918,Medium
13709,0.5917,Medium
32023,0.5917,Medium
1351,0.5917,Medium
20341,0.5916,Medium
5862,0.5915,Medium
8140,0.5914,Medium
33080,0.5913,Medium
46517,0.5913,Medium
38585,0.5913,Medium
44756,0.5913,Medium
3834,0.5913,Medium
14670,0.5912,Medium
39706,0.5912,Medium
24984,0.5912,Medium
39294,0.5912,Medium
23241,0.5912,Medium
23904,0.591,Medium
29536,0.5909,Medium
23253,0.5909,Medium
48799,0.5907,Medium
33031,0.5907,Medium
37225,0.5906,Medium
20600,0.5905,Medium
12179,0.5904,Medium
36597,0.5902,Medium
23853,0.5902,Medium
28615,0.5901,Medium
31306,0.5901,Medium
11150,0.5901,Medium
22396,0.59,Medium
49245,0.59,Medium
16965,0.59,Medium
23785,0.5899,Medium
23385,0.5899,Medium
17479,0.5899,Medium
14039,0.5898,Medium
5444,0.5896,Medium
34808,0.5896,Medium
10353,0.5896,Medium
46501,0.5894,Medium
28334,0.5893,Medium
23961,0.5893,Medium
25325,0.5891,Medium
14480,0.5891,Medium
47004,0.5891,Medium
36909,0.5891,Medium
42259,0.5891,Medium
27427,0.5891,Medium
22017,0.5891,Medium
7560,0.5891,Medium
5538,0.5891,Medium
836,0.589,Medium
36701,0.589,Medium
1711,0.589,Medium
42150,0.589,Medium
33679,0.5889,Medium
39166,0.5888,Medium
24678,0.5887,Medium
37708,0.5887,Medium
19820,0.5887,Medium
41590,0.5887,Medium
26992,0.5887,Medium
13873,0.5885,Medium
29772,0.5883,Medium
23238,0.5883,Medium
20650,0.5882,Medium
29293,0.5882,Medium
16625,0.5882,Medium
8103,0.5881,Medium
45474,0.588,Medium
25729,0.5878,Medium
49366,0.5877,Medium
22208,0.5876,Medium
47811,0.5875,Medium
35435,0.5874,Medium
37516,0.5873,Medium
4814,0.5872,Medium
24176,0.5872,Medium
3012,0.5871,Medium
49400,0.5871,Medium
7214,0.5871,Medium
5182,0.5871,Medium
6983,0.5871,Medium
6856,0.5871,Medium
21323,0.587,Medium
37436,0.5869,Medium
43017,0.5869,Medium
15764,0.5869,Medium
45687,0.5869,Medium
30906,0.5869,Medium
2852,0.5868,Medium
9142,0.5868,Medium
5846,0.5868,Medium
50003,0.5868,Medium
30303,0.5868,Medium
16234,0.5867,Medium
19083,0.5867,Medium
12889,0.5865,Medium
35839,0.5865,Medium
13351,0.5865,Medium
15532,0.5865,Medium
3679,0.5865,Medium
49004,0.5864,Medium
30901,0.5864,Medium
9618,0.5864,Medium
17045,0.5864,Medium
31373,0.5863,Medium
40231,0.5862,Medium
40633,0.5861,Medium
23295,0.586,Medium
17316,0.586,Medium
11271,0.5859,Medium
48293,0.5858,Medium
40628,0.5858,Medium
5925,0.5858,Medium
27078,0.5857,Medium
9427,0.5856,Medium
2654,0.5854,Medium
39154,0.5854,Medium
46643,0.5854,Medium
35662,0.5852,Medium
35952,0.5852,Medium
36830,0.5852,Medium
17242,0.5852,Medium
12452,0.5851,Medium
42607,0.5851,Medium
16140,0.585,Medium
35907,0.585,Medium
28417,0.5849,Medium
6111,0.5849,Medium
38590,0.5849,Medium
30131,0.5849,Medium
50341,0.5849,Medium
50996,0.5848,Medium
9054,0.5848,Medium
39247,0.5848,Medium
20055,0.5848,Medium
28349,0.5848,Medium
374,0.5848,Medium
50018,0.5847,Medium
44313,0.5847,Medium
45601,0.5847,Medium
43843,0.5846,Medium
33670,0.5845,Medium
35721,0.5844,Medium
38451,0.5843,Medium
287,0.5843,Medium
18460,0.5843,Medium
40348,0.5843,Medium
50681,0.5842,Medium
26066,0.5841,Medium
22558,0.584,Medium
20397,0.584,Medium
48879,0.5839,Medium
14656,0.5839,Medium
28607,0.5839,Medium
45452,0.5839,Medium
41814,0.5839,Medium
34548,0.5838,Medium
12581,0.5838,Medium
13881,0.5838,Medium
41166,0.5837,Medium
40313,0.5837,Medium
20644,0.5836,Medium
45154,0.5836,Medium
11475,0.5836,Medium
28298,0.5834,Medium
28460,0.5833,Medium
3419,0.5832,Medium
24778,0.5832,Medium
18019,0.5832,Medium
37873,0.5832,Medium
21845,0.5831,Medium
46917,0.5831,Medium
22065,0.5831,Medium
47334,0.583,Medium
45887,0.583,Medium
346,0.5829,Medium
10199,0.5828,Medium
50726,0.5828,Medium
44882,0.5828,Medium
2533,0.5826,Medium
41362,0.5826,Medium
31719,0.5825,Medium
8082,0.5825,Medium
16792,0.5825,Medium
43636,0.5824,Medium
7316,0.5824,Medium
24458,0.5824,Medium
189,0.5823,Medium
48931,0.5823,Medium
7987,0.5823,Medium
30579,0.5823,Medium
36787,0.5823,Medium
10877,0.5822,Medium
47304,0.5822,Medium
37469,0.5822,Medium
31509,0.5822,Medium
40475,0.5821,Medium
28245,0.5821,Medium
511,0.5821,Medium
17447,0.582,Medium
25667,0.5819,Medium
48462,0.5818,Medium
23508,0.5818,Medium
41675,0.5818,Medium
15357,0.5818,Medium
39980,0.5817,Medium
11922,0.5816,Medium
49074,0.5816,Medium
46926,0.5815,Medium
21639,0.5814,Medium
12613,0.5814,Medium
24800,0.5814,Medium
10287,0.5812,Medium
31377,0.5812,Medium
16512,0.5811,Medium
654,0.5811,Medium
24324,0.581,Medium
11115,0.581,Medium
13071,0.581,Medium
15190,0.5809,Medium
24894,0.5809,Medium
35870,0.5808,Medium
49479,0.5808,Medium
3115,0.5807,Medium
38775,0.5807,Medium
44092,0.5807,Medium
8547,0.5805,Medium
35615,0.5805,Medium
37000,0.5805,Medium
43165,0.5803,Medium
7975,0.5803,Medium
45609,0.5803,Medium
22084,0.5803,Medium
5120,0.5802,Medium
48121,0.5801,Medium
6893,0.5801,Medium
492,0.5801,Medium
26590,0.5801,Medium
45934,0.58,Medium
14189,0.58,Medium
1838,0.5799,Medium
26306,0.5799,Medium
8993,0.5798,Medium
38780,0.5798,Medium
8997,0.5797,Medium
31039,0.5797,Medium
41357,0.5795,Medium
21783,0.5794,Medium
23903,0.5793,Medium
6564,0.5793,Medium
6216,0.5792,Medium
14799,0.5792,Medium
42035,0.5791,Medium
17123,0.579,Medium
45268,0.579,Medium
16102,0.579,Medium
42113,0.579,Medium
31025,0.5789,Medium
24440,0.5789,Medium
506,0.5789,Medium
23947,0.5789,Medium
47679,0.5788,Medium
43168,0.5788,Medium
43232,0.5787,Medium
51721,0.5786,Medium
17330,0.5786,Medium
20301,0.5785,Medium
2088,0.5785,Medium
42906,0.5784,Medium
24456,0.5784,Medium
38665,0.5784,Medium
45473,0.5783,Medium
29128,0.5783,Medium
17598,0.5783,Medium
4334,0.5782,Medium
30660,0.5782,Medium
39198,0.5782,Medium
38174,0.5782,Medium
47089,0.5781,Medium
8866,0.5781,Medium
35620,0.5781,Medium
9211,0.5781,Medium
50141,0.578,Medium
17804,0.578,Medium
9920,0.5778,Medium
48729,0.5778,Medium
44332,0.5777,Medium
24366,0.5777,Medium
30330,0.5777,Medium
51596,0.5776,Medium
20570,0.5776,Medium
29994,0.5774,Medium
47424,0.5774,Medium
35402,0.5773,Medium
48458,0.5773,Medium
26934,0.5772,Medium
36025,0.5772,Medium
46188,0.5772,Medium
7591,0.577,Medium
477,0.5769,Medium
18028,0.5769,Medium
39580,0.5768,Medium
6028,0.5768,Medium
12826,0.5768,Medium
22384,0.5768,Medium
15506,0.5767,Medium
12465,0.5767,Medium
9371,0.5767,Medium
15611,0.5767,Medium
26591,0.5766,Medium
13101,0.5766,Medium
12511,0.5765,Medium
6676,0.5765,Medium
14280,0.5764,Medium
34309,0.5764,Medium
30066,0.5764,Medium
4589,0.5762,Medium
32248,0.5761,Medium
14015,0.5759,Medium
4899,0.5759,Medium
41698,0.5759,Medium
20096,0.5758,Medium
28844,0.5758,Medium
50581,0.5757,Medium
5747,0.5757,Medium
23558,0.5756,Medium
12655,0.5755,Medium
24129,0.5753,Medium
14381,0.5752,Medium
34407,0.5752,Medium
42769,0.5751,Medium
49727,0.5751,Medium
10906,0.575,Medium
43887,0.575,Medium
5605,0.575,Medium
14921,0.5749,Medium
17480,0.5749,Medium
33959,0.5747,Medium
26953,0.5747,Medium
1029,0.5746,Medium
22171,0.5746,Medium
23236,0.5745,Medium
36948,0.5744,Medium
43925,0.5743,Medium
11043,0.5742,Medium
37180,0.5742,Medium
22794,0.5742,Medium
31286,0.5741,Medium
4672,0.5741,Medium
14032,0.5741,Medium
42958,0.5741,Medium
4458,0.574,Medium
43156,0.5739,Medium
31104,0.5739,Medium
9984,0.5738,Medium
50921,0.5737,Medium
27194,0.5737,Medium
38744,0.5736,Medium
35215,0.5736,Medium
9307,0.5736,Medium
14297,0.5736,Medium
39726,0.5735,Medium
49663,0.5734,Medium
44036,0.5732,Medium
7575,0.573,Medium
31326,0.573,Medium
28054,0.573,Medium
20293,0.5727,Medium
24234,0.5727,Medium
27028,0.5727,Medium
14031,0.5726,Medium
23218,0.5725,Medium
43758,0.5724,Medium
34393,0.5723,Medium
23816,0.5722,Medium
19242,0.5722,Medium
25379,0.5722,Medium
39321,0.5722,Medium
1629,0.5721,Medium
15823,0.5721,Medium
34995,0.5721,Medium
27145,0.572,Medium
49911,0.572,Medium
1860,0.572,Medium
48897,0.5719,Medium
372,0.5718,Medium
2642,0.5718,Medium
51542,0.5717,Medium
30335,0.5717,Medium
27872,0.5717,Medium
17794,0.5717,Medium
43697,0.5716,Medium
30517,0.5715,Medium
34102,0.5715,Medium
33926,0.5715,Medium
32707,0.5714,Medium
1563,0.5714,Medium
36017,0.5714,Medium
43148,0.5713,Medium
46950,0.5712,Medium
43535,0.5711,Medium
48334,0.5711,Medium
1367,0.571,Medium
14771,0.571,Medium
42366,0.5709,Medium
38030,0.5709,Medium
13062,0.5709,Medium
27800,0.5709,Medium
26924,0.5709,Medium
53,0.5706,Medium
18219,0.5706,Medium
18093,0.5705,Medium
7308,0.5705,Medium
49469,0.5705,Medium
35960,0.5704,Medium
41456,0.5704,Medium
3130,0.5703,Medium
14013,0.5703,Medium
42165,0.5702,Medium
7449,0.5702,Medium
3745,0.5701,Medium
51768,0.5701,Medium
37339,0.5701,Medium
25743,0.5701,Medium
7235,0.57,Medium
47229,0.57,Medium
15713,0.57,Medium
37599,0.57,Medium
43177,0.5699,Medium
36938,0.5699,Medium
34715,0.5698,Medium
4094,0.5698,Medium
3321,0.5698,Medium
38411,0.5698,Medium
10974,0.5697,Medium
11812,0.5697,Medium
26083,0.5697,Medium
47623,0.5695,Medium
24409,0.5694,Medium
14481,0.5694,Medium
32984,0.5694,Medium
14237,0.5693,Medium
14384,0.5691,Medium
29489,0.569,Medium
7365,0.569,Medium
37845,0.569,Medium
19414,0.5688,Medium
35426,0.5688,Medium
14818,0.5687,Medium
25738,0.5686,Medium
48783,0.5686,Medium
21790,0.5686,Medium
38197,0.5685,Medium
19135,0.5685,Medium
36797,0.5684,Medium
7717,0.5684,Medium
1152,0.5684,Medium
25272,0.5682,Medium
44580,0.5682,Medium
40531,0.5681,Medium
34501,0.5681,Medium
4569,0.568,Medium
48518,0.568,Medium
45387,0.568,Medium
44876,0.5679,Medium
32119,0.5679,Medium
10968,0.5679,Medium
11937,0.5679,Medium
46279,0.5679,Medium
23072,0.5679,Medium
10071,0.5678,Medium
51139,0.5678,Medium
31667,0.5678,Medium
14834,0.5677,Medium
6571,0.5677,Medium
39607,0.5677,Medium
14214,0.5677,Medium
32851,0.5676,Medium
27334,0.5676,Medium
3683,0.5676,Medium
44822,0.5676,Medium
45517,0.5675,Medium
32449,0.5674,Medium
47468,0.5672,Medium
542,0.5672,Medium
7392,0.5672,Medium
24728,0.5672,Medium
29438,0.5671,Medium
28272,0.5669,Medium
30862,0.5669,Medium
15160,0.5669,Medium
556,0.5668,Medium
1473,0.5668,Medium
3173,0.5667,Medium
43722,0.5666,Medium
23528,0.5666,Medium
32572,0.5666,Medium
4776,0.5665,Medium
7860,0.5665,Medium
21779,0.5665,Medium
11401,0.5664,Medium
45841,0.5664,Medium
43832,0.5664,Medium
14798,0.5662,Medium
49771,0.5662,Medium
41554,0.5662,Medium
45730,0.5662,Medium
18703,0.5661,Medium
46866,0.5659,Medium
44192,0.5659,Medium
25312,0.5658,Medium
36403,0.5658,Medium
8290,0.5657,Medium
50536,0.5657,Medium
14760,0.5656,Medium
12088,0.5655,Medium
13229,0.5655,Medium
22097,0.5655,Medium
18897,0.5654,Medium
48572,0.5654,Medium
47888,0.5653,Medium
27128,0.5651,Medium
41402,0.5651,Medium
44668,0.565,Medium
34881,0.565,Medium
40057,0.5649,Medium
39052,0.5648,Medium
18118,0.5648,Medium
32639,0.5647,Medium
21318,0.5646,Medium
28128,0.5646,Medium
12549,0.5645,Medium
2847,0.5645,Medium
8389,0.5644,Medium
18333,0.5644,Medium
26366,0.5644,Medium
32337,0.5644,Medium
8878,0.5643,Medium
21314,0.5643,Medium
31841,0.5643,Medium
6301,0.5641,Medium
33047,0.564,Medium
1990,0.5639,Medium
1584,0.5638,Medium
10765,0.5638,Medium
39086,0.5638,Medium
35549,0.5638,Medium
4377,0.5636,Medium
5543,0.5635,Medium
31278,0.5634,Medium
21948,0.5634,Medium
48210,0.5634,Medium
11717,0.5634,Medium
46469,0.5632,Medium
20261,0.5631,Medium
32608,0.5631,Medium
15850,0.5631,Medium
27235,0.563,Medium
42930,0.5628,Medium
4067,0.5627,Medium
45808,0.5627,Medium
19422,0.5627,Medium
50012,0.5626,Medium
30374,0.5626,Medium
19085,0.5626,Medium
11566,0.5626,Medium
26871,0.5625,Medium
15839,0.5625,Medium
17908,0.5625,Medium
32101,0.5625,Medium
4167,0.5625,Medium
29133,0.5624,Medium
19096,0.5624,Medium
19195,0.5624,Medium
11252,0.5623,Medium
846,0.5623,Medium
19947,0.5623,Medium
5093,0.5622,Medium
45705,0.5621,Medium
30612,0.5621,Medium
41085,0.5621,Medium
30193,0.5621,Medium
6574,0.5621,Medium
38267,0.562,Medium
2753,0.5618,Medium
19674,0.5618,Medium
19340,0.5618,Medium
16627,0.5618,Medium
16958,0.5618,Medium
43010,0.5618,Medium
38270,0.5618,Medium
51454,0.5617,Medium
33867,0.5617,Medium
32515,0.5616,Medium
3418,0.5616,Medium
36953,0.5616,Medium
51354,0.5615,Medium
47033,0.5615,Medium
40483,0.5614,Medium
7115,0.5614,Medium
4913,0.5611,Medium
12732,0.561,Medium
41509,0.561,Medium
33829,0.5609,Medium
43430,0.5608,Medium
33743,0.5608,Medium
13426,0.5608,Medium
3141,0.5607,Medium
8058,0.5607,Medium
51789,0.5607,Medium
37298,0.5606,Medium
37365,0.5606,Medium
49441,0.5606,Medium
17207,0.5605,Medium
8670,0.5605,Medium
5961,0.5605,Medium
38487,0.5605,Medium
2872,0.5604,Medium
51141,0.5604,Medium
31548,0.5604,Medium
42849,0.5604,Medium
44625,0.5601,Medium
8924,0.5601,Medium
12905,0.5601,Medium
34909,0.56,Medium
39548,0.5599,Medium
28584,0.5597,Medium
24723,0.5596,Medium
13661,0.5596,Medium
3356,0.5596,Medium
41681,0.5595,Medium
3767,0.5593,Medium
31897,0.5593,Medium
408,0.5593,Medium
30042,0.5592,Medium
47569,0.5591,Medium
45248,0.559,Medium
37196,0.559,Medium
51848,0.559,Medium
10552,0.5589,Medium
50812,0.5589,Medium
45069,0.5589,Medium
22038,0.5588,Medium
40167,0.5588,Medium
20680,0.5587,Medium
21083,0.5587,Medium
22164,0.5587,Medium
40493,0.5586,Medium
11905,0.5586,Medium
19502,0.5584,Medium
11102,0.5584,Medium
11345,0.5583,Medium
11893,0.5582,Medium
11013,0.5582,Medium
13742,0.5582,Medium
38737,0.5582,Medium
33539,0.5582,Medium
17578,0.5581,Medium
31502,0.558,Medium
40400,0.558,Medium
2217,0.5579,Medium
5146,0.5579,Medium
50404,0.5579,Medium
40612,0.5579,Medium
29262,0.5578,Medium
10546,0.5578,Medium
2996,0.5577,Medium
15916,0.5576,Medium
15332,0.5576,Medium
7462,0.5576,Medium
11668,0.5575,Medium
35287,0.5575,Medium
27846,0.5575,Medium
32601,0.5573,Medium
49170,0.5573,Medium
13621,0.5573,Medium
20697,0.5573,Medium
47387,0.5572,Medium
26649,0.5572,Medium
26106,0.5571,Medium
10351,0.5571,Medium
22088,0.5571,Medium
32292,0.5569,Medium
28477,0.5568,Medium
40997,0.5567,Medium
37175,0.5567,Medium
19685,0.5566,Medium
46116,0.5566,Medium
38260,0.5565,Medium
8702,0.5565,Medium
37619,0.5565,Medium
26908,0.5564,Medium
46148,0.5564,Medium
7000,0.5563,Medium
49577,0.5562,Medium
25861,0.5562,Medium
24934,0.5562,Medium
3289,0.5561,Medium
7776,0.5561,Medium
18036,0.5561,Medium
27182,0.556,Medium
13342,0.556,Medium
19003,0.556,Medium
35190,0.556,Medium
20854,0.5559,Medium
35636,0.5559,Medium
26192,0.5558,Medium
12330,0.5558,Medium
31182,0.5558,Medium
3635,0.5557,Medium
27231,0.5556,Medium
20584,0.5556,Medium
12860,0.5556,Medium
17489,0.5556,Medium
47587,0.5555,Medium
35310,0.5555,Medium
39248,0.5555,Medium
38769,0.5555,Medium
38294,0.5555,Medium
7923,0.5554,Medium
48715,0.5554,Medium
23007,0.5554,Medium
34502,0.5553,Medium
26746,0.5553,Medium
40160,0.5553,Medium
20776,0.5553,Medium
13762,0.5553,Medium
13478,0.5553,Medium
24136,0.5552,Medium
4825,0.5552,Medium
691,0.5551,Medium
46010,0.5551,Medium
47578,0.5551,Medium
31154,0.555,Medium
34821,0.5549,Medium
29939,0.5547,Medium
26167,0.5546,Medium
26675,0.5546,Medium
1310,0.5545,Medium
33778,0.5544,Medium
11056,0.5542,Medium
41643,0.5541,Medium
26660,0.554,Medium
50050,0.5539,Medium
8955,0.5539,Medium
27205,0.5538,Medium
20751,0.5538,Medium
49344,0.5537,Medium
1445,0.5537,Medium
24395,0.5537,Medium
4671,0.5537,Medium
18589,0.5536,Medium
5847,0.5536,Medium
45253,0.5536,Medium
2099,0.5536,Medium
40292,0.5535,Medium
51896,0.5535,Medium
39664,0.5535,Medium
16918,0.5535,Medium
35067,0.5534,Medium
19518,0.5534,Medium
44151,0.5533,Medium
4006,0.5533,Medium
40371,0.5531,Medium
48014,0.553,Medium
7963,0.5529,Medium
38601,0.5529,Medium
35131,0.5528,Medium
13815,0.5528,Medium
3213,0.5527,Medium
27974,0.5527,Medium
49573,0.5527,Medium
18345,0.5525,Medium
38595,0.5523,Medium
27845,0.5523,Medium
50690,0.5523,Medium
38079,0.5523,Medium
50633,0.5522,Medium
40915,0.5522,Medium
39220,0.5522,Medium
21450,0.5522,Medium
40969,0.5519,Medium
45339,0.5519,Medium
27884,0.5519,Medium
28885,0.5518,Medium
17399,0.5517,Medium
40968,0.5516,Medium
47136,0.5516,Medium
24159,0.5516,Medium
161,0.5516,Medium
1304,0.5516,Medium
41312,0.5515,Medium
29986,0.5515,Medium
18263,0.5515,Medium
32367,0.5515,Medium
40687,0.5515,Medium
45465,0.5514,Medium
3762,0.5514,Medium
18709,0.5513,Medium
4606,0.5513,Medium
19113,0.5512,Medium
6935,0.5512,Medium
442,0.5511,Medium
51583,0.5511,Medium
14068,0.551,Medium
12991,0.551,Medium
4860,0.551,Medium
9752,0.551,Medium
230,0.5508,Medium
16974,0.5508,Medium
2942,0.5508,Medium
28669,0.5507,Medium
41677,0.5506,Medium
13471,0.5506,Medium
33797,0.5506,Medium
41012,0.5505,Medium
39634,0.5504,Medium
32199,0.5504,Medium
17662,0.5503,Medium
2627,0.5503,Medium
2325,0.5503,Medium
13405,0.5503,Medium
12193,0.5501,Medium
39353,0.5501,Medium
2261,0.55,Medium
7227,0.55,Medium
9782,0.55,Medium
49390,0.55,Medium
25409,0.5499,Medium
29127,0.5499,Medium
1674,0.5498,Medium
19844,0.5497,Medium
18637,0.5497,Medium
7742,0.5496,Medium
50447,0.5495,Medium
43562,0.5495,Medium
48836,0.5494,Medium
21503,0.5493,Medium
31909,0.5493,Medium
32458,0.5493,Medium
4539,0.5493,Medium
26028,0.5493,Medium
4027,0.5493,Medium
30195,0.5492,Medium
51264,0.5492,Medium
3170,0.5492,Medium
28824,0.5491,Medium
38231,0.5491,Medium
3982,0.5491,Medium
34250,0.5491,Medium
14812,0.549,Medium
10612,0.549,Medium
41077,0.549,Medium
37716,0.549,Medium
40082,0.549,Medium
39100,0.5489,Medium
48199,0.5488,Medium
42793,0.5488,Medium
11829,0.5488,Medium
13061,0.5487,Medium
4402,0.5486,Medium
34653,0.5486,Medium
49681,0.5486,Medium
5792,0.5486,Medium
6509,0.5486,Medium
45686,0.5485,Medium
10483,0.5485,Medium
37026,0.5483,Medium
35837,0.5483,Medium
21011,0.5483,Medium
12386,0.5482,Medium
46579,0.5481,Medium
26566,0.548,Medium
32704,0.5478,Medium
42847,0.5476,Medium
20974,0.5476,Medium
12310,0.5475,Medium
36051,0.5475,Medium
33981,0.5475,Medium
47796,0.5475,Medium
26547,0.5475,Medium
29142,0.5475,Medium
8616,0.5474,Medium
15084,0.5474,Medium
48757,0.5473,Medium
50124,0.5473,Medium
3247,0.5472,Medium
3395,0.5472,Medium
32982,0.5471,Medium
31334,0.5471,Medium
20744,0.547,Medium
49902,0.5469,Medium
44385,0.5469,Medium
41754,0.5469,Medium
34025,0.5469,Medium
46897,0.5469,Medium
19790,0.5468,Medium
5367,0.5468,Medium
29084,0.5468,Medium
540,0.5468,Medium
10482,0.5467,Medium
50677,0.5467,Medium
19679,0.5466,Medium
23902,0.5466,Medium
33358,0.5466,Medium
26216,0.5465,Medium
38506,0.5465,Medium
49075,0.5464,Medium
34420,0.5463,Medium
28759,0.5463,Medium
50047,0.5463,Medium
24567,0.5462,Medium
2984,0.5462,Medium
29261,0.5462,Medium
19652,0.5462,Medium
39746,0.5461,Medium
15402,0.5461,Medium
21734,0.546,Medium
15411,0.5459,Medium
4972,0.5458,Medium
44382,0.5458,Medium
31936,0.5458,Medium
45385,0.5457,Medium
19386,0.5457,Medium
19982,0.5456,Medium
27418,0.5456,Medium
36984,0.5456,Medium
25923,0.5456,Medium
31928,0.5455,Medium
46281,0.5455,Medium
18951,0.5455,Medium
23807,0.5455,Medium
33537,0.5454,Medium
23232,0.5454,Medium
41322,0.5453,Medium
36839,0.5453,Medium
13588,0.5453,Medium
41420,0.5453,Medium
4500,0.5452,Medium
1831,0.5452,Medium
12178,0.5451,Medium
27857,0.5451,Medium
48417,0.545,Medium
801,0.545,Medium
1221,0.545,Medium
29205,0.5449,Medium
2033,0.5449,Medium
19150,0.5449,Medium
33993,0.5449,Medium
33929,0.5448,Medium
36795,0.5448,Medium
46273,0.5448,Medium
49744,0.5447,Medium
4829,0.5447,Medium
2516,0.5446,Medium
6194,0.5446,Medium
594,0.5446,Medium
12403,0.5445,Medium
41755,0.5445,Medium
10754,0.5444,Medium
12194,0.5444,Medium
39806,0.5444,Medium
26147,0.5444,Medium
25054,0.5443,Medium
47768,0.5443,Medium
41786,0.5443,Medium
10076,0.5442,Medium
38820,0.5441,Medium
23921,0.5441,Medium
44271,0.544,Medium
29972,0.544,Medium
46591,0.544,Medium
42267,0.544,Medium
46859,0.5439,Medium
31764,0.5439,Medium
23672,0.5439,Medium
37316,0.5438,Medium
14335,0.5438,Medium
50735,0.5438,Medium
37174,0.5437,Medium
5303,0.5437,Medium
41310,0.5436,Medium
13515,0.5435,Medium
42957,0.5435,Medium
43821,0.5434,Medium
17171,0.5433,Medium
16942,0.5433,Medium
17140,0.5433,Medium
35809,0.5433,Medium
41697,0.5432,Medium
11763,0.5432,Medium
20574,0.5431,Medium
50029,0.5431,Medium
15053,0.5431,Medium
35119,0.5431,Medium
10385,0.543,Medium
251,0.5429,Medium
18353,0.5429,Medium
45033,0.5428,Medium
1125,0.5427,Medium
44543,0.5427,Medium
33942,0.5426,Medium
38942,0.5426,Medium
41423,0.5425,Medium
44977,0.5425,Medium
26540,0.5425,Medium
8015,0.5424,Medium
1970,0.5424,Medium
37622,0.5424,Medium
38453,0.5422,Medium
22731,0.5421,Medium
24717,0.5421,Medium
49248,0.542,Medium
44544,0.542,Medium
36049,0.5419,Medium
35550,0.5419,Medium
17235,0.5418,Medium
2658,0.5417,Medium
47119,0.5417,Medium
39231,0.5417,Medium
50078,0.5417,Medium
7639,0.5417,Medium
11420,0.5417,Medium
12712,0.5416,Medium
15869,0.5416,Medium
38316,0.5415,Medium
44923,0.5415,Medium
9064,0.5414,Medium
39458,0.5413,Medium
36321,0.5412,Medium
44326,0.5412,Medium
17577,0.5412,Medium
22809,0.5412,Medium
11170,0.5412,Medium
45425,0.5411,Medium
39495,0.5411,Medium
27954,0.5411,Medium
51988,0.541,Medium
46997,0.541,Medium
51330,0.5409,Medium
30624,0.5408,Medium
50868,0.5407,Medium
36952,0.5407,Medium
4372,0.5406,Medium
43788,0.5406,Medium
51011,0.5406,Medium
21578,0.5405,Medium
26355,0.5405,Medium
8476,0.5405,Medium
42751,0.5404,Medium
15462,0.5403,Medium
16656,0.5401,Medium
51336,0.5401,Medium
16143,0.5401,Medium
19418,0.5401,Medium
6290,0.54,Medium
37558,0.54,Medium
308,0.5399,Medium
12457,0.5399,Medium
48563,0.5398,Medium
39517,0.5398,Medium
33495,0.5398,Medium
28863,0.5398,Medium
38815,0.5396,Medium
46595,0.5396,Medium
45797,0.5395,Medium
25755,0.5395,Medium
8388,0.5394,Medium
28661,0.5394,Medium
5110,0.5394,Medium
44734,0.5394,Medium
31503,0.5392,Medium
18283,0.5392,Medium
17168,0.5392,Medium
17503,0.5392,Medium
14112,0.5391,Medium
12559,0.539,Medium
3626,0.539,Medium
9439,0.539,Medium
18614,0.5389,Medium
51070,0.5389,Medium
11451,0.5388,Medium
34841,0.5387,Medium
13231,0.5387,Medium
36612,0.5387,Medium
37238,0.5387,Medium
32606,0.5387,Medium
869,0.5386,Medium
41159,0.5385,Medium
19959,0.5384,Medium
45269,0.5384,Medium
9785,0.5384,Medium
30143,0.5384,Medium
21651,0.5381,Medium
11449,0.5381,Medium
41545,0.5381,Medium
50800,0.5381,Medium
33581,0.5379,Medium
23808,0.5379,Medium
38337,0.5379,Medium
30529,0.5379,Medium
38440,0.5378,Medium
18339,0.5378,Medium
6544,0.5377,Medium
2641,0.5377,Medium
40673,0.5377,Medium
26530,0.5376,Medium
36482,0.5376,Medium
34418,0.5375,Medium
27907,0.5375,Medium
26648,0.5374,Medium
39188,0.5374,Medium
31959,0.5374,Medium
38436,0.5374,Medium
35256,0.5373,Medium
49358,0.5372,Medium
7707,0.5372,Medium
39797,0.5372,Medium
2184,0.5371,Medium
37996,0.5371,Medium
45541,0.537,Medium
21379,0.5369,Medium
11695,0.5369,Medium
3075,0.5368,Medium
30134,0.5368,Medium
2553,0.5368,Medium
15551,0.5368,Medium
3961,0.5366,Medium
30371,0.5365,Medium
33882,0.5365,Medium
45430,0.5365,Medium
18533,0.5364,Medium
19274,0.5364,Medium
13350,0.5363,Medium
34631,0.5363,Medium
15323,0.5363,Medium
16982,0.5363,Medium
28118,0.5363,Medium
18210,0.5361,Medium
14788,0.5361,Medium
49454,0.5361,Medium
23756,0.536,Medium
41066,0.536,Medium
38286,0.536,Medium
21193,0.536,Medium
41220,0.536,Medium
3570,0.5359,Medium
13304,0.5359,Medium
1503,0.5359,Medium
5282,0.5359,Medium
10247,0.5358,Medium
41173,0.5358,Medium
39613,0.5357,Medium
9179,0.5357,Medium
41450,0.5355,Medium
35569,0.5354,Medium
3916,0.5353,Medium
47526,0.5353,Medium
38074,0.5353,Medium
495,0.5352,Medium
29250,0.5352,Medium
14397,0.5352,Medium
48645,0.5351,Medium
4391,0.5351,Medium
47514,0.5351,Medium
49097,0.5351,Medium
18872,0.535,Medium
469,0.535,Medium
30933,0.535,Medium
36287,0.535,Medium
48663,0.535,Medium
35240,0.5348,Medium
17049,0.5348,Medium
4681,0.5348,Medium
46981,0.5348,Medium
35061,0.5348,Medium
26461,0.5347,Medium
12794,0.5347,Medium
37118,0.5347,Medium
46726,0.5347,Medium
6133,0.5347,Medium
45458,0.5346,Medium
40221,0.5346,Medium
15442,0.5346,Medium
32348,0.5345,Medium
11426,0.5344,Medium
35196,0.5343,Medium
51526,0.5343,Medium
4799,0.5343,Medium
36667,0.5342,Medium
15026,0.5341,Medium
14284,0.5341,Medium
17133,0.5341,Medium
34063,0.534,Medium
6561,0.534,Medium
6807,0.5338,Medium
46106,0.5338,Medium
33164,0.5337,Medium
25879,0.5337,Medium
47297,0.5336,Medium
4708,0.5336,Medium
22405,0.5336,Medium
34368,0.5335,Medium
2025,0.5335,Medium
16388,0.5335,Medium
14489,0.5334,Medium
32544,0.5334,Medium
36064,0.5334,Medium
44319,0.5333,Medium
35167,0.5333,Medium
10711,0.5333,Medium
3437,0.5333,Medium
44987,0.5333,Medium
47570,0.5332,Medium
36111,0.5332,Medium
24607,0.5332,Medium
47073,0.5331,Medium
28730,0.5331,Medium
27762,0.5331,Medium
10153,0.5331,Medium
5494,0.5331,Medium
10114,0.533,Medium
19755,0.5329,Medium
40347,0.5329,Medium
45752,0.5329,Medium
20846,0.5329,Medium
40763,0.5329,Medium
25944,0.5328,Medium
8214,0.5328,Medium
29980,0.5328,Medium
32992,0.5328,Medium
38376,0.5328,Medium
46211,0.5328,Medium
43977,0.5328,Medium
781,0.5327,Medium
32784,0.5327,Medium
33614,0.5327,Medium
7844,0.5325,Medium
40722,0.5325,Medium
23339,0.5325,Medium
41816,0.5325,Medium
18203,0.5324,Medium
33663,0.5324,Medium
45880,0.5323,Medium
44259,0.5323,Medium
14027,0.5323,Medium
22727,0.5322,Medium
7631,0.5322,Medium
18239,0.5321,Medium
24425,0.5321,Medium
9650,0.5319,Medium
10919,0.5318,Medium
34838,0.5318,Medium
48194,0.5318,Medium
11104,0.5317,Medium
30955,0.5317,Medium
27505,0.5315,Medium
13116,0.5315,Medium
27088,0.5315,Medium
39505,0.5314,Medium
49367,0.5314,Medium
47114,0.5314,Medium
20435,0.5313,Medium
10091,0.5313,Medium
37502,0.5313,Medium
24242,0.5312,Medium
43217,0.5312,Medium
33620,0.5311,Medium
28192,0.5311,Medium
51977,0.5311,Medium
32087,0.5311,Medium
13677,0.5311,Medium
32676,0.531,Medium
37246,0.531,Medium
46351,0.531,Medium
30720,0.531,Medium
49872,0.531,Medium
43367,0.531,Medium
43321,0.5309,Medium
24866,0.5309,Medium
38941,0.5309,Medium
24582,0.5308,Medium
5887,0.5308,Medium
8395,0.5308,Medium
22386,0.5308,Medium
5608,0.5307,Medium
11255,0.5307,Medium
36905,0.5307,Medium
15278,0.5306,Medium
46576,0.5305,Medium
1892,0.5305,Medium
48555,0.5304,Medium
27767,0.5304,Medium
49749,0.5304,Medium
27785,0.5304,Medium
27374,0.5303,Medium
16871,0.5303,Medium
40876,0.5302,Medium
33766,0.5302,Medium
18141,0.5302,Medium
50815,0.5301,Medium
26587,0.5301,Medium
19206,0.5301,Medium
12389,0.5299,Medium
8450,0.5299,Medium
35501,0.5299,Medium
6350,0.5299,Medium
45406,0.5299,Medium
18420,0.5298,Medium
7688,0.5298,Medium
48482,0.5296,Medium
48811,0.5296,Medium
20610,0.5295,Medium
10566,0.5295,Medium
5479,0.5295,Medium
11863,0.5294,Medium
14404,0.5293,Medium
19371,0.5293,Medium
2838,0.5293,Medium
33991,0.5291,Medium
16755,0.5291,Medium
50048,0.5291,Medium
8163,0.529,Medium
14785,0.5287,Medium
30721,0.5286,Medium
2339,0.5286,Medium
3436,0.5286,Medium
39329,0.5286,Medium
41082,0.5285,Medium
23960,0.5285,Medium
30234,0.5284,Medium
42760,0.5284,Medium
18224,0.5284,Medium
34389,0.5284,Medium
49997,0.5283,Medium
41104,0.5283,Medium
23497,0.5283,Medium
50266,0.5282,Medium
11951,0.5282,Medium
34071,0.5282,Medium
45382,0.5281,Medium
19218,0.528,Medium
35787,0.528,Medium
10706,0.5279,Medium
3060,0.5279,Medium
15516,0.5278,Medium
37964,0.5278,Medium
48726,0.5277,Medium
10793,0.5277,Medium
6498,0.5276,Medium
3074,0.5275,Medium
10118,0.5275,Medium
43809,0.5274,Medium
46313,0.5274,Medium
16793,0.5273,Medium
19511,0.5273,Medium
43991,0.5273,Medium
37101,0.5272,Medium
18654,0.5272,Medium
43005,0.5272,Medium
4585,0.5272,Medium
28062,0.5272,Medium
31024,0.5271,Medium
51015,0.527,Medium
15094,0.5269,Medium
6211,0.5268,Medium
25556,0.5268,Medium
25056,0.5268,Medium
25057,0.5268,Medium
26847,0.5267,Medium
8319,0.5266,Medium
29497,0.5266,Medium
18649,0.5266,Medium
16465,0.5266,Medium
16761,0.5265,Medium
5609,0.5265,Medium
31357,0.5264,Medium
37794,0.5263,Medium
23371,0.5263,Medium
7920,0.5263,Medium
48611,0.5263,Medium
35157,0.5262,Medium
29713,0.5261,Medium
17244,0.5261,Medium
7934,0.5261,Medium
22910,0.526,Medium
39510,0.526,Medium
30064,0.526,Medium
7511,0.526,Medium
1122,0.5259,Medium
9750,0.5258,Medium
34074,0.5258,Medium
6423,0.5258,Medium
6162,0.5258,Medium
28098,0.5256,Medium
37260,0.5255,Medium
43576,0.5255,Medium
23539,0.5255,Medium
48820,0.5254,Medium
32142,0.5254,Medium
29294,0.5254,Medium
18233,0.5254,Medium
1352,0.5253,Medium
3900,0.5252,Medium
46932,0.5252,Medium
41023,0.5252,Medium
41790,0.5252,Medium
11540,0.5252,Medium
14072,0.525,Medium
15951,0.5249,Medium
50274,0.5249,Medium
2042,0.5248,Medium
45800,0.5248,Medium
1051,0.5248,Medium
6817,0.5248,Medium
27255,0.5248,Medium
20743,0.5247,Medium
21308,0.5246,Medium
51120,0.5245,Medium
3813,0.5245,Medium
9576,0.5245,Medium
40584,0.5244,Medium
37331,0.5243,Medium
12220,0.5243,Medium
42485,0.5243,Medium
42515,0.5242,Medium
16202,0.5242,Medium
38185,0.524,Medium
4192,0.5239,Medium
4336,0.5238,Medium
22238,0.5238,Medium
29911,0.5237,Medium
14331,0.5235,Medium
28485,0.5235,Medium
34745,0.5235,Medium
32329,0.5235,Medium
20456,0.5234,Medium
25026,0.5234,Medium
22395,0.5232,Medium
2880,0.5232,Medium
34508,0.5232,Medium
33013,0.5232,Medium
17650,0.5231,Medium
19553,0.5231,Medium
25536,0.523,Medium
19589,0.5229,Medium
15793,0.5229,Medium
12812,0.5229,Medium
10774,0.5229,Medium
28972,0.5229,Medium
28059,0.5228,Medium
8563,0.5228,Medium
27949,0.5228,Medium
35066,0.5227,Medium
27355,0.5226,Medium
7056,0.5226,Medium
13593,0.5225,Medium
33891,0.5224,Medium
35346,0.5224,Medium
45639,0.5224,Medium
44613,0.5223,Medium
36007,0.5223,Medium
31404,0.5222,Medium
41976,0.5222,Medium
14757,0.5222,Medium
2496,0.5222,Medium
49601,0.5222,Medium
11354,0.5222,Medium
18237,0.5221,Medium
35437,0.5221,Medium
27636,0.522,Medium
41764,0.522,Medium
46551,0.522,Medium
14484,0.522,Medium
2709,0.522,Medium
2118,0.5218,Medium
50450,0.5218,Medium
6030,0.5217,Medium
24864,0.5217,Medium
28691,0.5216,Medium
3588,0.5216,Medium
22790,0.5215,Medium
22923,0.5215,Medium
27833,0.5215,Medium
46852,0.5215,Medium
17376,0.5215,Medium
32106,0.5214,Medium
6424,0.5214,Medium
25610,0.5212,Medium
40659,0.5212,Medium
46304,0.5211,Medium
35302,0.5211,Medium
16594,0.5211,Medium
7233,0.521,Medium
7903,0.5209,Medium
44001,0.5209,Medium
32684,0.5209,Medium
37550,0.5209,Medium
34258,0.5208,Medium
40249,0.5208,Medium
34915,0.5208,Medium
13557,0.5207,Medium
41199,0.5206,Medium
48341,0.5205,Medium
6104,0.5205,Medium
41249,0.5205,Medium
9588,0.5204,Medium
21545,0.5203,Medium
48033,0.5203,Medium
25159,0.5201,Medium
34278,0.5201,Medium
1999,0.52,Medium
42421,0.5199,Medium
4673,0.5199,Medium
17259,0.5198,Medium
48581,0.5198,Medium
26160,0.5197,Medium
46786,0.5197,Medium
14574,0.5197,Medium
16856,0.5196,Medium
468,0.5195,Medium
31896,0.5195,Medium
50631,0.5195,Medium
47792,0.5195,Medium
25700,0.5195,Medium
18396,0.5195,Medium
1337,0.5194,Medium
8254,0.5193,Medium
46913,0.5193,Medium
12980,0.5193,Medium
4813,0.5192,Medium
49410,0.5192,Medium
40129,0.5192,Medium
25489,0.5192,Medium
43382,0.5191,Medium
9401,0.5191,Medium
19126,0.519,Medium
26841,0.5189,Medium
48144,0.5189,Medium
24374,0.5189,Medium
4367,0.5188,Medium
39007,0.5188,Medium
15373,0.5188,Medium
6180,0.5186,Medium
38482,0.5185,Medium
35934,0.5185,Medium
20606,0.5185,Medium
38596,0.5185,Medium
29135,0.5184,Medium
15105,0.5184,Medium
41727,0.5184,Medium
36682,0.5184,Medium
8458,0.5183,Medium
34271,0.5182,Medium
29,0.5182,Medium
4034,0.5181,Medium
29182,0.5181,Medium
26611,0.5181,Medium
43736,0.5181,Medium
9768,0.518,Medium
32619,0.5178,Medium
25089,0.5178,Medium
31948,0.5178,Medium
44670,0.5177,Medium
9326,0.5175,Medium
29650,0.5175,Medium
44996,0.5174,Medium
49799,0.5174,Medium
36611,0.5174,Medium
27700,0.5173,Medium
25374,0.5173,Medium
35782,0.5173,Medium
49145,0.5173,Medium
38687,0.5172,Medium
29177,0.5171,Medium
43613,0.517,Medium
10701,0.5169,Medium
33885,0.5169,Medium
31010,0.5169,Medium
19230,0.5169,Medium
41054,0.5169,Medium
18112,0.5169,Medium
16529,0.5168,Medium
17294,0.5168,Medium
36516,0.5167,Medium
45391,0.5167,Medium
936,0.5167,Medium
24561,0.5166,Medium
5215,0.5166,Medium
10557,0.5165,Medium
33048,0.5165,Medium
9055,0.5164,Medium
38498,0.5162,Medium
11650,0.5162,Medium
38057,0.5162,Medium
17340,0.5162,Medium
31795,0.5162,Medium
39159,0.5162,Medium
22261,0.5161,Medium
44588,0.5161,Medium
17191,0.5161,Medium
32717,0.516,Medium
39365,0.5159,Medium
621,0.5158,Medium
32641,0.5156,Medium
33961,0.5156,Medium
36720,0.5156,Medium
42884,0.5156,Medium
51666,0.5155,Medium
26678,0.5155,Medium
8635,0.5155,Medium
33639,0.5155,Medium
15191,0.5155,Medium
24289,0.5155,Medium
9004,0.5155,Medium
9316,0.5154,Medium
43064,0.5154,Medium
35033,0.5153,Medium
44934,0.5153,Medium
2037,0.5152,Medium
21436,0.5152,Medium
30146,0.5151,Medium
40817,0.5151,Medium
16137,0.5151,Medium
26951,0.5151,Medium
51014,0.515,Medium
36408,0.515,Medium
15261,0.5149,Medium
20616,0.5149,Medium
24909,0.5149,Medium
40693,0.5149,Medium
48142,0.5149,Medium
43694,0.5148,Medium
40235,0.5148,Medium
16994,0.5147,Medium
8821,0.5146,Medium
21609,0.5146,Medium
9883,0.5145,Medium
20153,0.5144,Medium
30844,0.5144,Medium
4177,0.5144,Medium
24901,0.5143,Medium
14087,0.5143,Medium
49073,0.5143,Medium
48215,0.5143,Medium
19940,0.5143,Medium
45814,0.5143,Medium
13826,0.5143,Medium
36751,0.5142,Medium
40273,0.5142,Medium
21806,0.5141,Medium
28609,0.5141,Medium
28982,0.5141,Medium
14498,0.5141,Medium
11329,0.5141,Medium
40699,0.5141,Medium
29613,0.514,Medium
22756,0.514,Medium
43589,0.5139,Medium
12340,0.5139,Medium
39457,0.5138,Medium
47464,0.5138,Medium
35210,0.5137,Medium
35943,0.5137,Medium
50864,0.5137,Medium
1585,0.5137,Medium
44089,0.5137,Medium
14359,0.5136,Medium
25992,0.5136,Medium
1763,0.5136,Medium
34889,0.5136,Medium
7394,0.5136,Medium
19112,0.5136,Medium
49888,0.5135,Medium
34859,0.5135,Medium
19387,0.5135,Medium
47442,0.5134,Medium
38699,0.5133,Medium
42678,0.5132,Medium
26422,0.5132,Medium
43703,0.5132,Medium
51306,0.5132,Medium
8953,0.5131,Medium
41869,0.5131,Medium
12446,0.5131,Medium
12546,0.513,Medium
49477,0.5129,Medium
4565,0.5129,Medium
545,0.5129,Medium
29764,0.5128,Medium
14036,0.5128,Medium
38608,0.5127,Medium
23757,0.5127,Medium
11622,0.5127,Medium
20459,0.5127,Medium
31138,0.5126,Medium
28284,0.5125,Medium
37939,0.5124,Medium
42448,0.5124,Medium
26714,0.5123,Medium
10936,0.5123,Medium
50804,0.5123,Medium
27938,0.5123,Medium
35097,0.5123,Medium
1324,0.5122,Medium
19841,0.5122,Medium
37820,0.5122,Medium
10977,0.5121,Medium
17868,0.5121,Medium
11372,0.5121,Medium
30283,0.5121,Medium
48698,0.5121,Medium
41128,0.512,Medium
27580,0.512,Medium
51387,0.512,Medium
19364,0.512,Medium
51372,0.512,Medium
17746,0.5119,Medium
2488,0.5119,Medium
18544,0.5119,Medium
28154,0.5119,Medium
49095,0.5119,Medium
3,0.5118,Medium
27973,0.5118,Medium
26334,0.5118,Medium
36590,0.5118,Medium
2529,0.5118,Medium
12544,0.5117,Medium
22290,0.5116,Medium
47741,0.5116,Medium
38652,0.5115,Medium
37092,0.5115,Medium
7513,0.5115,Medium
32371,0.5115,Medium
39840,0.5115,Medium
12530,0.5114,Medium
35857,0.5114,Medium
254,0.5114,Medium
46168,0.5113,Medium
47067,0.5113,Medium
49012,0.5113,Medium
26240,0.5112,Medium
3621,0.5112,Medium
17863,0.5112,Medium
38768,0.5112,Medium
31465,0.511,Medium
17712,0.5109,Medium
18707,0.5108,Medium
38295,0.5108,Medium
36406,0.5108,Medium
11969,0.5107,Medium
13737,0.5106,Medium
43039,0.5105,Medium
42296,0.5105,Medium
28193,0.5104,Medium
4104,0.5104,Medium
5986,0.5103,Medium
12828,0.5103,Medium
5752,0.5102,Medium
39370,0.5102,Medium
42201,0.5102,Medium
24785,0.5102,Medium
25687,0.5102,Medium
41079,0.5101,Medium
27612,0.5101,Medium
38817,0.5101,Medium
13267,0.5101,Medium
10657,0.51,Medium
10762,0.5099,Medium
35420,0.5098,Medium
16293,0.5098,Medium
33893,0.5098,Medium
45300,0.5097,Medium
2599,0.5096,Medium
35489,0.5096,Medium
17098,0.5096,Medium
38563,0.5096,Medium
30787,0.5096,Medium
14182,0.5096,Medium
32692,0.5095,Medium
16614,0.5094,Medium
4356,0.5094,Medium
2934,0.5094,Medium
7900,0.5094,Medium
46787,0.5094,Medium
16762,0.5094,Medium
6659,0.5094,Medium
51162,0.5093,Medium
1249,0.5093,Medium
1822,0.5092,Medium
4925,0.5092,Medium
3068,0.5092,Medium
41392,0.5092,Medium
16532,0.5092,Medium
10692,0.5091,Medium
24766,0.5091,Medium
43187,0.509,Medium
9657,0.509,Medium
10158,0.5089,Medium
13530,0.5088,Medium
14994,0.5088,Medium
25294,0.5087,Medium
26010,0.5087,Medium
3216,0.5087,Medium
13580,0.5087,Medium
17094,0.5087,Medium
10829,0.5086,Medium
31931,0.5086,Medium
23186,0.5086,Medium
49884,0.5084,Medium
6061,0.5084,Medium
36273,0.5084,Medium
7938,0.5084,Medium
37398,0.5083,Medium
50208,0.5083,Medium
14927,0.5083,Medium
27319,0.5083,Medium
44705,0.5082,Medium
5675,0.5082,Medium
41548,0.5082,Medium
48763,0.5082,Medium
18048,0.5081,Medium
1072,0.5081,Medium
42496,0.508,Medium
30959,0.508,Medium
17687,0.508,Medium
49256,0.5079,Medium
2871,0.5079,Medium
51152,0.5079,Medium
43963,0.5078,Medium
31532,0.5078,Medium
30642,0.5078,Medium
37113,0.5076,Medium
9780,0.5075,Medium
23934,0.5074,Medium
39104,0.5074,Medium
7360,0.5074,Medium
48457,0.5074,Medium
43517,0.5073,Medium
48294,0.5073,Medium
49818,0.5071,Medium
37234,0.5071,Medium
5787,0.5071,Medium
6950,0.5071,Medium
31746,0.5071,Medium
31362,0.507,Medium
7188,0.507,Medium
51153,0.5069,Medium
27039,0.5069,Medium
16710,0.5069,Medium
48360,0.5069,Medium
14648,0.5068,Medium
37738,0.5067,Medium
42644,0.5066,Medium
41284,0.5066,Medium
45561,0.5065,Medium
41240,0.5065,Medium
11658,0.5065,Medium
16612,0.5064,Medium
19464,0.5064,Medium
1673,0.5064,Medium
3129,0.5064,Medium
50724,0.5064,Medium
3236,0.5063,Medium
33505,0.5063,Medium
13446,0.5063,Medium
2195,0.5062,Medium
10423,0.5062,Medium
14807,0.5062,Medium
31345,0.5061,Medium
33428,0.5061,Medium
25694,0.5061,Medium
51801,0.506,Medium
24731,0.5059,Medium
30415,0.5059,Medium
14340,0.5059,Medium
42141,0.5059,Medium
11039,0.5059,Medium
17197,0.5058,Medium
45016,0.5058,Medium
44969,0.5058,Medium
42096,0.5057,Medium
50438,0.5056,Medium
40470,0.5056,Medium
48791,0.5056,Medium
35065,0.5056,Medium
16296,0.5055,Medium
7386,0.5055,Medium
42491,0.5054,Medium
3998,0.5054,Medium
23335,0.5054,Medium
22915,0.5053,Medium
37582,0.5053,Medium
17557,0.5052,Medium
12484,0.5052,Medium
33053,0.5051,Medium
10853,0.5051,Medium
37825,0.5051,Medium
48285,0.505,Medium
45479,0.5049,Medium
11953,0.5049,Medium
19833,0.5048,Medium
46442,0.5047,Medium
45040,0.5047,Medium
32175,0.5047,Medium
20735,0.5047,Medium
35927,0.5047,Medium
25316,0.5047,Medium
14641,0.5046,Medium
41835,0.5046,Medium
19900,0.5046,Medium
7038,0.5046,Medium
49364,0.5045,Medium
23106,0.5044,Medium
7036,0.5044,Medium
39224,0.5044,Medium
42776,0.5044,Medium
48516,0.5043,Medium
35511,0.5043,Medium
20453,0.5043,Medium
9335,0.5042,Medium
27335,0.5042,Medium
43006,0.5042,Medium
47640,0.5041,Medium
45231,0.5041,Medium
16018,0.5041,Medium
44673,0.5041,Medium
9272,0.504,Medium
25563,0.504,Medium
7755,0.504,Medium
13741,0.504,Medium
32097,0.5039,Medium
11962,0.5039,Medium
45044,0.5039,Medium
21005,0.5039,Medium
19139,0.5038,Medium
46873,0.5038,Medium
13148,0.5037,Medium
39789,0.5037,Medium
33907,0.5037,Medium
16368,0.5036,Medium
14724,0.5036,Medium
13301,0.5036,Medium
5569,0.5036,Medium
19675,0.5035,Medium
38243,0.5035,Medium
29092,0.5035,Medium
32170,0.5035,Medium
2428,0.5034,Medium
31015,0.5034,Medium
9709,0.5033,Medium
24817,0.5033,Medium
33748,0.5033,Medium
47313,0.5032,Medium
39567,0.5032,Medium
8076,0.5031,Medium
42146,0.5031,Medium
572,0.5031,Medium
9975,0.5031,Medium
29982,0.503,Medium
7991,0.503,Medium
59,0.503,Medium
27283,0.503,Medium
7107,0.5029,Medium
47279,0.5028,Medium
46768,0.5027,Medium
8756,0.5026,Medium
49815,0.5026,Medium
43574,0.5026,Medium
10650,0.5025,Medium
48884,0.5025,Medium
7648,0.5025,Medium
17301,0.5025,Medium
21477,0.5025,Medium
46884,0.5024,Medium
1962,0.5024,Medium
31720,0.5023,Medium
23524,0.5023,Medium
48453,0.5023,Medium
28890,0.5023,Medium
51073,0.5023,Medium
4847,0.5022,Medium
2388,0.5022,Medium
3924,0.5021,Medium
1429,0.5021,Medium
17799,0.5021,Medium
41501,0.502,Medium
32318,0.502,Medium
46556,0.5019,Medium
41527,0.5019,Medium
2676,0.5019,Medium
4914,0.5019,Medium
1612,0.5018,Medium
49554,0.5018,Medium
44802,0.5018,Medium
36349,0.5016,Medium
12458,0.5016,Medium
5979,0.5016,Medium
1033,0.5016,Medium
38298,0.5015,Medium
34945,0.5015,Medium
4030,0.5015,Medium
26074,0.5014,Medium
20505,0.5014,Medium
24283,0.5013,Medium
36344,0.5013,Medium
35788,0.5012,Medium
15142,0.5012,Medium
14183,0.5012,Medium
28129,0.5012,Medium
31061,0.5012,Medium
7712,0.5012,Medium
1517,0.5011,Medium
23212,0.5011,Medium
37079,0.5011,Medium
30431,0.501,Medium
44276,0.501,Medium
41632,0.501,Medium
32011,0.5009,Medium
51110,0.5009,Medium
46790,0.5008,Medium
4475,0.5007,Medium
16192,0.5006,Medium
6333,0.5005,Medium
49641,0.5005,Medium
2457,0.5005,Medium
12109,0.5004,Medium
18070,0.5004,Medium
35145,0.5004,Medium
34475,0.5004,Medium
11735,0.5004,Medium
21163,0.5003,Medium
21424,0.5003,Medium
12595,0.5003,Medium
10169,0.5003,Medium
50258,0.5002,Medium
27025,0.5002,Medium
34721,0.5002,Medium
7354,0.5001,Medium
31969,0.5001,Medium
37590,0.5001,Medium
15256,0.4999,Medium
21729,0.4999,Medium
31488,0.4999,Medium
12001,0.4999,Medium
25546,0.4999,Medium
4254,0.4998,Medium
30410,0.4998,Medium
7373,0.4997,Medium
14738,0.4997,Medium
37752,0.4996,Medium
25664,0.4996,Medium
27779,0.4996,Medium
6797,0.4995,Medium
6975,0.4995,Medium
34531,0.4994,Medium
8823,0.4994,Medium
24876,0.4993,Medium
24887,0.4992,Medium
43483,0.4992,Medium
26777,0.4992,Medium
39354,0.499,Medium
44943,0.499,Medium
13693,0.499,Medium
7778,0.499,Medium
8632,0.4989,Medium
14816,0.4989,Medium
5172,0.4988,Medium
25699,0.4987,Medium
9633,0.4987,Medium
30693,0.4987,Medium
37483,0.4987,Medium
40254,0.4985,Medium
23504,0.4985,Medium
37696,0.4984,Medium
21735,0.4984,Medium
10873,0.4984,Medium
23641,0.4984,Medium
11049,0.4984,Medium
4133,0.4984,Medium
28648,0.4982,Medium
43197,0.4982,Medium
441,0.4981,Medium
16928,0.4981,Medium
25881,0.498,Medium
25751,0.498,Medium
22095,0.498,Medium
27869,0.4979,Medium
6970,0.4979,Medium
20222,0.4979,Medium
17086,0.4979,Medium
1558,0.4978,Medium
12977,0.4978,Medium
8072,0.4978,Medium
9256,0.4977,Medium
38221,0.4977,Medium
37852,0.4975,Medium
43863,0.4975,Medium
42329,0.4975,Medium
31072,0.4975,Medium
29931,0.4975,Medium
2229,0.4974,Medium
51202,0.4974,Medium
20276,0.4973,Medium
36477,0.4973,Medium
16722,0.4972,Medium
40859,0.4972,Medium
18060,0.4972,Medium
36012,0.4971,Medium
39496,0.4971,Medium
16497,0.4971,Medium
6168,0.497,Medium
4559,0.497,Medium
4574,0.4969,Medium
7414,0.4969,Medium
44158,0.4969,Medium
8957,0.4969,Medium
22813,0.4969,Medium
37528,0.4969,Medium
42022,0.4969,Medium
44652,0.4968,Medium
8977,0.4968,Medium
1669,0.4967,Medium
15674,0.4967,Medium
33508,0.4967,Medium
33090,0.4966,Medium
16696,0.4966,Medium
44127,0.4965,Medium
1180,0.4965,Medium
24828,0.4965,Medium
9868,0.4965,Medium
34445,0.4964,Medium
10536,0.4964,Medium
1432,0.4964,Medium
34292,0.4964,Medium
24116,0.4964,Medium
41616,0.4963,Medium
29391,0.4963,Medium
26629,0.4963,Medium
6281,0.4963,Medium
2879,0.4963,Medium
2608,0.4962,Medium
2858,0.4962,Medium
4710,0.4961,Medium
42560,0.4961,Medium
31891,0.496,Medium
24261,0.496,Medium
22861,0.4959,Medium
37152,0.4958,Medium
30281,0.4958,Medium
15417,0.4957,Medium
41218,0.4957,Medium
31354,0.4956,Medium
42569,0.4956,Medium
8967,0.4955,Medium
51682,0.4954,Medium
41061,0.4953,Medium
25957,0.4952,Medium
14835,0.4952,Medium
8625,0.4952,Medium
27614,0.495,Medium
22904,0.495,Medium
27945,0.495,Medium
17657,0.495,Medium
33199,0.4949,Medium
34412,0.4948,Medium
11946,0.4948,Medium
25600,0.4948,Medium
50650,0.4947,Medium
29201,0.4947,Medium
48835,0.4946,Medium
36743,0.4946,Medium
38577,0.4946,Medium
16446,0.4945,Medium
37099,0.4945,Medium
8378,0.4945,Medium
16513,0.4945,Medium
38890,0.4945,Medium
35962,0.4944,Medium
18607,0.4944,Medium
26641,0.4944,Medium
3942,0.4944,Medium
29163,0.4943,Medium
24614,0.4943,Medium
28120,0.4942,Medium
15375,0.4942,Medium
46663,0.4941,Medium
49781,0.494,Medium
6363,0.494,Medium
10531,0.494,Medium
11163,0.494,Medium
30250,0.494,Medium
43966,0.4939,Medium
38952,0.4939,Medium
26116,0.4939,Medium
45398,0.4938,Medium
14645,0.4937,Medium
42938,0.4937,Medium
49876,0.4937,Medium
10480,0.4937,Medium
8213,0.4937,Medium
30245,0.4937,Medium
48644,0.4936,Medium
44550,0.4936,Medium
47169,0.4936,Medium
16373,0.4935,Medium
37541,0.4935,Medium
39058,0.4935,Medium
39197,0.4934,Medium
50246,0.4934,Medium
35559,0.4934,Medium
5129,0.4933,Medium
50982,0.4933,Medium
18446,0.4933,Medium
41152,0.4932,Medium
50353,0.4932,Medium
46611,0.4932,Medium
5092,0.4932,Medium
22218,0.4932,Medium
25107,0.4931,Medium
28571,0.4931,Medium
44231,0.4931,Medium
37464,0.4931,Medium
24625,0.493,Medium
13104,0.493,Medium
24091,0.493,Medium
29416,0.493,Medium
29570,0.4929,Medium
23107,0.4928,Medium
28616,0.4927,Medium
16487,0.4927,Medium
50511,0.4927,Medium
17229,0.4927,Medium
2171,0.4926,Medium
35191,0.4926,Medium
33530,0.4925,Medium
49398,0.4924,Medium
20086,0.4924,Medium
36934,0.4923,Medium
48412,0.4923,Medium
4308,0.4923,Medium
18437,0.4922,Medium
17511,0.4922,Medium
4314,0.4921,Medium
43550,0.4921,Medium
47504,0.4921,Medium
17181,0.4921,Medium
34977,0.4921,Medium
45658,0.4921,Medium
44628,0.492,Medium
39807,0.4919,Medium
48722,0.4919,Medium
1842,0.4919,Medium
616,0.4918,Medium
9947,0.4918,Medium
47178,0.4917,Medium
46875,0.4917,Medium
9018,0.4916,Medium
51602,0.4916,Medium
1574,0.4915,Medium
30654,0.4915,Medium
18372,0.4915,Medium
10886,0.4914,Medium
47845,0.4914,Medium
36730,0.4912,Medium
47398,0.4912,Medium
30222,0.4912,Medium
5518,0.4911,Medium
34625,0.4911,Medium
5094,0.4911,Medium
44082,0.491,Medium
41288,0.491,Medium
8323,0.491,Medium
49901,0.4909,Medium
3029,0.4909,Medium
7716,0.4909,Medium
34965,0.4908,Medium
49199,0.4908,Medium
27764,0.4908,Medium
33042,0.4908,Medium
5738,0.4907,Medium
15806,0.4907,Medium
42493,0.4907,Medium
40911,0.4906,Medium
28160,0.4906,Medium
31175,0.4906,Medium
50049,0.4906,Medium
6414,0.4906,Medium
7650,0.4905,Medium
2739,0.4905,Medium
15741,0.4905,Medium
10458,0.4905,Medium
22250,0.4904,Medium
41745,0.4904,Medium
10513,0.4904,Medium
31514,0.4903,Medium
15042,0.4902,Medium
46890,0.4902,Medium
2486,0.4901,Medium
37434,0.4901,Medium
17957,0.4901,Medium
15870,0.4901,Medium
22715,0.4901,Medium
1362,0.49,Medium
16506,0.49,Medium
20955,0.49,Medium
33498,0.4899,Medium
140,0.4899,Medium
26790,0.4899,Medium
8552,0.4899,Medium
45291,0.4898,Medium
34380,0.4898,Medium
21693,0.4897,Medium
32852,0.4897,Medium
3581,0.4897,Medium
26589,0.4897,Medium
39788,0.4896,Medium
40614,0.4896,Medium
13128,0.4896,Medium
33173,0.4896,Medium
5548,0.4895,Medium
12752,0.4895,Medium
23394,0.4895,Medium
34847,0.4894,Medium
38171,0.4894,Medium
29326,0.4894,Medium
33552,0.4893,Medium
3291,0.4893,Medium
43144,0.4893,Medium
6362,0.4893,Medium
27472,0.4893,Medium
25724,0.4892,Medium
18655,0.4892,Medium
24388,0.4892,Medium
13435,0.4892,Medium
46420,0.4892,Medium
16117,0.4892,Medium
49585,0.4891,Medium
44251,0.4891,Medium
11742,0.4891,Medium
12884,0.489,Medium
42592,0.489,Medium
24383,0.489,Medium
31238,0.4889,Medium
49117,0.4889,Medium
12748,0.4888,Medium
27648,0.4888,Medium
22301,0.4888,Medium
256,0.4888,Medium
1948,0.4888,Medium
32750,0.4886,Medium
9746,0.4885,Medium
50875,0.4885,Medium
12318,0.4884,Medium
26776,0.4884,Medium
27192,0.4884,Medium
9315,0.4884,Medium
1092,0.4883,Medium
18467,0.4883,Medium
8241,0.4882,Medium
51975,0.4882,Medium
33004,0.4882,Medium
28593,0.4881,Medium
30748,0.4881,Medium
34436,0.488,Medium
26752,0.488,Medium
37300,0.4879,Medium
40846,0.4879,Medium
41212,0.4879,Medium
11158,0.4879,Medium
11974,0.4879,Medium
4188,0.4879,Medium
50705,0.4878,Medium
6747,0.4878,Medium
7138,0.4877,Medium
31260,0.4877,Medium
4994,0.4877,Medium
12046,0.4877,Medium
16359,0.4877,Medium
8451,0.4876,Medium
403,0.4876,Medium
48054,0.4876,Medium
25242,0.4876,Medium
38454,0.4876,Medium
35887,0.4876,Medium
33443,0.4876,Medium
24541,0.4875,Medium
31571,0.4875,Medium
42694,0.4874,Medium
3663,0.4873,Medium
6518,0.4873,Medium
42380,0.4873,Medium
1753,0.4873,Medium
31261,0.4873,Medium
39964,0.4873,Medium
28587,0.4873,Medium
11891,0.4872,Medium
50602,0.4872,Medium
10403,0.4872,Medium
37973,0.4872,Medium
13360,0.487,Medium
11716,0.487,Medium
11560,0.487,Medium
36492,0.4869,Medium
40694,0.4869,Medium
2891,0.4868,Medium
43223,0.4868,Medium
19509,0.4867,Medium
8665,0.4867,Medium
23220,0.4867,Medium
41506,0.4867,Medium
34086,0.4867,Medium
23045,0.4866,Medium
6809,0.4866,Medium
16216,0.4866,Medium
44307,0.4865,Medium
41193,0.4864,Medium
41552,0.4863,Medium
20664,0.4863,Medium
36272,0.4863,Medium
28576,0.4862,Medium
29903,0.4862,Medium
39652,0.4862,Medium
21982,0.4861,Medium
7955,0.4861,Medium
46581,0.4861,Medium
1346,0.486,Medium
48686,0.486,Medium
25217,0.486,Medium
50885,0.486,Medium
6250,0.486,Medium
3622,0.486,Medium
9134,0.486,Medium
9219,0.4859,Medium
1397,0.4859,Medium
50366,0.4859,Medium
30662,0.4859,Medium
45758,0.4858,Medium
2373,0.4858,Medium
43180,0.4858,Medium
35288,0.4858,Medium
15272,0.4858,Medium
24892,0.4857,Medium
50615,0.4857,Medium
26325,0.4857,Medium
35026,0.4857,Medium
238,0.4856,Medium
31883,0.4856,Medium
36875,0.4856,Medium
9884,0.4856,Medium
41097,0.4856,Medium
51248,0.4855,Medium
15942,0.4855,Medium
24774,0.4855,Medium
8164,0.4855,Medium
34170,0.4854,Medium
46977,0.4854,Medium
22520,0.4854,Medium
44479,0.4853,Medium
23129,0.4852,Medium
49246,0.4852,Medium
23927,0.4852,Medium
8788,0.4851,Medium
734,0.4851,Medium
47238,0.4851,Medium
39158,0.4851,Medium
45342,0.4851,Medium
38377,0.4851,Medium
18258,0.485,Medium
28470,0.485,Medium
1448,0.485,Medium
11666,0.485,Medium
33177,0.4849,Medium
33643,0.4849,Medium
5856,0.4848,Medium
21438,0.4847,Medium
45238,0.4847,Medium
11692,0.4847,Medium
49739,0.4847,Medium
30916,0.4846,Medium
45111,0.4846,Medium
49797,0.4846,Medium
44180,0.4846,Medium
27772,0.4845,Medium
17827,0.4845,Medium
22415,0.4845,Medium
30797,0.4843,Medium
11706,0.4843,Medium
18554,0.4843,Medium
24474,0.4842,Medium
47992,0.4842,Medium
5526,0.4842,Medium
14650,0.4841,Medium
49009,0.4841,Medium
22485,0.4841,Medium
45495,0.484,Medium
6146,0.4839,Medium
7550,0.4839,Medium
33362,0.4838,Medium
42495,0.4838,Medium
40181,0.4838,Medium
10979,0.4838,Medium
20704,0.4838,Medium
28923,0.4838,Medium
33761,0.4837,Medium
11076,0.4837,Medium
34628,0.4837,Medium
28559,0.4837,Medium
47821,0.4836,Medium
30211,0.4836,Medium
44627,0.4836,Medium
10611,0.4836,Medium
29404,0.4835,Medium
12459,0.4835,Medium
39911,0.4834,Medium
22325,0.4833,Medium
16720,0.4833,Medium
45965,0.4833,Medium
1545,0.4832,Medium
8991,0.4832,Medium
20509,0.4832,Medium
36339,0.4831,Medium
34453,0.4831,Medium
10200,0.4831,Medium
28668,0.483,Medium
25655,0.4829,Medium
24287,0.4829,Medium
32654,0.4829,Medium
43884,0.4829,Medium
50067,0.4829,Medium
18803,0.4829,Medium
21195,0.4829,Medium
18630,0.4828,Medium
16991,0.4828,Medium
27130,0.4828,Medium
3498,0.4826,Medium
17088,0.4826,Medium
13349,0.4826,Medium
14504,0.4826,Medium
25758,0.4826,Medium
40964,0.4825,Medium
8583,0.4825,Medium
39729,0.4825,Medium
37479,0.4825,Medium
14126,0.4824,Medium
40618,0.4824,Medium
29699,0.4824,Medium
31045,0.4824,Medium
209,0.4824,Medium
24613,0.4824,Medium
24639,0.4824,Medium
48272,0.4823,Medium
114,0.4823,Medium
38065,0.4822,Medium
37586,0.4822,Medium
22885,0.4821,Medium
28685,0.4821,Medium
22955,0.4821,Medium
33984,0.4821,Medium
34231,0.482,Medium
27146,0.482,Medium
2268,0.482,Medium
28705,0.482,Medium
49508,0.482,Medium
17135,0.4819,Medium
19984,0.4819,Medium
7636,0.4819,Medium
28754,0.4819,Medium
16890,0.4818,Medium
48460,0.4817,Medium
32104,0.4816,Medium
23153,0.4815,Medium
10382,0.4815,Medium
9039,0.4815,Medium
10682,0.4815,Medium
42117,0.4814,Medium
50323,0.4814,Medium
24869,0.4814,Medium
3953,0.4814,Medium
33952,0.4814,Medium
47913,0.4813,Medium
23797,0.4813,Medium
37189,0.4813,Medium
26624,0.4813,Medium
2404,0.4813,Medium
29106,0.4813,Medium
38626,0.4812,Medium
27134,0.4812,Medium
33595,0.4812,Medium
35445,0.4812,Medium
24208,0.4812,Medium
23429,0.4811,Medium
5171,0.4811,Medium
30077,0.4811,Medium
13932,0.4811,Medium
45902,0.4809,Medium
8487,0.4809,Medium
17600,0.4809,Medium
11068,0.4808,Medium
8404,0.4807,Medium
15097,0.4807,Medium
40210,0.4807,Medium
18934,0.4806,Medium
4630,0.4804,Medium
45204,0.4804,Medium
41692,0.4803,Medium
50967,0.4803,Medium
50176,0.4802,Medium
48824,0.4802,Medium
4834,0.4802,Medium
31972,0.4802,Medium
1828,0.4801,Medium
28021,0.4801,Medium
33509,0.48,Medium
6690,0.48,Medium
15183,0.4799,Medium
30891,0.4799,Medium
17837,0.4799,Medium
22648,0.4799,Medium
21219,0.4799,Medium
3864,0.4798,Medium
34247,0.4798,Medium
16294,0.4797,Medium
37349,0.4797,Medium
3196,0.4796,Medium
45373,0.4796,Medium
455,0.4796,Medium
34033,0.4796,Medium
38130,0.4796,Medium
22263,0.4795,Medium
37790,0.4795,Medium
36260,0.4795,Medium
34615,0.4794,Medium
13054,0.4793,Medium
33456,0.4792,Medium
26627,0.4792,Medium
24226,0.4792,Medium
35968,0.4791,Medium
34028,0.4791,Medium
29731,0.4791,Medium
51186,0.4791,Medium
7094,0.4791,Medium
24431,0.479,Medium
27904,0.479,Medium
44033,0.479,Medium
48502,0.4789,Medium
20135,0.4789,Medium
24691,0.4788,Medium
1223,0.4788,Medium
12872,0.4788,Medium
21665,0.4787,Medium
49271,0.4787,Medium
45142,0.4785,Medium
51753,0.4785,Medium
31657,0.4785,Medium
48432,0.4785,Medium
13702,0.4784,Medium
50172,0.4784,Medium
16015,0.4783,Medium
14883,0.4783,Medium
15911,0.4783,Medium
5872,0.4783,Medium
13684,0.4782,Medium
29088,0.4782,Medium
43325,0.4781,Medium
42559,0.478,Medium
40063,0.478,Medium
20803,0.478,Medium
28660,0.4779,Medium
36968,0.4779,Medium
25000,0.4778,Medium
33519,0.4778,Medium
4429,0.4778,Medium
34462,0.4778,Medium
45950,0.4778,Medium
29504,0.4777,Medium
3425,0.4777,Medium
37885,0.4777,Medium
17659,0.4776,Medium
12027,0.4776,Medium
50411,0.4775,Medium
40211,0.4775,Medium
46543,0.4774,Medium
11847,0.4774,Medium
30342,0.4773,Medium
12093,0.4773,Medium
16841,0.4773,Medium
31741,0.4773,Medium
14181,0.4773,Medium
46927,0.4773,Medium
46260,0.4772,Medium
42289,0.4772,Medium
32626,0.4772,Medium
2841,0.4771,Medium
8593,0.4771,Medium
48771,0.4771,Medium
26137,0.477,Medium
27359,0.477,Medium
11111,0.4769,Medium
48695,0.4769,Medium
9487,0.4769,Medium
13015,0.4769,Medium
44340,0.4769,Medium
28247,0.4769,Medium
22398,0.4769,Medium
41620,0.4768,Medium
51086,0.4768,Medium
23543,0.4768,Medium
46861,0.4768,Medium
31665,0.4767,Medium
47506,0.4767,Medium
24619,0.4767,Medium
19106,0.4767,Medium
33610,0.4767,Medium
23875,0.4767,Medium
1262,0.4767,Medium
23099,0.4766,Medium
12539,0.4766,Medium
9561,0.4766,Medium
44583,0.4766,Medium
21010,0.4766,Medium
48713,0.4766,Medium
40096,0.4766,Medium
24851,0.4766,Medium
49096,0.4766,Medium
2248,0.4766,Medium
18507,0.4765,Medium
30405,0.4765,Medium
497,0.4765,Medium
38613,0.4765,Medium
19188,0.4764,Medium
10577,0.4764,Medium
47245,0.4763,Medium
38383,0.4763,Medium
45139,0.4763,Medium
28522,0.4763,Medium
51617,0.4762,Medium
46885,0.4762,Medium
32114,0.4762,Medium
31152,0.4761,Medium
29636,0.4761,Medium
39830,0.4761,Medium
11338,0.476,Medium
29101,0.476,Medium
48282,0.476,Medium
33190,0.476,Medium
712,0.476,Medium
33331,0.4759,Medium
29072,0.4759,Medium
2943,0.4759,Medium
20820,0.4759,Medium
6083,0.4759,Medium
38926,0.4758,Medium
23968,0.4758,Medium
27101,0.4757,Medium
16777,0.4757,Medium
44112,0.4757,Medium
14968,0.4757,Medium
8397,0.4757,Medium
2826,0.4757,Medium
45429,0.4756,Medium
20879,0.4756,Medium
45526,0.4756,Medium
5021,0.4756,Medium
20755,0.4755,Medium
10357,0.4755,Medium
38894,0.4754,Medium
8430,0.4754,Medium
33003,0.4754,Medium
43855,0.4754,Medium
29846,0.4752,Medium
30784,0.4752,Medium
40863,0.4751,Medium
27747,0.4751,Medium
11063,0.4751,Medium
21645,0.4751,Medium
43961,0.4751,Medium
42835,0.475,Medium
10884,0.475,Medium
50607,0.475,Medium
36628,0.4749,Medium
24941,0.4749,Medium
45308,0.4749,Medium
41866,0.4749,Medium
36122,0.4748,Medium
46938,0.4748,Medium
30147,0.4748,Medium
31949,0.4747,Medium
48948,0.4747,Medium
37786,0.4747,Medium
9238,0.4747,Medium
5802,0.4747,Medium
25260,0.4747,Medium
39004,0.4747,Medium
9708,0.4746,Medium
9695,0.4746,Medium
48032,0.4745,Medium
19055,0.4745,Medium
36632,0.4745,Medium
25995,0.4744,Medium
29145,0.4744,Medium
31976,0.4743,Medium
11103,0.4743,Medium
12319,0.4742,Medium
50541,0.4742,Medium
12443,0.4741,Medium
35970,0.4741,Medium
33426,0.4741,Medium
41597,0.474,Medium
33845,0.474,Medium
14521,0.474,Medium
2569,0.474,Medium
50550,0.4739,Medium
27887,0.4739,Medium
46789,0.4739,Medium
21923,0.4739,Medium
43363,0.4739,Medium
19979,0.4739,Medium
21529,0.4738,Medium
35747,0.4738,Medium
6123,0.4738,Medium
12083,0.4738,Medium
23032,0.4737,Medium
8535,0.4737,Medium
45831,0.4737,Medium
26756,0.4737,Medium
32077,0.4737,Medium
5485,0.4736,Medium
11846,0.4736,Medium
35385,0.4734,Medium
11945,0.4734,Medium
40384,0.4734,Medium
26644,0.4734,Medium
36937,0.4734,Medium
17683,0.4733,Medium
11365,0.4733,Medium
2813,0.4733,Medium
27726,0.4733,Medium
22876,0.4733,Medium
10571,0.4733,Medium
47430,0.4733,Medium
35023,0.4733,Medium
39266,0.4733,Medium
7069,0.4732,Medium
39961,0.4732,Medium
7925,0.4731,Medium
33705,0.4731,Medium
7459,0.4731,Medium
48567,0.4731,Medium
47769,0.473,Medium
5527,0.473,Medium
5967,0.473,Medium
15636,0.473,Medium
21239,0.4729,Medium
16993,0.4729,Medium
39314,0.4729,Medium
17709,0.4728,Medium
41116,0.4728,Medium
20391,0.4727,Medium
27950,0.4727,Medium
31166,0.4727,Medium
37494,0.4727,Medium
40407,0.4726,Medium
35694,0.4726,Medium
10261,0.4725,Medium
32290,0.4725,Medium
43416,0.4725,Medium
4742,0.4725,Medium
48801,0.4724,Medium
19801,0.4724,Medium
201,0.4724,Medium
36672,0.4723,Medium
34156,0.4723,Medium
8612,0.4723,Medium
28962,0.4723,Medium
50414,0.4723,Medium
29530,0.4723,Medium
15486,0.4722,Medium
42156,0.4721,Medium
3097,0.4721,Medium
20714,0.4721,Medium
956,0.4719,Medium
37736,0.4719,Medium
119,0.4719,Medium
51334,0.4718,Medium
18955,0.4718,Medium
22202,0.4718,Medium
41446,0.4718,Medium
3546,0.4717,Medium
33302,0.4717,Medium
16596,0.4717,Medium
46060,0.4717,Medium
32026,0.4716,Medium
6796,0.4715,Medium
11364,0.4715,Medium
36453,0.4715,Medium
24673,0.4714,Medium
18892,0.4714,Medium
8888,0.4714,Medium
30440,0.4713,Medium
35823,0.4713,Medium
13791,0.4713,Medium
36155,0.4712,Medium
48487,0.4712,Medium
3063,0.4712,Medium
7292,0.4712,Medium
14365,0.4712,Medium
26512,0.4712,Medium
17656,0.4711,Medium
4592,0.4711,Medium
45426,0.4711,Medium
50545,0.471,Medium
21008,0.471,Medium
10251,0.471,Medium
51917,0.471,Medium
22123,0.471,Medium
51521,0.4709,Medium
32822,0.4709,Medium
31100,0.4709,Medium
42595,0.4709,Medium
33110,0.4709,Medium
30274,0.4709,Medium
37291,0.4708,Medium
13805,0.4708,Medium
47791,0.4708,Medium
40982,0.4708,Medium
49122,0.4707,Medium
29096,0.4707,Medium
21248,0.4706,Medium
30118,0.4706,Medium
50150,0.4706,Medium
1872,0.4705,Medium
39018,0.4705,Medium
29224,0.4705,Medium
6148,0.4705,Medium
10425,0.4704,Medium
35394,0.4703,Medium
5024,0.4703,Medium
12331,0.4703,Medium
24151,0.4703,Medium
10776,0.4703,Medium
9961,0.4702,Medium
14336,0.4702,Medium
29552,0.4702,Medium
19672,0.4702,Medium
46499,0.4701,Medium
40874,0.47,Medium
48094,0.47,Medium
38046,0.4699,Medium
23071,0.4699,Medium
12908,0.4699,Medium
41829,0.4699,Medium
47523,0.4699,Medium
30125,0.4699,Medium
34172,0.4699,Medium
39053,0.4698,Medium
14233,0.4698,Medium
25405,0.4698,Medium
39075,0.4698,Medium
9756,0.4698,Medium
41291,0.4698,Medium
32111,0.4697,Medium
45702,0.4697,Medium
2448,0.4696,Medium
35114,0.4696,Medium
26170,0.4695,Medium
20330,0.4695,Medium
36196,0.4695,Medium
39855,0.4695,Medium
19983,0.4695,Medium
3137,0.4695,Medium
22141,0.4694,Medium
35285,0.4693,Medium
371,0.4693,Medium
24133,0.4692,Medium
50548,0.4691,Medium
14330,0.4691,Medium
31914,0.4691,Medium
36636,0.4691,Medium
11444,0.469,Medium
25924,0.469,Medium
27288,0.469,Medium
45738,0.469,Medium
51849,0.4689,Medium
15092,0.4689,Medium
47092,0.4689,Medium
38598,0.4688,Medium
42416,0.4688,Medium
26364,0.4688,Medium
267,0.4688,Medium
27439,0.4687,Medium
2955,0.4687,Medium
36931,0.4685,Medium
21521,0.4685,Medium
40833,0.4685,Medium
34831,0.4685,Medium
37028,0.4684,Medium
39388,0.4684,Medium
22441,0.4684,Medium
328,0.4684,Medium
20175,0.4684,Medium
2008,0.4683,Medium
47318,0.4683,Medium
12744,0.4683,Medium
29823,0.4682,Medium
228,0.4682,Medium
8189,0.4682,Medium
27122,0.4681,Medium
31938,0.4681,Medium
5330,0.4681,Medium
35567,0.4681,Medium
6112,0.4681,Medium
18820,0.468,Medium
29928,0.468,Medium
34052,0.468,Medium
10539,0.468,Medium
2888,0.4679,Medium
46743,0.4679,Medium
48607,0.4679,Medium
25439,0.4679,Medium
8655,0.4679,Medium
18648,0.4679,Medium
50025,0.4678,Medium
42820,0.4678,Medium
24983,0.4678,Medium
38884,0.4677,Medium
19111,0.4677,Medium
2773,0.4677,Medium
20360,0.4676,Medium
800,0.4675,Medium
40518,0.4674,Medium
10530,0.4673,Medium
2808,0.4673,Medium
43713,0.4673,Medium
4484,0.4672,Medium
4793,0.4672,Medium
32724,0.4671,Medium
36474,0.4671,Medium
10755,0.4671,Medium
6710,0.4671,Medium
31640,0.467,Medium
20973,0.467,Medium
33884,0.4669,Medium
35178,0.4669,Medium
22258,0.4668,Medium
48262,0.4668,Medium
3569,0.4667,Medium
13855,0.4667,Medium
33134,0.4667,Medium
9619,0.4666,Medium
7037,0.4666,Medium
37150,0.4666,Medium
12499,0.4666,Medium
1705,0.4665,Medium
8225,0.4665,Medium
41679,0.4665,Medium
32865,0.4665,Medium
33573,0.4665,Medium
26310,0.4665,Medium
35843,0.4664,Medium
24322,0.4664,Medium
10248,0.4664,Medium
37153,0.4664,Medium
20632,0.4663,Medium
4808,0.4663,Medium
4205,0.4663,Medium
30969,0.4662,Medium
41299,0.4662,Medium
18980,0.4662,Medium
13529,0.4662,Medium
1866,0.4661,Medium
20367,0.4661,Medium
8531,0.4661,Medium
32309,0.4661,Medium
43101,0.466,Medium
39871,0.466,Medium
41775,0.466,Medium
30072,0.466,Medium
32546,0.4659,Medium
17546,0.4659,Medium
44565,0.4659,Medium
26586,0.4658,Medium
45597,0.4658,Medium
4052,0.4658,Medium
4542,0.4658,Medium
26719,0.4658,Medium
47487,0.4657,Medium
7753,0.4657,Medium
19087,0.4657,Medium
5827,0.4657,Medium
8848,0.4656,Medium
35882,0.4656,Medium
25345,0.4656,Medium
9346,0.4656,Medium
42507,0.4656,Medium
51520,0.4656,Medium
35533,0.4655,Medium
19952,0.4655,Medium
41748,0.4655,Medium
33733,0.4655,Medium
9071,0.4654,Medium
50097,0.4654,Medium
27716,0.4654,Medium
38793,0.4654,Medium
11344,0.4653,Medium
6967,0.4653,Medium
17025,0.4652,Medium
15165,0.4652,Medium
13511,0.4652,Medium
49440,0.4652,Medium
17019,0.4652,Medium
23804,0.4651,Medium
2250,0.4651,Medium
38540,0.4651,Medium
11463,0.4651,Medium
27801,0.465,Medium
48700,0.465,Medium
31958,0.465,Medium
43238,0.4649,Medium
27988,0.4649,Medium
44100,0.4649,Medium
33550,0.4649,Medium
8876,0.4649,Medium
16332,0.4649,Medium
14070,0.4649,Medium
13939,0.4648,Medium
6993,0.4648,Medium
9559,0.4648,Medium
42587,0.4647,Medium
48185,0.4647,Medium
33965,0.4647,Medium
22206,0.4647,Medium
45410,0.4646,Medium
45347,0.4645,Medium
19057,0.4645,Medium
16345,0.4645,Medium
3680,0.4645,Medium
2909,0.4645,Medium
24494,0.4645,Medium
23937,0.4644,Medium
14822,0.4644,Medium
19916,0.4643,Medium
848,0.4643,Medium
44761,0.4643,Medium
16945,0.4642,Medium
31126,0.4641,Medium
2778,0.4641,Medium
6201,0.4641,Medium
29321,0.464,Medium
26751,0.464,Medium
33988,0.464,Medium
37620,0.464,Medium
47699,0.4639,Medium
31738,0.4639,Medium
45359,0.4638,Medium
18493,0.4638,Medium
27160,0.4638,Medium
43777,0.4638,Medium
46520,0.4638,Medium
42917,0.4637,Medium
11991,0.4637,Medium
46030,0.4635,Medium
35885,0.4635,Medium
14265,0.4634,Medium
19514,0.4634,Medium
38041,0.4633,Medium
39551,0.4633,Medium
12638,0.4633,Medium
2361,0.4632,Medium
36570,0.4632,Medium
17541,0.4632,Medium
16217,0.4632,Medium
40765,0.4632,Medium
33273,0.463,Medium
7529,0.463,Medium
18543,0.463,Medium
12454,0.463,Medium
20740,0.463,Medium
20077,0.463,Medium
31925,0.463,Medium
4868,0.4629,Medium
20960,0.4629,Medium
50300,0.4629,Medium
21937,0.4628,Medium
39107,0.4628,Medium
38619,0.4627,Medium
15420,0.4627,Medium
36294,0.4627,Medium
41902,0.4626,Medium
45211,0.4626,Medium
48883,0.4626,Medium
37063,0.4626,Medium
50064,0.4625,Medium
12561,0.4625,Medium
43549,0.4624,Medium
13845,0.4624,Medium
12644,0.4624,Medium
43872,0.4624,Medium
27395,0.4624,Medium
21057,0.4624,Medium
48592,0.4624,Medium
34243,0.4624,Medium
48919,0.4623,Medium
48950,0.4622,Medium
42689,0.4622,Medium
19233,0.4622,Medium
33029,0.4622,Medium
46036,0.4622,Medium
40672,0.4621,Medium
45595,0.4621,Medium
46152,0.4621,Medium
41983,0.4621,Medium
31223,0.462,Medium
47890,0.4619,Medium
38348,0.4619,Medium
23714,0.4619,Medium
18298,0.4618,Medium
14367,0.4618,Medium
51610,0.4618,Medium
24239,0.4618,Medium
3573,0.4617,Medium
48924,0.4617,Medium
28442,0.4617,Medium
30091,0.4616,Medium
1213,0.4616,Medium
45497,0.4615,Medium
25524,0.4615,Medium
7721,0.4615,Medium
12591,0.4615,Medium
51095,0.4615,Medium
12142,0.4612,Medium
7332,0.4611,Medium
6293,0.4611,Medium
22060,0.4611,Medium
7817,0.4611,Medium
20389,0.4611,Medium
48798,0.461,Medium
22150,0.461,Medium
825,0.4609,Medium
36918,0.4609,Medium
6949,0.4609,Medium
21657,0.4609,Medium
30347,0.4609,Medium
48594,0.4608,Medium
48520,0.4608,Medium
44750,0.4608,Medium
13552,0.4608,Medium
25981,0.4607,Medium
30282,0.4607,Medium
7004,0.4607,Medium
34366,0.4607,Medium
18317,0.4607,Medium
26067,0.4606,Medium
48736,0.4606,Medium
28984,0.4605,Medium
49738,0.4604,Medium
20414,0.4604,Medium
34684,0.4604,Medium
37799,0.4604,Medium
40050,0.4603,Medium
16083,0.4602,Medium
12784,0.4602,Medium
25366,0.4601,Medium
16158,0.4601,Medium
39090,0.4601,Medium
5893,0.4601,Medium
36807,0.4601,Medium
15792,0.4601,Medium
49658,0.46,Medium
20421,0.4599,Medium
38178,0.4599,Medium
45953,0.4599,Medium
39488,0.4598,Medium
17990,0.4598,Medium
16262,0.4597,Medium
36264,0.4597,Medium
41631,0.4597,Medium
10532,0.4597,Medium
27729,0.4596,Medium
46931,0.4596,Medium
12438,0.4596,Medium
31591,0.4595,Medium
28039,0.4595,Medium
14221,0.4594,Medium
25693,0.4594,Medium
26975,0.4594,Medium
27858,0.4593,Medium
1596,0.4593,Medium
13617,0.4593,Medium
1139,0.4593,Medium
24689,0.4592,Medium
7486,0.4592,Medium
20133,0.4591,Medium
35691,0.4591,Medium
18178,0.4591,Medium
38279,0.4591,Medium
37766,0.459,Medium
27470,0.459,Medium
48689,0.459,Medium
4307,0.459,Medium
9772,0.4588,Medium
25958,0.4588,Medium
15671,0.4588,Medium
45767,0.4588,Medium
23390,0.4588,Medium
31431,0.4587,Medium
4110,0.4587,Medium
34997,0.4586,Medium
20021,0.4586,Medium
32435,0.4586,Medium
28635,0.4585,Medium
49851,0.4585,Medium
40447,0.4585,Medium
34060,0.4585,Medium
31874,0.4585,Medium
43443,0.4584,Medium
42361,0.4584,Medium
44491,0.4584,Medium
11300,0.4584,Medium
39843,0.4584,Medium
30597,0.4583,Medium
27996,0.4583,Medium
9625,0.4581,Medium
42766,0.4581,Medium
24442,0.4581,Medium
32745,0.4581,Medium
49527,0.4581,Medium
32148,0.458,Medium
51452,0.458,Medium
13715,0.458,Medium
639,0.4579,Medium
33315,0.4579,Medium
48895,0.4579,Medium
17753,0.4579,Medium
16360,0.4578,Medium
2487,0.4578,Medium
25728,0.4578,Medium
14782,0.4577,Medium
33123,0.4577,Medium
23132,0.4577,Medium
46258,0.4577,Medium
49418,0.4577,Medium
1142,0.4577,Medium
18288,0.4576,Medium
47384,0.4576,Medium
5601,0.4576,Medium
28325,0.4576,Medium
34114,0.4576,Medium
42925,0.4576,Medium
2699,0.4576,Medium
16241,0.4576,Medium
35757,0.4576,Medium
8463,0.4576,Medium
23895,0.4576,Medium
41706,0.4575,Medium
8864,0.4575,Medium
19201,0.4574,Medium
29209,0.4574,Medium
29190,0.4574,Medium
49147,0.4574,Medium
29580,0.4574,Medium
27976,0.4573,Medium
5346,0.4573,Medium
22635,0.4573,Medium
12157,0.4573,Medium
39207,0.4572,Medium
35475,0.4572,Medium
20993,0.4572,Medium
2733,0.4571,Medium
17287,0.4571,Medium
49037,0.4571,Medium
26720,0.4571,Medium
40916,0.4571,Medium
42529,0.4571,Medium
36402,0.457,Medium
18706,0.457,Medium
28896,0.4569,Medium
27849,0.4569,Medium
33718,0.4569,Medium
31805,0.4569,Medium
32061,0.4568,Medium
30990,0.4568,Medium
42990,0.4568,Medium
31004,0.4568,Medium
5089,0.4568,Medium
1986,0.4567,Medium
44386,0.4567,Medium
39772,0.4567,Medium
9369,0.4567,Medium
30941,0.4567,Medium
2189,0.4567,Medium
30950,0.4567,Medium
11362,0.4566,Medium
20402,0.4565,Medium
8415,0.4565,Medium
32752,0.4565,Medium
10442,0.4565,Medium
32115,0.4565,Medium
2636,0.4564,Medium
22224,0.4564,Medium
44439,0.4563,Medium
45908,0.4563,Medium
2202,0.4563,Medium
21316,0.4563,Medium
51820,0.4562,Medium
32363,0.4562,Medium
51128,0.4562,Medium
43391,0.4562,Medium
19557,0.4561,Medium
48658,0.456,Medium
28351,0.456,Medium
17284,0.456,Medium
32323,0.456,Medium
37301,0.4559,Medium
11531,0.4559,Medium
40758,0.4559,Medium
35892,0.4558,Medium
12792,0.4558,Medium
12832,0.4558,Medium
49209,0.4558,Medium
3576,0.4558,Medium
9666,0.4558,Medium
40215,0.4558,Medium
29884,0.4558,Medium
28608,0.4558,Medium
48221,0.4558,Medium
24751,0.4557,Medium
41444,0.4557,Medium
14643,0.4557,Medium
44619,0.4557,Medium
1894,0.4556,Medium
48387,0.4556,Medium
39589,0.4556,Medium
37695,0.4556,Medium
38405,0.4555,Medium
50753,0.4554,Medium
14461,0.4554,Medium
24725,0.4553,Medium
39426,0.4553,Medium
48530,0.4553,Medium
45647,0.4553,Medium
15537,0.4553,Medium
50084,0.4553,Medium
5708,0.4553,Medium
9239,0.4553,Medium
28829,0.4552,Medium
26001,0.4552,Medium
906,0.4552,Medium
7577,0.4552,Medium
36529,0.4552,Medium
45638,0.4552,Medium
10360,0.4551,Medium
35799,0.4551,Medium
80,0.4551,Medium
47319,0.4551,Medium
32496,0.455,Medium
48088,0.4549,Medium
40514,0.4549,Medium
21781,0.4549,Medium
27698,0.4549,Medium
33440,0.4549,Medium
22720,0.4549,Medium
30442,0.4549,Medium
37390,0.4549,Medium
25328,0.4549,Medium
18772,0.4548,Medium
198,0.4547,Medium
32744,0.4547,Medium
39771,0.4547,Medium
7086,0.4547,Medium
33227,0.4547,Medium
8021,0.4546,Medium
43526,0.4546,Medium
37986,0.4546,Medium
2972,0.4545,Medium
40187,0.4545,Medium
14758,0.4545,Medium
6984,0.4545,Medium
17444,0.4545,Medium
32215,0.4545,Medium
46048,0.4544,Medium
45680,0.4544,Medium
21431,0.4544,Medium
51627,0.4544,Medium
40820,0.4543,Medium
194,0.4543,Medium
38014,0.4543,Medium
11062,0.4543,Medium
40421,0.4543,Medium
1854,0.4543,Medium
12593,0.4542,Medium
40766,0.4542,Medium
7225,0.4542,Medium
6863,0.4542,Medium
36775,0.4542,Medium
26120,0.4541,Medium
49228,0.4541,Medium
42060,0.4541,Medium
36488,0.4541,Medium
34098,0.454,Medium
43834,0.454,Medium
38840,0.454,Medium
20736,0.4539,Medium
31723,0.4539,Medium
1775,0.4538,Medium
7752,0.4538,Medium
39209,0.4538,Medium
30197,0.4538,Medium
9774,0.4538,Medium
21677,0.4538,Medium
21289,0.4537,Medium
33602,0.4537,Medium
9676,0.4536,Medium
37819,0.4536,Medium
26113,0.4536,Medium
20336,0.4536,Medium
15649,0.4535,Medium
40278,0.4535,Medium
1123,0.4535,Medium
5380,0.4534,Medium
43332,0.4534,Medium
28051,0.4534,Medium
16107,0.4533,Medium
6882,0.4533,Medium
38410,0.4533,Medium
2710,0.4532,Medium
24819,0.4532,Medium
14106,0.4532,Medium
17570,0.4531,Medium
13671,0.4531,Medium
2167,0.4531,Medium
4524,0.4531,Medium
39648,0.4531,Medium
48452,0.4531,Medium
34541,0.4531,Medium
37848,0.453,Medium
5574,0.453,Medium
4154,0.453,Medium
2928,0.4529,Medium
7137,0.4529,Medium
20983,0.4528,Medium
15574,0.4528,Medium
12240,0.4527,Medium
18629,0.4526,Medium
22361,0.4525,Medium
34460,0.4525,Medium
17528,0.4525,Medium
44632,0.4524,Medium
22823,0.4524,Medium
30049,0.4524,Medium
4468,0.4524,Medium
24803,0.4524,Medium
41013,0.4524,Medium
9478,0.4524,Medium
33623,0.4524,Medium
20252,0.4524,Medium
30484,0.4523,Medium
20005,0.4523,Medium
32168,0.4523,Medium
15497,0.4523,Medium
7250,0.4522,Medium
3912,0.4522,Medium
38409,0.4522,Medium
51938,0.4522,Medium
44104,0.4522,Medium
32897,0.4522,Medium
24539,0.452,Medium
32043,0.452,Medium
11388,0.452,Medium
17102,0.452,Medium
35941,0.4519,Medium
17030,0.4519,Medium
121,0.4519,Medium
1839,0.4519,Medium
44606,0.4519,Medium
31871,0.4518,Medium
13836,0.4518,Medium
8796,0.4518,Medium
1609,0.4518,Medium
9246,0.4517,Medium
7952,0.4517,Medium
3597,0.4517,Medium
17752,0.4517,Medium
47585,0.4517,Medium
17865,0.4516,Medium
51978,0.4516,Medium
44431,0.4516,Medium
22561,0.4516,Medium
10741,0.4516,Medium
5512,0.4516,Medium
28747,0.4515,Medium
31636,0.4515,Medium
44253,0.4514,Medium
34577,0.4514,Medium
26075,0.4513,Medium
21155,0.4513,Medium
40373,0.4513,Medium
50822,0.4513,Medium
25382,0.4513,Medium
46372,0.4512,Medium
6438,0.4512,Medium
9406,0.4512,Medium
10716,0.4511,Medium
39484,0.4511,Medium
24402,0.4511,Medium
23874,0.4511,Medium
33290,0.451,Medium
40498,0.451,Medium
14107,0.451,Medium
36283,0.451,Medium
35719,0.451,Medium
44120,0.4509,Medium
22423,0.4509,Medium
37770,0.4509,Medium
34938,0.4508,Medium
6583,0.4507,Medium
75,0.4507,Medium
6517,0.4507,Medium
34818,0.4507,Medium
36231,0.4506,Medium
19646,0.4506,Medium
6409,0.4505,Medium
24278,0.4505,Medium
21674,0.4502,Medium
46250,0.4502,Medium
50767,0.45,Medium
14965,0.45,Medium
19966,0.45,Medium
47952,0.45,Medium
24339,0.45,Medium
25930,0.4499,Medium
32453,0.4499,Medium
32635,0.4499,Medium
33454,0.4499,Medium
11629,0.4498,Medium
39394,0.4498,Medium
8250,0.4498,Medium
5476,0.4497,Medium
22122,0.4497,Medium
27603,0.4496,Medium
34968,0.4496,Medium
18593,0.4496,Medium
32715,0.4496,Medium
34875,0.4496,Medium
25101,0.4496,Medium
1555,0.4495,Medium
2584,0.4494,Medium
47449,0.4494,Medium
18496,0.4494,Medium
25061,0.4494,Medium
34043,0.4494,Medium
21370,0.4494,Medium
32136,0.4494,Medium
18158,0.4494,Medium
25369,0.4493,Medium
42987,0.4493,Medium
37676,0.4493,Medium
38029,0.4493,Medium
23906,0.4493,Medium
45741,0.4491,Medium
10018,0.4491,Medium
26031,0.4491,Medium
13323,0.449,Medium
8608,0.449,Medium
23681,0.4488,Medium
26402,0.4488,Medium
38708,0.4488,Medium
2565,0.4488,Medium
13314,0.4488,Medium
4190,0.4487,Medium
12919,0.4487,Medium
4433,0.4486,Medium
4960,0.4486,Medium
29707,0.4486,Medium
21320,0.4486,Medium
36456,0.4486,Medium
27576,0.4485,Medium
19298,0.4485,Medium
1036,0.4485,Medium
559,0.4485,Medium
41797,0.4485,Medium
18469,0.4484,Medium
28422,0.4484,Medium
33033,0.4484,Medium
25137,0.4484,Medium
15174,0.4484,Medium
19726,0.4484,Medium
7067,0.4484,Medium
31974,0.4483,Medium
2845,0.4483,Medium
51405,0.4483,Medium
49973,0.4483,Medium
31645,0.4483,Medium
13601,0.4483,Medium
11236,0.4483,Medium
35897,0.4482,Medium
33917,0.4482,Medium
47022,0.4482,Medium
40241,0.4481,Medium
29854,0.4481,Medium
1359,0.4481,Medium
14860,0.4481,Medium
30208,0.4481,Medium
37020,0.4481,Medium
20863,0.4481,Medium
27257,0.448,Medium
7519,0.448,Medium
19932,0.448,Medium
37129,0.448,Medium
42842,0.448,Medium
34361,0.4479,Medium
21456,0.4479,Medium
20478,0.4479,Medium
43719,0.4479,Medium
34171,0.4479,Medium
41174,0.4479,Medium
16486,0.4478,Medium
47171,0.4478,Medium
31352,0.4478,Medium
43329,0.4478,Medium
10841,0.4478,Medium
20784,0.4478,Medium
42030,0.4477,Medium
19223,0.4477,Medium
26572,0.4477,Medium
21659,0.4477,Medium
50573,0.4477,Medium
14661,0.4477,Medium
8753,0.4476,Medium
12445,0.4476,Medium
50161,0.4476,Medium
24904,0.4476,Medium
15901,0.4476,Medium
50698,0.4476,Medium
10232,0.4475,Medium
40760,0.4475,Medium
41793,0.4475,Medium
11665,0.4474,Medium
35880,0.4473,Medium
26969,0.4473,Medium
4345,0.4473,Medium
42152,0.4472,Medium
19097,0.4472,Medium
39079,0.4472,Medium
2653,0.4471,Medium
22974,0.4471,Medium
9593,0.4471,Medium
38053,0.447,Medium
43682,0.447,Medium
30264,0.4469,Medium
11703,0.4469,Medium
2097,0.4469,Medium
31998,0.4469,Medium
5502,0.4468,Medium
45708,0.4468,Medium
9447,0.4468,Medium
4127,0.4468,Medium
23306,0.4467,Medium
4272,0.4467,Medium
36460,0.4467,Medium
1132,0.4467,Medium
43965,0.4466,Medium
11795,0.4466,Medium
33256,0.4466,Medium
18993,0.4466,Medium
6628,0.4466,Medium
39647,0.4465,Medium
40014,0.4465,Medium
17531,0.4464,Medium
38574,0.4464,Medium
938,0.4463,Medium
7842,0.4463,Medium
20449,0.4463,Medium
35222,0.4463,Medium
11700,0.4462,Medium
14981,0.4462,Medium
47705,0.4462,Medium
18447,0.4462,Medium
46842,0.4462,Medium
24642,0.4462,Medium
46102,0.4462,Medium
3429,0.4461,Medium
3997,0.4461,Medium
37511,0.4461,Medium
24734,0.4461,Medium
7202,0.4461,Medium
31540,0.446,Medium
6484,0.446,Medium
42854,0.446,Medium
22193,0.446,Medium
26736,0.446,Medium
777,0.4459,Medium
50764,0.4459,Medium
31802,0.4459,Medium
29184,0.4459,Medium
22626,0.4459,Medium
25383,0.4458,Medium
5072,0.4458,Medium
6474,0.4457,Medium
42602,0.4457,Medium
49217,0.4457,Medium
44344,0.4457,Medium
24965,0.4457,Medium
17161,0.4457,Medium
46669,0.4456,Medium
46141,0.4456,Medium
33085,0.4456,Medium
26015,0.4456,Medium
10854,0.4455,Medium
1059,0.4455,Medium
5371,0.4454,Medium
39870,0.4454,Medium
3083,0.4454,Medium
46600,0.4453,Medium
11624,0.4453,Medium
32456,0.4453,Medium
28500,0.4452,Medium
10430,0.4452,Medium
32294,0.4452,Medium
30461,0.4452,Medium
7616,0.4452,Medium
43403,0.4452,Medium
51615,0.4452,Medium
50122,0.4452,Medium
21706,0.4452,Medium
22428,0.4451,Medium
44078,0.4451,Medium
4416,0.4451,Medium
9865,0.445,Medium
46828,0.445,Medium
38072,0.445,Medium
45104,0.4449,Medium
41628,0.4449,Medium
48095,0.4449,Medium
11283,0.4448,Medium
48845,0.4448,Medium
46436,0.4448,Medium
25612,0.4447,Medium
14103,0.4447,Medium
9249,0.4447,Medium
25578,0.4447,Medium
23430,0.4447,Medium
31447,0.4447,Medium
6349,0.4446,Medium
32813,0.4446,Medium
40177,0.4446,Medium
37329,0.4445,Medium
10786,0.4445,Medium
26711,0.4444,Medium
7120,0.4444,Medium
48503,0.4444,Medium
41762,0.4443,Medium
24077,0.4443,Medium
20912,0.4443,Medium
50754,0.4443,Medium
15153,0.4443,Medium
37958,0.4443,Medium
49939,0.4442,Medium
14589,0.4442,Medium
41356,0.4442,Medium
31006,0.4442,Medium
12847,0.4442,Medium
12532,0.4441,Medium
15696,0.444,Medium
3741,0.444,Medium
13085,0.444,Medium
26471,0.444,Medium
3685,0.444,Medium
36669,0.444,Medium
43673,0.4439,Medium
20236,0.4439,Medium
36993,0.4439,Medium
27155,0.4439,Medium
1523,0.4439,Medium
24525,0.4439,Medium
33553,0.4439,Medium
13930,0.4439,Medium
25527,0.4439,Medium
9906,0.4438,Medium
25880,0.4438,Medium
44096,0.4438,Medium
34646,0.4438,Medium
40429,0.4438,Medium
3450,0.4437,Medium
27265,0.4437,Medium
22509,0.4437,Medium
48748,0.4436,Medium
46584,0.4436,Medium
38521,0.4436,Medium
9736,0.4436,Medium
39141,0.4436,Medium
23702,0.4435,Medium
29374,0.4435,Medium
6907,0.4435,Medium
2214,0.4434,Medium
44897,0.4434,Medium
46510,0.4434,Medium
3963,0.4434,Medium
15921,0.4434,Medium
35303,0.4433,Medium
28520,0.4433,Medium
3195,0.4433,Medium
25006,0.4433,Medium
33878,0.4433,Medium
29475,0.4433,Medium
34794,0.4433,Medium
22172,0.4432,Medium
8904,0.4432,Medium
36542,0.4432,Medium
5565,0.4432,Medium
48025,0.4431,Medium
35512,0.4431,Medium
10764,0.443,Medium
8291,0.443,Medium
10683,0.443,Medium
20601,0.4429,Medium
38989,0.4429,Medium
28959,0.4428,Medium
24927,0.4428,Medium
20860,0.4428,Medium
9074,0.4428,Medium
39251,0.4425,Medium
47628,0.4425,Medium
50491,0.4425,Medium
11241,0.4425,Medium
21118,0.4425,Medium
15842,0.4424,Medium
30466,0.4424,Medium
33633,0.4424,Medium
24296,0.4424,Medium
16387,0.4424,Medium
13649,0.4423,Medium
21643,0.4423,Medium
49858,0.4423,Medium
46948,0.4422,Medium
38910,0.4422,Medium
15247,0.4422,Medium
24330,0.4422,Medium
30227,0.4422,Medium
28588,0.4422,Medium
50270,0.4422,Medium
15887,0.4421,Medium
42521,0.4421,Medium
8465,0.4421,Medium
34952,0.4421,Medium
47748,0.4421,Medium
38149,0.4421,Medium
17889,0.442,Medium
51759,0.442,Medium
41720,0.442,Medium
21030,0.442,Medium
23870,0.4419,Medium
22269,0.4419,Medium
14795,0.4419,Medium
30140,0.4418,Medium
1381,0.4418,Medium
10985,0.4417,Medium
23635,0.4417,Medium
40274,0.4417,Medium
17737,0.4417,Medium
50377,0.4416,Medium
42698,0.4416,Medium
12997,0.4416,Medium
40636,0.4415,Medium
33599,0.4415,Medium
30468,0.4415,Medium
2093,0.4415,Medium
41118,0.4415,Medium
26394,0.4414,Medium
32758,0.4414,Medium
28171,0.4414,Medium
24679,0.4414,Medium
21641,0.4414,Medium
50935,0.4413,Medium
29398,0.4413,Medium
20365,0.4413,Medium
37678,0.4413,Medium
45560,0.4413,Medium
34630,0.4413,Medium
35363,0.4413,Medium
47716,0.4412,Medium
11528,0.4412,Medium
40415,0.4411,Medium
10036,0.4411,Medium
49895,0.4411,Medium
40986,0.4411,Medium
44962,0.441,Medium
39819,0.441,Medium
25321,0.441,Medium
39900,0.441,Medium
43738,0.441,Medium
21027,0.4409,Medium
11239,0.4409,Medium
32364,0.4409,Medium
28627,0.4409,Medium
40787,0.4409,Medium
789,0.4408,Medium
15515,0.4408,Medium
7103,0.4408,Medium
34655,0.4408,Medium
6276,0.4407,Medium
50869,0.4407,Medium
11153,0.4407,Medium
3500,0.4407,Medium
19746,0.4406,Medium
40592,0.4406,Medium
9679,0.4406,Medium
16599,0.4406,Medium
14951,0.4406,Medium
22281,0.4406,Medium
17172,0.4406,Medium
47621,0.4405,Medium
9891,0.4405,Medium
1891,0.4405,Medium
27631,0.4405,Medium
12031,0.4405,Medium
14792,0.4405,Medium
1245,0.4404,Medium
10420,0.4404,Medium
34488,0.4404,Medium
33052,0.4404,Medium
21329,0.4404,Medium
51678,0.4403,Medium
38603,0.4403,Medium
31501,0.4403,Medium
7620,0.4402,Medium
28541,0.4402,Medium
19031,0.4402,Medium
37487,0.4402,Medium
47873,0.4402,Medium
22145,0.4402,Medium
19227,0.4401,Medium
2098,0.4401,Medium
16231,0.44,Medium
39291,0.44,Medium
38801,0.44,Medium
30595,0.44,Medium
31745,0.4399,Medium
26593,0.4399,Medium
17644,0.4399,Medium
18324,0.4399,Medium
29095,0.4399,Medium
618,0.4398,Medium
34158,0.4398,Medium
27361,0.4398,Medium
41850,0.4397,Medium
25710,0.4397,Medium
27921,0.4397,Medium
47717,0.4397,Medium
13595,0.4397,Medium
44724,0.4397,Medium
20115,0.4397,Medium
21775,0.4397,Medium
15298,0.4396,Medium
12345,0.4396,Medium
47395,0.4396,Medium
26646,0.4396,Medium
14352,0.4396,Medium
25782,0.4396,Medium
41272,0.4396,Medium
37764,0.4396,Medium
36011,0.4396,Medium
42332,0.4395,Medium
2697,0.4395,Medium
51969,0.4395,Medium
32915,0.4395,Medium
37164,0.4394,Medium
51620,0.4394,Medium
2403,0.4394,Medium
32386,0.4394,Medium
15177,0.4394,Medium
45081,0.4394,Medium
49282,0.4394,Medium
44518,0.4394,Medium
31528,0.4394,Medium
18427,0.4393,Medium
30594,0.4393,Medium
44798,0.4393,Medium
41398,0.4393,Medium
47592,0.4392,Medium
24971,0.4392,Medium
40534,0.4392,Medium
45689,0.4391,Medium
34103,0.4391,Medium
13785,0.4391,Medium
3755,0.4391,Medium
9309,0.4391,Medium
4607,0.439,Medium
9605,0.439,Medium
27621,0.439,Medium
46900,0.4389,Medium
8590,0.4389,Medium
46500,0.4389,Medium
16060,0.4389,Medium
50259,0.4389,Medium
40411,0.4388,Medium
48335,0.4388,Medium
3259,0.4388,Medium
14790,0.4388,Medium
14385,0.4388,Medium
34621,0.4388,Medium
20971,0.4388,Medium
50915,0.4387,Medium
3770,0.4387,Medium
9606,0.4387,Medium
22093,0.4387,Medium
50281,0.4386,Medium
50687,0.4386,Medium
12696,0.4385,Medium
26107,0.4385,Medium
50164,0.4385,Medium
10173,0.4385,Medium
22092,0.4385,Medium
43590,0.4385,Medium
39215,0.4385,Medium
18212,0.4385,Medium
7908,0.4385,Medium
5244,0.4384,Medium
35296,0.4384,Medium
30,0.4384,Medium
23626,0.4384,Medium
40942,0.4384,Medium
24311,0.4383,Medium
49898,0.4383,Medium
33058,0.4383,Medium
44694,0.4383,Medium
14556,0.4383,Medium
44051,0.4383,Medium
19214,0.4382,Medium
19304,0.4382,Medium
31686,0.4382,Medium
34676,0.4382,Medium
1650,0.4381,Medium
24171,0.4381,Medium
36164,0.438,Medium
11853,0.438,Medium
43594,0.438,Medium
27344,0.438,Medium
17310,0.438,Medium
1777,0.438,Medium
5794,0.4379,Medium
4044,0.4379,Medium
28748,0.4379,Medium
7516,0.4379,Medium
19510,0.4378,Medium
49184,0.4378,Medium
242,0.4378,Medium
865,0.4377,Medium
993,0.4377,Medium
46924,0.4377,Medium
22031,0.4377,Medium
46316,0.4377,Medium
570,0.4377,Medium
37560,0.4376,Medium
5243,0.4376,Medium
19273,0.4376,Medium
14605,0.4375,Medium
9321,0.4375,Medium
22865,0.4374,Medium
50577,0.4374,Medium
3973,0.4373,Medium
46035,0.4373,Medium
37122,0.4373,Medium
48317,0.4373,Medium
38392,0.4373,Medium
51839,0.4373,Medium
36281,0.4372,Medium
26189,0.4371,Medium
47282,0.4371,Medium
40931,0.4371,Medium
36763,0.437,Medium
17627,0.437,Medium
42242,0.437,Medium
7668,0.4369,Medium
48749,0.4369,Medium
16784,0.4369,Medium
30387,0.4369,Medium
27699,0.4369,Medium
29543,0.4368,Medium
46618,0.4368,Medium
21752,0.4368,Medium
7412,0.4368,Medium
51260,0.4368,Medium
9260,0.4368,Medium
43981,0.4368,Medium
49972,0.4368,Medium
19600,0.4367,Medium
10958,0.4367,Medium
21704,0.4366,Medium
36803,0.4366,Medium
5520,0.4366,Medium
2437,0.4366,Medium
34471,0.4365,Medium
46533,0.4365,Medium
27894,0.4365,Medium
24429,0.4365,Medium
14702,0.4365,Medium
39292,0.4365,Medium
8271,0.4364,Medium
4985,0.4364,Medium
11109,0.4364,Medium
18214,0.4364,Medium
989,0.4364,Medium
16827,0.4363,Medium
14886,0.4363,Medium
46689,0.4363,Medium
13182,0.4362,Medium
21235,0.4362,Medium
32350,0.4362,Medium
19971,0.4362,Medium
26551,0.4362,Medium
45920,0.4362,Medium
20604,0.4361,Medium
24852,0.4361,Medium
4579,0.4361,Medium
43205,0.4361,Medium
16381,0.4361,Medium
18834,0.436,Medium
14100,0.436,Medium
24043,0.436,Medium
31577,0.436,Medium
20794,0.4359,Medium
2564,0.4359,Medium
27297,0.4359,Medium
35132,0.4359,Medium
25279,0.4359,Medium
37650,0.4359,Medium
17764,0.4359,Medium
51353,0.4359,Medium
44707,0.4359,Medium
31947,0.4358,Medium
51288,0.4358,Medium
18931,0.4358,Medium
31582,0.4358,Medium
35403,0.4357,Medium
31555,0.4357,Medium
27450,0.4357,Medium
42263,0.4357,Medium
41068,0.4357,Medium
10464,0.4357,Medium
8480,0.4357,Medium
38720,0.4356,Medium
24847,0.4355,Medium
33716,0.4355,Medium
19759,0.4355,Medium
10224,0.4355,Medium
15354,0.4355,Medium
11715,0.4354,Medium
2595,0.4354,Medium
4570,0.4354,Medium
22811,0.4354,Medium
37773,0.4353,Medium
4571,0.4353,Medium
3675,0.4353,Medium
50126,0.4353,Medium
36480,0.4352,Medium
26535,0.4352,Medium
3554,0.4352,Medium
16514,0.4352,Medium
45188,0.4351,Medium
3529,0.4351,Medium
35718,0.4351,Medium
20287,0.4351,Medium
8433,0.4351,Medium
19717,0.4351,Medium
45513,0.4351,Medium
28203,0.4351,Medium
4549,0.435,Medium
24786,0.435,Medium
49258,0.435,Medium
5456,0.435,Medium
28889,0.4349,Medium
14999,0.4349,Medium
41300,0.4349,Medium
44582,0.4349,Medium
29609,0.4348,Medium
25223,0.4348,Medium
36732,0.4348,Medium
44978,0.4348,Medium
19039,0.4347,Medium
12704,0.4347,Medium
31379,0.4347,Medium
2331,0.4347,Medium
6007,0.4347,Medium
37789,0.4347,Medium
38442,0.4347,Medium
15251,0.4346,Medium
30183,0.4346,Medium
40263,0.4346,Medium
36856,0.4346,Medium
9664,0.4346,Medium
7859,0.4346,Medium
43393,0.4345,Medium
40532,0.4345,Medium
51158,0.4345,Medium
18081,0.4345,Medium
4487,0.4345,Medium
7960,0.4344,Medium
4491,0.4344,Medium
17200,0.4344,Medium
49239,0.4344,Medium
18336,0.4343,Medium
25353,0.4343,Medium
12087,0.4343,Medium
24938,0.4343,Medium
10409,0.4343,Medium
27765,0.4343,Medium
17912,0.4342,Medium
42568,0.4342,Medium
45613,0.4342,Medium
35522,0.4342,Medium
41342,0.4342,Medium
25792,0.4342,Medium
5754,0.4341,Medium
3013,0.4341,Medium
30100,0.4341,Medium
27899,0.4341,Medium
23416,0.4341,Medium
13291,0.4341,Medium
41572,0.434,Medium
41556,0.434,Medium
8137,0.434,Medium
41860,0.434,Medium
20878,0.434,Medium
17201,0.4339,Medium
49720,0.4339,Medium
8948,0.4339,Medium
27221,0.4339,Medium
39856,0.4339,Medium
25349,0.4339,Medium
16729,0.4338,Medium
8368,0.4338,Medium
25315,0.4338,Medium
20997,0.4338,Medium
16288,0.4338,Medium
41171,0.4338,Medium
7397,0.4338,Medium
6548,0.4337,Medium
4767,0.4337,Medium
30617,0.4337,Medium
15413,0.4337,Medium
26814,0.4337,Medium
39837,0.4336,Medium
21868,0.4336,Medium
6343,0.4336,Medium
15067,0.4336,Medium
6806,0.4336,Medium
43542,0.4336,Medium
45433,0.4336,Medium
25601,0.4335,Medium
44305,0.4335,Medium
23434,0.4335,Medium
50277,0.4335,Medium
43444,0.4334,Medium
31459,0.4334,Medium
39359,0.4334,Medium
24893,0.4334,Medium
41364,0.4334,Medium
28361,0.4333,Medium
47044,0.4333,Medium
2771,0.4333,Medium
24315,0.4333,Medium
12401,0.4332,Medium
49137,0.4332,Medium
51032,0.4332,Medium
41904,0.4332,Medium
46387,0.4331,Medium
42005,0.4331,Medium
2827,0.4331,Medium
5964,0.4331,Medium
21358,0.4331,Medium
22681,0.4331,Medium
15447,0.4331,Medium
27364,0.4331,Medium
48081,0.4331,Medium
29985,0.4331,Medium
48269,0.433,Medium
37445,0.4329,Medium
38556,0.4329,Medium
24143,0.4329,Medium
18936,0.4329,Medium
47006,0.4329,Medium
1331,0.4328,Medium
43080,0.4328,Medium
9721,0.4328,Medium
13559,0.4328,Medium
41923,0.4328,Medium
5433,0.4328,Medium
12256,0.4328,Medium
16688,0.4327,Medium
7260,0.4327,Medium
8085,0.4327,Medium
3294,0.4327,Medium
37746,0.4327,Medium
7585,0.4327,Medium
28938,0.4326,Medium
11550,0.4326,Medium
48734,0.4326,Medium
11238,0.4326,Medium
19662,0.4325,Medium
5225,0.4325,Medium
10746,0.4325,Medium
27356,0.4325,Medium
36768,0.4325,Medium
42265,0.4325,Medium
10565,0.4324,Medium
942,0.4324,Medium
35135,0.4324,Medium
20368,0.4324,Medium
45870,0.4324,Medium
15340,0.4324,Medium
32607,0.4324,Medium
12411,0.4323,Medium
22917,0.4323,Medium
48062,0.4323,Medium
31422,0.4323,Medium
41114,0.4323,Medium
13218,0.4323,Medium
22055,0.4322,Medium
9681,0.4322,Medium
26834,0.4322,Medium
7853,0.4322,Medium
20706,0.4322,Medium
9233,0.4322,Medium
11342,0.4322,Medium
22347,0.4322,Medium
15695,0.4321,Medium
463,0.4321,Medium
39518,0.4321,Medium
19541,0.4321,Medium
31904,0.4321,Medium
30027,0.432,Medium
47002,0.432,Medium
19008,0.432,Medium
42209,0.4319,Medium
14421,0.4319,Medium
10929,0.4319,Medium
14703,0.4319,Medium
4378,0.4319,Medium
43794,0.4319,Medium
36423,0.4319,Medium
10439,0.4319,Medium
47691,0.4318,Medium
876,0.4318,Medium
8521,0.4318,Medium
8334,0.4318,Medium
20989,0.4318,Medium
48286,0.4317,Medium
11228,0.4317,Medium
4121,0.4317,Medium
19627,0.4316,Medium
122,0.4316,Medium
33865,0.4316,Medium
45735,0.4316,Medium
48670,0.4316,Medium
2194,0.4316,Medium
3749,0.4316,Medium
33050,0.4315,Medium
48021,0.4315,Medium
43253,0.4315,Medium
25656,0.4314,Medium
22969,0.4314,Medium
3508,0.4314,Medium
21365,0.4314,Medium
22639,0.4314,Medium
51687,0.4314,Medium
6291,0.4313,Medium
3859,0.4313,Medium
43073,0.4313,Medium
15334,0.4313,Medium
5141,0.4313,Medium
43679,0.4313,Medium
16698,0.4313,Medium
30063,0.4313,Medium
26630,0.4313,Medium
36955,0.4313,Medium
40540,0.4313,Medium
49229,0.4312,Medium
16188,0.4312,Medium
13544,0.4311,Medium
15519,0.4311,Medium
12316,0.431,Medium
12791,0.431,Medium
2461,0.431,Medium
20653,0.431,Medium
49131,0.431,Medium
40736,0.431,Medium
39179,0.431,Medium
32164,0.4309,Medium
19299,0.4309,Medium
28121,0.4309,Medium
7843,0.4309,Medium
37821,0.4308,Medium
8944,0.4308,Medium
4557,0.4308,Medium
31639,0.4308,Medium
11173,0.4308,Medium
35577,0.4308,Medium
43279,0.4307,Medium
35632,0.4307,Medium
9343,0.4306,Medium
39138,0.4305,Medium
24902,0.4305,Medium
12118,0.4305,Medium
24,0.4304,Medium
45807,0.4303,Medium
50940,0.4303,Medium
51531,0.4303,Medium
4238,0.4303,Medium
51553,0.4302,Medium
12477,0.4302,Medium
25013,0.4302,Medium
4265,0.4302,Medium
29002,0.4302,Medium
37865,0.4302,Medium
27709,0.4302,Medium
40487,0.4302,Medium
7985,0.4301,Medium
24684,0.4301,Medium
8818,0.4301,Medium
11172,0.4301,Medium
16862,0.43,Medium
33587,0.43,Medium
5318,0.43,Medium
31082,0.43,Medium
36410,0.43,Medium
25635,0.43,Medium
38283,0.43,Medium
15074,0.4299,Medium
16009,0.4298,Medium
22928,0.4298,Medium
23839,0.4298,Medium
35820,0.4298,Medium
36023,0.4298,Medium
16380,0.4297,Medium
36238,0.4297,Medium
11926,0.4297,Medium
45133,0.4297,Medium
31346,0.4297,Medium
32151,0.4297,Medium
1512,0.4296,Medium
35575,0.4296,Medium
23299,0.4296,Medium
44793,0.4296,Medium
45003,0.4296,Medium
10103,0.4296,Medium
32486,0.4295,Medium
1399,0.4295,Medium
50966,0.4295,Medium
16383,0.4294,Medium
42955,0.4294,Medium
25804,0.4294,Medium
1611,0.4294,Medium
412,0.4293,Medium
14885,0.4292,Medium
14063,0.4292,Medium
29538,0.4292,Medium
19806,0.4292,Medium
3394,0.4292,Medium
30159,0.4292,Medium
49769,0.4291,Medium
9867,0.4291,Medium
42181,0.4291,Medium
35075,0.4291,Medium
11724,0.4291,Medium
14878,0.429,Medium
2345,0.429,Medium
2187,0.429,Medium
6267,0.429,Medium
35504,0.429,Medium
2633,0.4289,Medium
25946,0.4289,Medium
11973,0.4289,Medium
31776,0.4289,Medium
11777,0.4288,Medium
49807,0.4288,Medium
43631,0.4288,Medium
34477,0.4288,Medium
36029,0.4287,Medium
1269,0.4287,Medium
15306,0.4287,Medium
34855,0.4287,Medium
17530,0.4287,Medium
12630,0.4287,Medium
45068,0.4287,Medium
32487,0.4287,Medium
40873,0.4286,Medium
46477,0.4286,Medium
35227,0.4286,Medium
24197,0.4286,Medium
28321,0.4286,Medium
35200,0.4286,Medium
2869,0.4286,Medium
44920,0.4285,Medium
14038,0.4285,Medium
2966,0.4285,Medium
6709,0.4285,Medium
6320,0.4284,Medium
27669,0.4284,Medium
50229,0.4284,Medium
46110,0.4284,Medium
4322,0.4283,Medium
46557,0.4283,Medium
46095,0.4283,Medium
35053,0.4281,Medium
8510,0.4281,Medium
11425,0.4281,Medium
3922,0.4281,Medium
24230,0.428,Medium
35739,0.428,Medium
33872,0.428,Medium
15409,0.428,Medium
32558,0.4279,Medium
45637,0.4279,Medium
46504,0.4278,Medium
35893,0.4278,Medium
6725,0.4278,Medium
3378,0.4278,Medium
41022,0.4278,Medium
10307,0.4278,Medium
1103,0.4278,Medium
32299,0.4277,Medium
20009,0.4277,Medium
12296,0.4277,Medium
23938,0.4277,Medium
48280,0.4277,Medium
30767,0.4277,Medium
18994,0.4277,Medium
3486,0.4276,Medium
6019,0.4276,Medium
47176,0.4276,Medium
15830,0.4276,Medium
32293,0.4276,Medium
35714,0.4276,Medium
30982,0.4276,Medium
12009,0.4275,Medium
5473,0.4275,Medium
24396,0.4275,Medium
23987,0.4275,Medium
4056,0.4275,Medium
39527,0.4274,Medium
43154,0.4274,Medium
8260,0.4273,Medium
25487,0.4273,Medium
13137,0.4273,Medium
34199,0.4273,Medium
34762,0.4273,Medium
22818,0.4272,Medium
18111,0.4272,Medium
46598,0.4272,Medium
25288,0.4272,Medium
39202,0.4271,Medium
51836,0.4271,Medium
13615,0.4271,Medium
13570,0.4271,Medium
7113,0.4271,Medium
47754,0.427,Medium
42405,0.427,Medium
11543,0.4269,Medium
33093,0.4269,Medium
8052,0.4269,Medium
18769,0.4269,Medium
12922,0.4269,Medium
6885,0.4269,Medium
12105,0.4268,Medium
50109,0.4268,Medium
22565,0.4268,Medium
18627,0.4268,Medium
46739,0.4268,Medium
46107,0.4267,Medium
46247,0.4267,Medium
25091,0.4267,Medium
3526,0.4267,Medium
45602,0.4266,Medium
51658,0.4266,Medium
23568,0.4266,Medium
2378,0.4265,Medium
39971,0.4265,Medium
7505,0.4265,Medium
2190,0.4265,Medium
24468,0.4265,Medium
9886,0.4265,Medium
15004,0.4265,Medium
995,0.4265,Medium
23048,0.4265,Medium
2252,0.4265,Medium
19365,0.4264,Medium
9905,0.4264,Medium
8449,0.4263,Medium
36550,0.4263,Medium
4239,0.4263,Medium
3066,0.4263,Medium
16374,0.4263,Medium
34348,0.4263,Medium
40780,0.4262,Medium
49337,0.4262,Medium
33687,0.4262,Medium
33312,0.4262,Medium
40890,0.4262,Medium
38520,0.4261,Medium
32416,0.4261,Medium
5047,0.4261,Medium
41987,0.4261,Medium
6633,0.4261,Medium
36651,0.426,Medium
7545,0.4259,Medium
50356,0.4259,Medium
41645,0.4259,Medium
6206,0.4259,Medium
49330,0.4258,Medium
23447,0.4258,Medium
3069,0.4258,Medium
17919,0.4257,Medium
46058,0.4257,Medium
9290,0.4257,Medium
42883,0.4257,Medium
16157,0.4257,Medium
17859,0.4257,Medium
18268,0.4257,Medium
6978,0.4256,Medium
22050,0.4256,Medium
40166,0.4256,Medium
18766,0.4255,Medium
40307,0.4255,Medium
40333,0.4255,Medium
25291,0.4254,Medium
2070,0.4254,Medium
49042,0.4254,Medium
7070,0.4254,Medium
7637,0.4254,Medium
45664,0.4253,Medium
27814,0.4253,Medium
25083,0.4253,Medium
5344,0.4253,Medium
38676,0.4253,Medium
309,0.4253,Medium
30108,0.4253,Medium
19989,0.4253,Medium
8197,0.4253,Medium
42856,0.4252,Medium
6170,0.4252,Medium
28821,0.4252,Medium
5405,0.4252,Medium
50407,0.4252,Medium
39494,0.4252,Medium
34596,0.4251,Medium
23449,0.4251,Medium
50840,0.4251,Medium
25637,0.4251,Medium
16753,0.4251,Medium
49869,0.425,Medium
40991,0.425,Medium
34894,0.425,Medium
32298,0.425,Medium
39252,0.425,Medium
25416,0.425,Medium
43433,0.4249,Medium
17937,0.4249,Medium
3407,0.4249,Medium
17380,0.4249,Medium
24649,0.4249,Medium
50127,0.4248,Medium
25123,0.4248,Medium
33245,0.4248,Medium
10694,0.4248,Medium
16375,0.4247,Medium
15838,0.4247,Medium
2270,0.4247,Medium
45869,0.4247,Medium
17956,0.4247,Medium
49598,0.4247,Medium
42443,0.4247,Medium
10257,0.4247,Medium
49916,0.4247,Medium
23013,0.4246,Medium
15088,0.4246,Medium
34461,0.4245,Medium
48103,0.4245,Medium
20137,0.4245,Medium
9266,0.4244,Medium
38212,0.4244,Medium
27074,0.4244,Medium
41744,0.4244,Medium
29364,0.4244,Medium
48568,0.4243,Medium
24204,0.4243,Medium
10222,0.4243,Medium
46962,0.4242,Medium
41656,0.4242,Medium
46199,0.4242,Medium
27339,0.4242,Medium
30510,0.4242,Medium
45964,0.4241,Medium
40538,0.4241,Medium
16215,0.4241,Medium
16220,0.4241,Medium
7485,0.4241,Medium
25066,0.424,Medium
35552,0.424,Medium
17436,0.424,Medium
26413,0.424,Medium
6932,0.424,Medium
19049,0.424,Medium
16631,0.4239,Medium
23939,0.4239,Medium
10134,0.4239,Medium
44695,0.4238,Medium
47850,0.4238,Medium
30793,0.4238,Medium
29311,0.4237,Medium
7093,0.4237,Medium
18714,0.4236,Medium
24962,0.4236,Medium
34261,0.4236,Medium
26810,0.4236,Medium
501,0.4236,Medium
48701,0.4236,Medium
33895,0.4236,Medium
43824,0.4235,Medium
35365,0.4235,Medium
14577,0.4235,Medium
28825,0.4235,Medium
2509,0.4235,Medium
51758,0.4235,Medium
8659,0.4235,Medium
49242,0.4235,Medium
15984,0.4235,Medium
28355,0.4235,Medium
19796,0.4234,Medium
39501,0.4234,Medium
45621,0.4234,Medium
27196,0.4234,Medium
33974,0.4234,Medium
13507,0.4234,Medium
44039,0.4234,Medium
35908,0.4234,Medium
15544,0.4233,Medium
38468,0.4233,Medium
19249,0.4233,Medium
28246,0.4233,Medium
20713,0.4233,Medium
33292,0.4233,Medium
51688,0.4233,Medium
15000,0.4232,Medium
32179,0.4232,Medium
42459,0.4232,Medium
36050,0.4232,Medium
15926,0.4232,Medium
31845,0.4231,Medium
17517,0.4231,Medium
47935,0.4231,Medium
42699,0.423,Medium
46776,0.423,Medium
15847,0.423,Medium
44315,0.4229,Medium
18545,0.4229,Medium
47031,0.4229,Medium
9121,0.4229,Medium
25553,0.4229,Medium
50011,0.4229,Medium
25309,0.4229,Medium
6501,0.4228,Medium
44991,0.4228,Medium
10787,0.4228,Medium
26948,0.4228,Medium
18719,0.4228,Medium
27,0.4227,Medium
43149,0.4227,Medium
33241,0.4226,Medium
24813,0.4225,Medium
40336,0.4225,Medium
34232,0.4225,Medium
27983,0.4225,Medium
23931,0.4225,Medium
34706,0.4224,Medium
74,0.4224,Medium
14165,0.4224,Medium
31717,0.4223,Medium
32782,0.4223,Medium
50704,0.4223,Medium
29930,0.4223,Medium
32206,0.4222,Medium
42865,0.4222,Medium
46041,0.4222,Medium
39233,0.4222,Medium
30796,0.4222,Medium
25021,0.4222,Medium
41154,0.4221,Medium
8194,0.4221,Medium
27168,0.4221,Medium
1471,0.4221,Medium
2760,0.422,Medium
4007,0.422,Medium
20386,0.422,Medium
34882,0.422,Medium
37733,0.4219,Medium
5917,0.4219,Medium
27020,0.4219,Medium
47256,0.4218,Medium
26705,0.4218,Medium
51166,0.4218,Medium
24263,0.4218,Medium
3119,0.4217,Medium
39825,0.4217,Medium
42238,0.4217,Medium
302,0.4217,Medium
11754,0.4216,Medium
11175,0.4216,Medium
17010,0.4216,Medium
36330,0.4215,Medium
47154,0.4215,Medium
36229,0.4215,Medium
33163,0.4215,Medium
27883,0.4214,Medium
16472,0.4214,Medium
6346,0.4214,Medium
24593,0.4214,Medium
34640,0.4214,Medium
31411,0.4213,Medium
40502,0.4213,Medium
33574,0.4212,Medium
9186,0.4212,Medium
19631,0.4212,Medium
48913,0.4212,Medium
3562,0.4212,Medium
35901,0.4211,Medium
24455,0.4211,Medium
36898,0.4211,Medium
5002,0.421,Medium
34099,0.421,Medium
8322,0.421,Medium
6151,0.421,Medium
19433,0.421,Medium
5012,0.421,Medium
2287,0.421,Medium
48624,0.421,Medium
42054,0.4209,Medium
48693,0.4209,Medium
43059,0.4209,Medium
14689,0.4209,Medium
22109,0.4209,Medium
907,0.4208,Medium
45287,0.4208,Medium
16934,0.4208,Medium
29214,0.4207,Medium
37307,0.4207,Medium
3586,0.4207,Medium
28994,0.4207,Medium
3559,0.4207,Medium
27277,0.4207,Medium
43471,0.4206,Medium
28835,0.4206,Medium
45196,0.4206,Medium
46670,0.4206,Medium
29902,0.4206,Medium
31491,0.4206,Medium
6090,0.4205,Medium
40472,0.4205,Medium
48061,0.4205,Medium
301,0.4204,Medium
43476,0.4204,Medium
39282,0.4204,Medium
43007,0.4204,Medium
2935,0.4204,Medium
5328,0.4204,Medium
12356,0.4204,Medium
10164,0.4204,Medium
15087,0.4204,Medium
11146,0.4203,Medium
92,0.4203,Medium
5531,0.4203,Medium
34522,0.4203,Medium
12366,0.4203,Medium
29381,0.4202,Medium
49322,0.4202,Medium
10038,0.4202,Medium
24260,0.4201,Medium
35957,0.4201,Medium
12866,0.4201,Medium
25988,0.4201,Medium
18795,0.4201,Medium
15343,0.4201,Medium
10613,0.4201,Medium
8847,0.42,Medium
37660,0.42,Medium
51370,0.42,Medium
11989,0.42,Medium
3025,0.4199,Medium
46383,0.4199,Medium
34506,0.4199,Medium
32457,0.4199,Medium
23619,0.4199,Medium
30006,0.4199,Medium
45476,0.4199,Medium
8825,0.4198,Medium
11230,0.4198,Medium
36343,0.4198,Medium
11556,0.4198,Medium
34080,0.4198,Medium
3718,0.4198,Medium
32551,0.4198,Medium
35382,0.4197,Medium
4526,0.4197,Medium
48762,0.4197,Medium
8401,0.4197,Medium
5710,0.4197,Medium
10156,0.4197,Medium
49225,0.4196,Medium
355,0.4196,Medium
43127,0.4196,Medium
21912,0.4196,Medium
5166,0.4196,Medium
44746,0.4196,Medium
20053,0.4195,Medium
7857,0.4194,Medium
8028,0.4194,Medium
34314,0.4194,Medium
16752,0.4193,Medium
17183,0.4193,Medium
49906,0.4192,Medium
19319,0.4192,Medium
5796,0.4191,Medium
41812,0.4191,Medium
44605,0.4191,Medium
29585,0.4191,Medium
36582,0.419,Medium
48353,0.419,Medium
49726,0.419,Medium
8218,0.4189,Medium
32995,0.4189,Medium
2877,0.4189,Medium
49325,0.4189,Medium
26045,0.4189,Medium
31203,0.4189,Medium
35457,0.4189,Medium
3867,0.4189,Medium
40141,0.4188,Medium
28528,0.4188,Medium
16880,0.4188,Medium
12664,0.4188,Medium
30445,0.4188,Medium
30565,0.4188,Medium
33888,0.4187,Medium
31490,0.4187,Medium
18572,0.4187,Medium
50589,0.4187,Medium
19935,0.4186,Medium
29150,0.4186,Medium
3994,0.4186,Medium
6921,0.4186,Medium
43424,0.4186,Medium
13852,0.4185,Medium
44716,0.4185,Medium
12351,0.4185,Medium
35328,0.4185,Medium
51577,0.4185,Medium
1044,0.4184,Medium
30976,0.4184,Medium
21319,0.4183,Medium
34836,0.4183,Medium
9594,0.4183,Medium
16779,0.4183,Medium
15493,0.4183,Medium
40438,0.4183,Medium
35760,0.4182,Medium
8357,0.4182,Medium
18904,0.4182,Medium
2066,0.4182,Medium
26151,0.4182,Medium
42063,0.4182,Medium
18183,0.4182,Medium
34400,0.418,Medium
47760,0.418,Medium
28928,0.418,Medium
578,0.418,Medium
26862,0.418,Medium
20486,0.4179,Medium
765,0.4179,Medium
19722,0.4179,Medium
50068,0.4179,Medium
31699,0.4179,Medium
33018,0.4179,Medium
39998,0.4179,Medium
19951,0.4179,Medium
2994,0.4178,Medium
38150,0.4178,Medium
17347,0.4178,Medium
11143,0.4178,Medium
6941,0.4178,Medium
11012,0.4178,Medium
9098,0.4177,Medium
38272,0.4177,Medium
25517,0.4177,Medium
41149,0.4177,Medium
13136,0.4176,Medium
39265,0.4176,Medium
40089,0.4176,Medium
9451,0.4176,Medium
13882,0.4176,Medium
32281,0.4175,Medium
22154,0.4174,Medium
18968,0.4174,Medium
14041,0.4174,Medium
16030,0.4174,Medium
12850,0.4174,Medium
40668,0.4173,Medium
40547,0.4173,Medium
25847,0.4173,Medium
14793,0.4173,Medium
1651,0.4173,Medium
10323,0.4173,Medium
14600,0.4172,Medium
39599,0.4172,Medium
8133,0.4172,Medium
19937,0.4172,Medium
18101,0.4171,Medium
28619,0.4171,Medium
7198,0.417,Medium
43034,0.417,Medium
14158,0.417,Medium
30068,0.417,Medium
51846,0.417,Medium
50987,0.417,Medium
29744,0.4169,Medium
36178,0.4168,Medium
23898,0.4168,Medium
27946,0.4168,Medium
23248,0.4168,Medium
49039,0.4168,Medium
40507,0.4168,Medium
18034,0.4167,Medium
48615,0.4167,Medium
26373,0.4167,Medium
2010,0.4167,Medium
29604,0.4167,Medium
7328,0.4167,Medium
50827,0.4167,Medium
20345,0.4166,Medium
38818,0.4166,Medium
14382,0.4166,Medium
4703,0.4166,Medium
28013,0.4166,Medium
35090,0.4165,Medium
19914,0.4165,Medium
25109,0.4165,Medium
48944,0.4165,Medium
43829,0.4165,Medium
50887,0.4164,Medium
47333,0.4164,Medium
36911,0.4164,Medium
50200,0.4164,Medium
5647,0.4163,Medium
19573,0.4163,Medium
28235,0.4163,Medium
39303,0.4163,Medium
27318,0.4163,Medium
35089,0.4163,Medium
49473,0.4163,Medium
34405,0.4162,Medium
13312,0.4162,Medium
28589,0.4162,Medium
15461,0.4162,Medium
36198,0.4162,Medium
28776,0.4161,Medium
11421,0.4161,Medium
32594,0.4161,Medium
4992,0.4161,Medium
13047,0.4161,Medium
19628,0.416,Medium
47663,0.416,Medium
11379,0.416,Medium
10898,0.416,Medium
27144,0.416,Medium
10824,0.416,Medium
38196,0.416,Medium
19332,0.416,Medium
36860,0.416,Medium
7812,0.4159,Medium
27483,0.4159,Medium
50297,0.4159,Medium
21416,0.4159,Medium
47410,0.4158,Medium
45334,0.4158,Medium
28971,0.4157,Medium
41610,0.4157,Medium
3614,0.4157,Medium
42641,0.4157,Medium
24325,0.4157,Medium
16765,0.4157,Medium
45055,0.4157,Medium
22327,0.4157,Medium
32276,0.4157,Medium
21182,0.4156,Medium
39423,0.4156,Medium
38869,0.4156,Medium
28976,0.4156,Medium
37691,0.4156,Medium
33726,0.4155,Medium
14821,0.4155,Medium
7382,0.4155,Medium
42120,0.4155,Medium
41253,0.4155,Medium
37456,0.4155,Medium
15414,0.4154,Medium
28750,0.4154,Medium
20926,0.4154,Medium
22096,0.4153,Medium
37098,0.4153,Medium
8282,0.4153,Medium
27735,0.4153,Medium
38799,0.4153,Medium
20265,0.4152,Medium
51560,0.4152,Medium
44447,0.4152,Medium
48311,0.4152,Medium
10697,0.4152,Medium
38731,0.4152,Medium
7042,0.4152,Medium
46255,0.4152,Medium
47250,0.4152,Medium
17211,0.4151,Medium
1855,0.4151,Medium
16610,0.415,Medium
28499,0.415,Medium
33985,0.415,Medium
20709,0.415,Medium
39048,0.4149,Medium
10358,0.4149,Medium
41633,0.4149,Medium
5378,0.4149,Medium
4176,0.4149,Medium
45037,0.4148,Medium
44631,0.4148,Medium
31668,0.4148,Medium
10826,0.4148,Medium
49422,0.4148,Medium
14933,0.4147,Medium
16865,0.4147,Medium
22582,0.4146,Medium
17874,0.4146,Medium
40328,0.4145,Medium
27807,0.4145,Medium
41752,0.4145,Medium
20001,0.4144,Medium
50244,0.4144,Medium
23879,0.4144,Medium
40319,0.4144,Medium
10096,0.4144,Medium
30270,0.4144,Medium
34674,0.4143,Medium
42298,0.4143,Medium
33106,0.4143,Medium
1556,0.4142,Medium
25131,0.4142,Medium
31899,0.4142,Medium
10002,0.4141,Medium
49494,0.4141,Medium
13946,0.4141,Medium
11864,0.4141,Medium
7772,0.4141,Medium
26378,0.414,Medium
32197,0.414,Medium
21415,0.414,Medium
18550,0.4139,Medium
24656,0.4139,Medium
7943,0.4139,Medium
324,0.4139,Medium
8687,0.4139,Medium
1591,0.4139,Medium
4993,0.4138,Medium
26738,0.4138,Medium
48838,0.4138,Medium
49931,0.4138,Medium
7366,0.4138,Medium
25848,0.4138,Medium
11698,0.4138,Medium
28545,0.4138,Medium
48309,0.4138,Medium
49857,0.4136,Medium
19342,0.4136,Medium
51253,0.4136,Medium
27406,0.4136,Medium
32376,0.4136,Medium
19819,0.4136,Medium
13211,0.4135,Medium
41348,0.4135,Medium
47848,0.4135,Medium
21560,0.4134,Medium
51545,0.4134,Medium
14614,0.4134,Medium
12740,0.4134,Medium
43175,0.4134,Medium
22717,0.4133,Medium
26637,0.4133,Medium
16966,0.4132,Medium
1676,0.4132,Medium
16709,0.4132,Medium
28381,0.4131,Medium
18136,0.4131,Medium
38361,0.4131,Medium
13880,0.4131,Medium
7003,0.4131,Medium
51132,0.413,Medium
28562,0.413,Medium
1466,0.413,Medium
29714,0.413,Medium
12427,0.413,Medium
65,0.413,Medium
1893,0.4129,Medium
49950,0.4129,Medium
27300,0.4129,Medium
9640,0.4129,Medium
9469,0.4129,Medium
29672,0.4129,Medium
5711,0.4128,Medium
19687,0.4128,Medium
41925,0.4128,Medium
49651,0.4128,Medium
25185,0.4127,Medium
8464,0.4127,Medium
10969,0.4127,Medium
45015,0.4127,Medium
28411,0.4126,Medium
5449,0.4126,Medium
50821,0.4126,Medium
12945,0.4126,Medium
45028,0.4125,Medium
51389,0.4125,Medium
32866,0.4125,Medium
50737,0.4125,Medium
19171,0.4125,Medium
32732,0.4125,Medium
23488,0.4124,Medium
11553,0.4124,Medium
13094,0.4124,Medium
4718,0.4124,Medium
5808,0.4124,Medium
47325,0.4123,Medium
18664,0.4123,Medium
28281,0.4123,Medium
20884,0.4122,Medium
45228,0.4122,Medium
23204,0.4122,Medium
10105,0.4122,Medium
8190,0.4122,Medium
22621,0.4122,Medium
18131,0.4122,Medium
10231,0.4122,Medium
13953,0.4122,Medium
33289,0.4121,Medium
49084,0.4121,Medium
5272,0.4121,Medium
26946,0.4121,Medium
6573,0.4121,Medium
12614,0.4121,Medium
30248,0.412,Medium
44667,0.412,Medium
18811,0.412,Medium
24348,0.412,Medium
37723,0.412,Medium
30083,0.4119,Medium
13448,0.4119,Medium
5660,0.4119,Medium
18364,0.4119,Medium
6136,0.4119,Medium
35490,0.4118,Medium
45900,0.4118,Medium
22967,0.4118,Medium
34369,0.4118,Medium
9317,0.4118,Medium
44529,0.4117,Medium
18879,0.4117,Medium
31705,0.4117,Medium
30755,0.4117,Medium
5391,0.4117,Medium
6520,0.4117,Medium
2192,0.4117,Medium
22168,0.4117,Medium
34106,0.4116,Medium
32508,0.4116,Medium
34613,0.4116,Medium
10333,0.4116,Medium
2085,0.4116,Medium
45487,0.4116,Medium
30334,0.4115,Medium
880,0.4115,Medium
9833,0.4114,Medium
30284,0.4114,Medium
40885,0.4114,Medium
51523,0.4114,Medium
29826,0.4114,Medium
30895,0.4114,Medium
36404,0.4114,Medium
11614,0.4114,Medium
38019,0.4114,Medium
41091,0.4113,Medium
12982,0.4113,Medium
48401,0.4112,Medium
17766,0.4112,Medium
36739,0.4112,Medium
7143,0.4112,Medium
32013,0.4112,Medium
30293,0.4112,Medium
48228,0.4112,Medium
18830,0.4111,Medium
3729,0.4111,Medium
42256,0.4111,Medium
6627,0.4111,Medium
11625,0.4111,Medium
29575,0.4111,Medium
44341,0.411,Medium
29519,0.411,Medium
15371,0.411,Medium
27455,0.411,Medium
2343,0.411,Medium
7829,0.411,Medium
7612,0.4109,Medium
39427,0.4109,Medium
16101,0.4109,Medium
25906,0.4109,Medium
12237,0.4109,Medium
27512,0.4108,Medium
17816,0.4108,Medium
13757,0.4108,Medium
51160,0.4108,Medium
15956,0.4107,Medium
185,0.4106,Medium
9730,0.4106,Medium
11358,0.4106,Medium
19942,0.4106,Medium
11638,0.4106,Medium
46059,0.4106,Medium
10296,0.4106,Medium
36790,0.4106,Medium
45936,0.4105,Medium
17139,0.4105,Medium
23407,0.4105,Medium
28408,0.4105,Medium
7297,0.4105,Medium
45987,0.4104,Medium
30843,0.4104,Medium
16916,0.4104,Medium
39537,0.4104,Medium
31770,0.4104,Medium
1474,0.4104,Medium
1022,0.4104,Medium
7703,0.4104,Medium
32843,0.4103,Medium
36055,0.4103,Medium
5909,0.4103,Medium
23017,0.4103,Medium
11825,0.4102,Medium
17946,0.4102,Medium
40567,0.4102,Medium
47338,0.4102,Medium
31962,0.4102,Medium
13348,0.4102,Medium
40752,0.4101,Medium
9516,0.4101,Medium
51368,0.41,Medium
18734,0.41,Medium
35163,0.41,Medium
2052,0.41,Medium
14852,0.41,Medium
4312,0.4099,Medium
46378,0.4099,Medium
9923,0.4099,Medium
116,0.4099,Medium
43365,0.4099,Medium
16433,0.4098,Medium
5461,0.4098,Medium
50054,0.4098,Medium
44773,0.4098,Medium
4394,0.4098,Medium
39813,0.4098,Medium
14071,0.4098,Medium
10939,0.4098,Medium
18525,0.4098,Medium
7633,0.4097,Medium
40803,0.4097,Medium
12947,0.4097,Medium
14505,0.4097,Medium
22939,0.4097,Medium
48257,0.4097,Medium
32156,0.4096,Medium
46865,0.4096,Medium
9560,0.4096,Medium
10618,0.4096,Medium
33113,0.4096,Medium
37999,0.4096,Medium
46229,0.4095,Medium
51570,0.4095,Medium
46365,0.4095,Medium
39061,0.4095,Medium
27067,0.4095,Medium
40536,0.4095,Medium
43563,0.4094,Medium
21749,0.4094,Medium
7571,0.4094,Medium
48846,0.4094,Medium
23577,0.4094,Medium
51813,0.4094,Medium
5191,0.4093,Medium
45177,0.4093,Medium
12243,0.4092,Medium
37297,0.4092,Medium
21738,0.4092,Medium
48564,0.4092,Medium
31258,0.4092,Medium
18361,0.4092,Medium
1411,0.4092,Medium
41088,0.4092,Medium
44334,0.4092,Medium
17163,0.4091,Medium
43611,0.4091,Medium
39542,0.4091,Medium
38615,0.4091,Medium
210,0.4091,Medium
23296,0.4091,Medium
1583,0.409,Medium
9705,0.409,Medium
17543,0.409,Medium
17757,0.409,Medium
16659,0.409,Medium
1452,0.409,Medium
16904,0.409,Medium
5108,0.409,Medium
32188,0.4089,Medium
47029,0.4089,Medium
35268,0.4089,Medium
28083,0.4089,Medium
42301,0.4088,Medium
31565,0.4088,Medium
22906,0.4088,Medium
47877,0.4088,Medium
11690,0.4088,Medium
22646,0.4088,Medium
7660,0.4088,Medium
38401,0.4087,Medium
20494,0.4087,Medium
32935,0.4087,Medium
45938,0.4087,Medium
21054,0.4087,Medium
38944,0.4087,Medium
8618,0.4087,Medium
46742,0.4086,Medium
50086,0.4086,Medium
49923,0.4086,Medium
48047,0.4086,Medium
7020,0.4086,Medium
2111,0.4086,Medium
10798,0.4085,Medium
12818,0.4085,Medium
796,0.4085,Medium
30265,0.4085,Medium
38106,0.4085,Medium
14231,0.4085,Medium
46550,0.4085,Medium
49657,0.4084,Medium
33691,0.4084,Medium
7691,0.4084,Medium
32861,0.4084,Medium
18301,0.4084,Medium
43753,0.4084,Medium
7489,0.4084,Medium
32289,0.4083,Medium
42249,0.4083,Medium
50889,0.4083,Medium
29958,0.4082,Medium
13787,0.4082,Medium
40586,0.4082,Medium
9812,0.4082,Medium
38854,0.4082,Medium
12295,0.408,Medium
23247,0.408,Medium
36045,0.408,Medium
5187,0.408,Medium
41531,0.408,Medium
12476,0.408,Medium
19390,0.4079,Medium
29551,0.4079,Medium
32392,0.4079,Medium
9600,0.4079,Medium
22504,0.4079,Medium
36379,0.4079,Medium
49730,0.4078,Medium
48742,0.4078,Medium
27357,0.4078,Medium
51458,0.4078,Medium
32611,0.4078,Medium
41965,0.4077,Medium
34404,0.4077,Medium
25749,0.4077,Medium
38165,0.4077,Medium
27458,0.4076,Medium
6645,0.4076,Medium
49182,0.4076,Medium
43004,0.4076,Medium
51457,0.4076,Medium
44552,0.4076,Medium
22130,0.4076,Medium
36393,0.4075,Medium
31765,0.4074,Medium
41025,0.4074,Medium
34234,0.4073,Medium
23084,0.4073,Medium
16151,0.4073,Medium
32971,0.4073,Medium
472,0.4072,Medium
47179,0.4072,Medium
28068,0.4072,Medium
35756,0.4071,Medium
47390,0.4071,Medium
3796,0.4071,Medium
23703,0.4071,Medium
46198,0.4071,Medium
21015,0.4071,Medium
18938,0.4071,Medium
41243,0.4071,Medium
41337,0.407,Medium
8995,0.407,Medium
1756,0.407,Medium
48660,0.4069,Medium
598,0.4069,Medium
14372,0.4069,Medium
33390,0.4068,Medium
3362,0.4068,Medium
10227,0.4067,Medium
26133,0.4067,Medium
17006,0.4067,Medium
27337,0.4067,Medium
16823,0.4067,Medium
42880,0.4067,Medium
36412,0.4067,Medium
10810,0.4067,Medium
20272,0.4067,Medium
27495,0.4067,Medium
40781,0.4067,Medium
50811,0.4066,Medium
47231,0.4066,Medium
9858,0.4066,Medium
13009,0.4066,Medium
36057,0.4065,Medium
21692,0.4065,Medium
41792,0.4065,Medium
15715,0.4065,Medium
4406,0.4065,Medium
17406,0.4064,Medium
46189,0.4064,Medium
24270,0.4064,Medium
36907,0.4064,Medium
40332,0.4063,Medium
14672,0.4063,Medium
19471,0.4063,Medium
46409,0.4062,Medium
6662,0.4062,Medium
43146,0.4061,Medium
18854,0.4061,Medium
11519,0.4061,Medium
10356,0.4061,Medium
12244,0.4061,Medium
21004,0.406,Medium
46708,0.406,Medium
35977,0.406,Medium
30874,0.4059,Medium
29138,0.4059,Medium
28827,0.4059,Medium
36153,0.4058,Medium
6660,0.4058,Medium
27120,0.4058,Medium
3007,0.4057,Medium
30991,0.4057,Medium
28854,0.4057,Medium
2062,0.4056,Medium
11366,0.4056,Medium
40072,0.4056,Medium
1938,0.4056,Medium
43982,0.4056,Medium
33536,0.4055,Medium
29242,0.4055,Medium
28015,0.4055,Medium
470,0.4055,Medium
43865,0.4054,Medium
6560,0.4054,Medium
38925,0.4054,Medium
40934,0.4054,Medium
35736,0.4054,Medium
43831,0.4054,Medium
15315,0.4053,Medium
43201,0.4053,Medium
17829,0.4053,Medium
30216,0.4053,Medium
17684,0.4053,Medium
16445,0.4052,Medium
19098,0.4052,Medium
26126,0.4052,Medium
27994,0.4052,Medium
6453,0.4052,Medium
4134,0.4052,Medium
422,0.4051,Medium
11433,0.4051,Medium
45355,0.4051,Medium
34985,0.4051,Medium
21024,0.405,Medium
1453,0.405,Medium
32955,0.405,Medium
47750,0.4049,Medium
33158,0.4049,Medium
37232,0.4049,Medium
11644,0.4049,Medium
32537,0.4048,Medium
24496,0.4048,Medium
31836,0.4048,Medium
25676,0.4048,Medium
1913,0.4048,Medium
27127,0.4047,Medium
18753,0.4047,Medium
20701,0.4047,Medium
17473,0.4047,Medium
43849,0.4046,Medium
1827,0.4046,Medium
45605,0.4046,Medium
38118,0.4046,Medium
6914,0.4045,Medium
25402,0.4045,Medium
51928,0.4045,Medium
27701,0.4045,Medium
8494,0.4045,Medium
7017,0.4045,Medium
24298,0.4044,Medium
37744,0.4044,Medium
26359,0.4044,Medium
8569,0.4043,Medium
17007,0.4043,Medium
9757,0.4043,Medium
35771,0.4043,Medium
919,0.4043,Medium
7200,0.4043,Medium
23383,0.4043,Medium
10341,0.4042,Medium
31650,0.4042,Medium
12987,0.4042,Medium
31347,0.4042,Medium
42885,0.4042,Medium
40920,0.4042,Medium
47386,0.4041,Medium
7191,0.4041,Medium
3870,0.4041,Medium
46376,0.4041,Medium
22009,0.4041,Medium
48233,0.4041,Medium
25311,0.4041,Medium
24503,0.404,Medium
40627,0.404,Medium
45811,0.404,Medium
38791,0.4039,Medium
26360,0.4039,Medium
1773,0.4039,Medium
49057,0.4039,Medium
20395,0.4039,Medium
51781,0.4039,Medium
50611,0.4039,Medium
45219,0.4038,Medium
25167,0.4038,Medium
23685,0.4038,Medium
25996,0.4037,Medium
24103,0.4037,Medium
16163,0.4037,Medium
30213,0.4036,Medium
6394,0.4036,Medium
13185,0.4035,Medium
20291,0.4035,Medium
33534,0.4035,Medium
51293,0.4035,Medium
22787,0.4035,Medium
49296,0.4034,Medium
30987,0.4034,Medium
47068,0.4034,Medium
28696,0.4034,Medium
28901,0.4034,Medium
37100,0.4034,Medium
38669,0.4033,Medium
15384,0.4033,Medium
24002,0.4033,Medium
45404,0.4033,Medium
9896,0.4033,Medium
42315,0.4033,Medium
38357,0.4032,Medium
38469,0.4032,Medium
43680,0.4032,Medium
33844,0.4032,Medium
45761,0.4032,Medium
43583,0.4032,Medium
27784,0.4032,Medium
41921,0.4031,Medium
21556,0.4031,Medium
42575,0.4031,Medium
9418,0.403,Medium
27843,0.403,Medium
51209,0.403,Medium
9488,0.403,Medium
38385,0.4029,Medium
3579,0.4029,Medium
2006,0.4029,Medium
28949,0.4028,Medium
4947,0.4028,Medium
19179,0.4028,Medium
8064,0.4028,Medium
49270,0.4027,Medium
10137,0.4027,Medium
45573,0.4027,Medium
29804,0.4026,Medium
51348,0.4026,Medium
8641,0.4026,Medium
39678,0.4026,Medium
42985,0.4025,Medium
30060,0.4025,Medium
5629,0.4025,Medium
39441,0.4025,Medium
32304,0.4025,Medium
31799,0.4024,Medium
24320,0.4024,Medium
36282,0.4024,Medium
45781,0.4023,Medium
628,0.4023,Medium
45763,0.4023,Medium
44966,0.4023,Medium
6396,0.4023,Medium
14218,0.4023,Medium
8679,0.4022,Medium
24772,0.4022,Medium
360,0.4022,Medium
31078,0.4022,Medium
17694,0.4022,Medium
23402,0.4022,Medium
3313,0.4022,Medium
30257,0.4021,Medium
43871,0.4021,Medium
22937,0.4021,Medium
25160,0.4021,Medium
46039,0.4021,Medium
40161,0.4021,Medium
30673,0.4021,Medium
40731,0.402,Medium
25632,0.402,Medium
10715,0.402,Medium
11263,0.402,Medium
8162,0.402,Medium
24660,0.402,Medium
24752,0.4019,Medium
23592,0.4019,Medium
44861,0.4019,Medium
30682,0.4019,Medium
5936,0.4019,Medium
12575,0.4019,Medium
18577,0.4019,Medium
47779,0.4018,Medium
30785,0.4018,Medium
31290,0.4018,Medium
28007,0.4018,Medium
1538,0.4017,Medium
10643,0.4017,Medium
38229,0.4017,Medium
10451,0.4017,Medium
29378,0.4016,Medium
39787,0.4016,Medium
46306,0.4016,Medium
35252,0.4016,Medium
46688,0.4015,Medium
32876,0.4015,Medium
14779,0.4015,Medium
51199,0.4015,Medium
34049,0.4015,Medium
40374,0.4015,Medium
33222,0.4014,Medium
7220,0.4014,Medium
2135,0.4014,Medium
900,0.4014,Medium
37302,0.4014,Medium
44472,0.4014,Medium
38535,0.4014,Medium
29400,0.4014,Medium
19103,0.4013,Medium
35471,0.4013,Medium
14136,0.4012,Medium
16995,0.4012,Medium
39355,0.4012,Medium
12149,0.4011,Medium
36873,0.4011,Medium
49187,0.4011,Medium
37492,0.401,Medium
33083,0.401,Medium
24479,0.401,Medium
2140,0.401,Medium
44234,0.4009,Medium
39953,0.4009,Medium
23292,0.4009,Medium
35871,0.4009,Medium
36426,0.4009,Medium
15605,0.4009,Medium
47380,0.4009,Medium
7891,0.4009,Medium
35640,0.4009,Medium
28340,0.4008,Medium
8289,0.4008,Medium
35803,0.4008,Medium
278,0.4008,Medium
35500,0.4008,Medium
15554,0.4008,Medium
5439,0.4007,Medium
21091,0.4007,Medium
19537,0.4007,Medium
32682,0.4006,Medium
51347,0.4006,Medium
33272,0.4006,Medium
8207,0.4005,Medium
30824,0.4005,Medium
10791,0.4005,Medium
9324,0.4005,Medium
2933,0.4005,Medium
7701,0.4004,Medium
3035,0.4004,Medium
43358,0.4004,Medium
34897,0.4003,Medium
15975,0.4003,Medium
16363,0.4003,Medium
38037,0.4002,Medium
26867,0.4002,Medium
22404,0.4002,Medium
26897,0.4002,Medium
26927,0.4002,Medium
5657,0.4001,Medium
16971,0.4001,Medium
43076,0.4001,Medium
42049,0.3999,Low
33669,0.3999,Low
47999,0.3999,Low
41183,0.3999,Low
26301,0.3998,Low
25198,0.3998,Low
22761,0.3998,Low
4196,0.3998,Low
7594,0.3998,Low
8337,0.3997,Low
42564,0.3997,Low
16858,0.3997,Low
31282,0.3997,Low
45501,0.3997,Low
1349,0.3996,Low
40073,0.3996,Low
29117,0.3996,Low
26839,0.3996,Low
21395,0.3996,Low
9805,0.3996,Low
9267,0.3996,Low
22126,0.3996,Low
17619,0.3995,Low
21281,0.3995,Low
42887,0.3995,Low
22788,0.3995,Low
16022,0.3995,Low
33458,0.3995,Low
42512,0.3995,Low
28558,0.3994,Low
31343,0.3994,Low
22970,0.3994,Low
1064,0.3993,Low
47725,0.3993,Low
22559,0.3992,Low
34774,0.3992,Low
26226,0.3992,Low
13198,0.3991,Low
22045,0.3991,Low
9354,0.3991,Low
8172,0.3991,Low
49158,0.3991,Low
50203,0.3991,Low
12897,0.3991,Low
9078,0.3991,Low
15404,0.3991,Low
39077,0.399,Low
32911,0.399,Low
24106,0.399,Low
16651,0.399,Low
42536,0.399,Low
26844,0.399,Low
20475,0.399,Low
2948,0.399,Low
19897,0.399,Low
18321,0.3989,Low
3732,0.3989,Low
24597,0.3988,Low
25737,0.3988,Low
39333,0.3988,Low
7149,0.3988,Low
28783,0.3987,Low
24225,0.3987,Low
20682,0.3987,Low
35783,0.3987,Low
47129,0.3987,Low
2007,0.3987,Low
32567,0.3986,Low
13666,0.3986,Low
9253,0.3986,Low
1691,0.3985,Low
31646,0.3985,Low
8668,0.3985,Low
21911,0.3985,Low
37008,0.3985,Low
11767,0.3984,Low
11045,0.3984,Low
27296,0.3983,Low
31048,0.3983,Low
44820,0.3983,Low
26888,0.3982,Low
42080,0.3982,Low
37991,0.3982,Low
30834,0.3982,Low
28564,0.3982,Low
3615,0.3982,Low
43900,0.3982,Low
17245,0.3981,Low
16693,0.3981,Low
18860,0.3981,Low
949,0.3981,Low
4405,0.3981,Low
1818,0.3981,Low
47720,0.398,Low
43258,0.398,Low
16120,0.398,Low
49986,0.3979,Low
35070,0.3979,Low
51980,0.3979,Low
37402,0.3979,Low
42436,0.3979,Low
8069,0.3979,Low
48076,0.3979,Low
44874,0.3979,Low
43487,0.3979,Low
35383,0.3978,Low
45838,0.3978,Low
2628,0.3978,Low
1613,0.3978,Low
18331,0.3977,Low
331,0.3977,Low
3476,0.3977,Low
11217,0.3977,Low
28832,0.3977,Low
23993,0.3976,Low
50851,0.3976,Low
20289,0.3976,Low
11243,0.3976,Low
51439,0.3976,Low
22925,0.3976,Low
23001,0.3976,Low
7132,0.3976,Low
3786,0.3976,Low
11297,0.3974,Low
30988,0.3974,Low
37784,0.3974,Low
38004,0.3974,Low
22820,0.3974,Low
5969,0.3974,Low
7288,0.3973,Low
38886,0.3973,Low
9231,0.3973,Low
45640,0.3973,Low
3346,0.3973,Low
15242,0.3972,Low
12823,0.3971,Low
10202,0.3971,Low
13103,0.3971,Low
35539,0.3971,Low
44142,0.397,Low
25376,0.397,Low
37060,0.397,Low
40519,0.397,Low
41024,0.397,Low
12846,0.3969,Low
48132,0.3969,Low
44751,0.3969,Low
21696,0.3969,Low
26770,0.3968,Low
7992,0.3968,Low
20619,0.3968,Low
37745,0.3968,Low
31117,0.3968,Low
6064,0.3967,Low
27803,0.3967,Low
40868,0.3966,Low
1689,0.3966,Low
46322,0.3966,Low
43231,0.3966,Low
3628,0.3965,Low
25802,0.3965,Low
23877,0.3965,Low
25076,0.3965,Low
30801,0.3965,Low
11883,0.3964,Low
16758,0.3964,Low
28065,0.3964,Low
46337,0.3964,Low
51626,0.3964,Low
36457,0.3964,Low
49500,0.3964,Low
40279,0.3963,Low
44490,0.3963,Low
36380,0.3963,Low
40573,0.3963,Low
6728,0.3963,Low
29995,0.3963,Low
4824,0.3962,Low
461,0.3962,Low
130,0.3962,Low
49226,0.3962,Low
19813,0.3962,Low
343,0.3962,Low
26762,0.3961,Low
8509,0.3961,Low
15754,0.3961,Low
21861,0.3961,Low
41802,0.3961,Low
40230,0.3961,Low
12891,0.396,Low
2713,0.396,Low
15303,0.396,Low
22435,0.396,Low
12917,0.396,Low
6966,0.396,Low
533,0.3959,Low
14370,0.3959,Low
15122,0.3959,Low
31977,0.3959,Low
11672,0.3959,Low
48463,0.3959,Low
38111,0.3959,Low
10048,0.3958,Low
245,0.3958,Low
34671,0.3958,Low
15987,0.3958,Low
48554,0.3957,Low
11596,0.3957,Low
16653,0.3956,Low
28269,0.3956,Low
31673,0.3956,Low
49173,0.3956,Low
35312,0.3955,Low
5118,0.3955,Low
5980,0.3955,Low
35862,0.3954,Low
29584,0.3954,Low
44293,0.3954,Low
27543,0.3953,Low
36370,0.3953,Low
45510,0.3953,Low
39591,0.3953,Low
41863,0.3953,Low
14368,0.3953,Low
9507,0.3953,Low
10745,0.3953,Low
7276,0.3953,Low
13294,0.3952,Low
41115,0.3952,Low
26487,0.3952,Low
46484,0.3952,Low
25589,0.3951,Low
9087,0.3951,Low
36985,0.3951,Low
45482,0.3951,Low
37109,0.3951,Low
16645,0.3951,Low
42194,0.3951,Low
2647,0.3951,Low
48712,0.395,Low
14266,0.3949,Low
39155,0.3949,Low
29777,0.3949,Low
45706,0.3949,Low
45026,0.3949,Low
8065,0.3948,Low
22615,0.3948,Low
11299,0.3948,Low
32621,0.3948,Low
3716,0.3947,Low
24583,0.3947,Low
7566,0.3947,Low
29623,0.3947,Low
40486,0.3947,Low
17192,0.3947,Low
48569,0.3947,Low
12115,0.3946,Low
38915,0.3946,Low
23064,0.3946,Low
51996,0.3946,Low
18567,0.3946,Low
6464,0.3946,Low
10887,0.3945,Low
31008,0.3945,Low
17214,0.3945,Low
6101,0.3945,Low
43014,0.3945,Low
21345,0.3944,Low
39241,0.3944,Low
3881,0.3943,Low
38898,0.3943,Low
16546,0.3943,Low
18444,0.3943,Low
13886,0.3942,Low
35317,0.3942,Low
25473,0.3942,Low
41370,0.3942,Low
27486,0.3942,Low
24184,0.3941,Low
18840,0.3941,Low
40480,0.394,Low
34427,0.394,Low
48617,0.394,Low
19529,0.394,Low
44875,0.3939,Low
51265,0.3939,Low
8324,0.3939,Low
35790,0.3938,Low
42892,0.3938,Low
14466,0.3938,Low
41898,0.3938,Low
434,0.3938,Low
29115,0.3937,Low
937,0.3937,Low
231,0.3937,Low
31052,0.3937,Low
32768,0.3936,Low
28979,0.3936,Low
42434,0.3936,Low
50857,0.3936,Low
42750,0.3936,Low
25634,0.3936,Low
34764,0.3936,Low
208,0.3936,Low
46051,0.3935,Low
28022,0.3935,Low
10869,0.3935,Low
23162,0.3935,Low
10541,0.3935,Low
47899,0.3935,Low
7802,0.3934,Low
40795,0.3934,Low
27686,0.3934,Low
37813,0.3934,Low
5839,0.3934,Low
12217,0.3934,Low
32191,0.3934,Low
50736,0.3934,Low
32187,0.3933,Low
30805,0.3933,Low
47476,0.3933,Low
24157,0.3933,Low
13964,0.3933,Low
36800,0.3933,Low
28187,0.3933,Low
26929,0.3933,Low
31736,0.3932,Low
48105,0.3932,Low
12802,0.3932,Low
15072,0.3932,Low
3571,0.3932,Low
42530,0.3932,Low
13347,0.3932,Low
2036,0.3931,Low
20091,0.3931,Low
34464,0.393,Low
18303,0.393,Low
38761,0.393,Low
42029,0.393,Low
32640,0.393,Low
11308,0.3929,Low
7598,0.3928,Low
26919,0.3928,Low
30390,0.3928,Low
10354,0.3927,Low
47879,0.3927,Low
40006,0.3927,Low
12920,0.3927,Low
4148,0.3927,Low
6172,0.3926,Low
37200,0.3926,Low
12896,0.3926,Low
50643,0.3926,Low
51564,0.3926,Low
6718,0.3926,Low
47101,0.3926,Low
2992,0.3926,Low
9001,0.3925,Low
11984,0.3925,Low
37443,0.3925,Low
3403,0.3925,Low
7401,0.3925,Low
16330,0.3925,Low
50307,0.3925,Low
14170,0.3924,Low
10387,0.3924,Low
8807,0.3924,Low
26952,0.3924,Low
9870,0.3923,Low
39922,0.3923,Low
21347,0.3923,Low
3598,0.3923,Low
16408,0.3922,Low
8417,0.3922,Low
28180,0.3922,Low
550,0.3922,Low
28307,0.3922,Low
14735,0.3922,Low
50322,0.3921,Low
6795,0.392,Low
25278,0.392,Low
22808,0.392,Low
3475,0.392,Low
864,0.392,Low
5490,0.392,Low
29550,0.392,Low
20862,0.392,Low
49615,0.392,Low
817,0.3919,Low
42833,0.3919,Low
42375,0.3919,Low
13279,0.3919,Low
16391,0.3919,Low
41048,0.3919,Low
2783,0.3919,Low
43727,0.3919,Low
48300,0.3919,Low
26193,0.3918,Low
18402,0.3918,Low
37442,0.3918,Low
14105,0.3918,Low
7760,0.3918,Low
125,0.3917,Low
40071,0.3917,Low
13899,0.3917,Low
50512,0.3917,Low
49375,0.3917,Low
41905,0.3917,Low
32334,0.3916,Low
39080,0.3916,Low
18967,0.3916,Low
26633,0.3916,Low
31890,0.3916,Low
50303,0.3915,Low
48177,0.3915,Low
22752,0.3915,Low
19368,0.3915,Low
10965,0.3915,Low
2842,0.3915,Low
40212,0.3915,Low
43420,0.3914,Low
35984,0.3914,Low
13745,0.3914,Low
24071,0.3914,Low
45678,0.3914,Low
38461,0.3914,Low
5509,0.3914,Low
9411,0.3914,Low
43090,0.3913,Low
3078,0.3913,Low
37341,0.3913,Low
8096,0.3913,Low
34382,0.3913,Low
14025,0.3912,Low
45701,0.3912,Low
34225,0.3912,Low
13728,0.3911,Low
2308,0.3911,Low
47944,0.3911,Low
44686,0.3911,Low
51622,0.3911,Low
45323,0.3911,Low
26497,0.391,Low
24622,0.391,Low
40310,0.391,Low
3896,0.391,Low
4590,0.3909,Low
19338,0.3909,Low
36858,0.3909,Low
5840,0.3909,Low
8377,0.3908,Low
36501,0.3908,Low
39805,0.3908,Low
34786,0.3908,Low
33875,0.3908,Low
23491,0.3908,Low
1678,0.3907,Low
39579,0.3907,Low
23346,0.3907,Low
51693,0.3907,Low
40462,0.3906,Low
42211,0.3906,Low
3714,0.3906,Low
43473,0.3906,Low
12342,0.3906,Low
49257,0.3906,Low
21348,0.3906,Low
14591,0.3906,Low
24488,0.3905,Low
3933,0.3905,Low
32702,0.3905,Low
30786,0.3905,Low
42214,0.3905,Low
6197,0.3905,Low
43852,0.3904,Low
48172,0.3904,Low
36765,0.3903,Low
13940,0.3903,Low
22183,0.3903,Low
32461,0.3903,Low
8405,0.3903,Low
11305,0.3903,Low
7947,0.3903,Low
42684,0.3903,Low
23388,0.3902,Low
25619,0.3902,Low
22380,0.3902,Low
8084,0.3902,Low
48841,0.3902,Low
18012,0.3902,Low
6928,0.3901,Low
37362,0.3901,Low
18464,0.3901,Low
15321,0.39,Low
33379,0.39,Low
22576,0.39,Low
10847,0.39,Low
44474,0.39,Low
18556,0.39,Low
31860,0.39,Low
11093,0.39,Low
20458,0.3899,Low
11294,0.3899,Low
5727,0.3899,Low
44122,0.3898,Low
33846,0.3898,Low
27717,0.3898,Low
25765,0.3898,Low
10893,0.3898,Low
46053,0.3898,Low
19120,0.3898,Low
37367,0.3897,Low
17427,0.3897,Low
12400,0.3897,Low
20008,0.3897,Low
39600,0.3896,Low
14288,0.3896,Low
21217,0.3896,Low
30957,0.3896,Low
49331,0.3896,Low
19453,0.3895,Low
41479,0.3895,Low
18585,0.3895,Low
17111,0.3895,Low
43274,0.3895,Low
38211,0.3894,Low
132,0.3893,Low
36331,0.3893,Low
44513,0.3893,Low
22103,0.3893,Low
47949,0.3892,Low
31807,0.3892,Low
51670,0.3892,Low
10410,0.3892,Low
14817,0.3892,Low
12625,0.3892,Low
3566,0.3891,Low
29472,0.3891,Low
25599,0.3891,Low
6701,0.3891,Low
14967,0.3891,Low
26696,0.3891,Low
17558,0.3891,Low
2997,0.3891,Low
11851,0.3891,Low
45362,0.389,Low
46384,0.389,Low
1909,0.389,Low
3311,0.389,Low
50306,0.389,Low
16477,0.3889,Low
3164,0.3889,Low
25798,0.3889,Low
14064,0.3889,Low
47743,0.3889,Low
33278,0.3888,Low
32749,0.3888,Low
37089,0.3887,Low
4537,0.3887,Low
38621,0.3887,Low
13385,0.3887,Low
31311,0.3886,Low
11298,0.3886,Low
46678,0.3886,Low
42813,0.3886,Low
16948,0.3886,Low
48939,0.3886,Low
21453,0.3885,Low
43584,0.3885,Low
26043,0.3885,Low
15737,0.3885,Low
2777,0.3885,Low
13896,0.3885,Low
1119,0.3885,Low
20885,0.3884,Low
49562,0.3884,Low
725,0.3884,Low
18738,0.3884,Low
1714,0.3884,Low
24060,0.3884,Low
29171,0.3884,Low
36852,0.3884,Low
10198,0.3883,Low
6358,0.3883,Low
6361,0.3883,Low
5923,0.3883,Low
26387,0.3883,Low
34346,0.3882,Low
35451,0.3882,Low
24359,0.3882,Low
46135,0.3882,Low
14800,0.3882,Low
47576,0.3882,Low
46671,0.3882,Low
13057,0.3882,Low
20696,0.3881,Low
47708,0.3881,Low
17858,0.3879,Low
25575,0.3879,Low
2176,0.3879,Low
36817,0.3878,Low
9713,0.3878,Low
39924,0.3877,Low
141,0.3877,Low
39990,0.3877,Low
11838,0.3877,Low
33686,0.3877,Low
2960,0.3876,Low
12388,0.3876,Low
38714,0.3876,Low
44050,0.3876,Low
36013,0.3876,Low
20150,0.3876,Low
50739,0.3875,Low
17497,0.3874,Low
16775,0.3874,Low
9656,0.3874,Low
8893,0.3873,Low
50158,0.3873,Low
17150,0.3873,Low
29926,0.3873,Low
27524,0.3873,Low
30945,0.3872,Low
12315,0.3872,Low
30491,0.3872,Low
6238,0.3872,Low
7541,0.3872,Low
32186,0.3871,Low
42855,0.3871,Low
3248,0.3871,Low
44433,0.3871,Low
50242,0.3871,Low
19558,0.3871,Low
2095,0.3871,Low
42192,0.3871,Low
46835,0.387,Low
38207,0.387,Low
41915,0.387,Low
22514,0.387,Low
37847,0.387,Low
4492,0.387,Low
15796,0.3869,Low
47261,0.3869,Low
3893,0.3869,Low
39675,0.3869,Low
6596,0.3869,Low
31598,0.3868,Low
51002,0.3868,Low
37809,0.3868,Low
8792,0.3868,Low
32396,0.3867,Low
34330,0.3867,Low
49542,0.3867,Low
40779,0.3867,Low
3905,0.3867,Low
51075,0.3866,Low
10194,0.3866,Low
22763,0.3866,Low
27607,0.3866,Low
34793,0.3866,Low
34672,0.3866,Low
8622,0.3865,Low
44366,0.3865,Low
46481,0.3864,Low
19496,0.3864,Low
39770,0.3864,Low
27670,0.3864,Low
8224,0.3863,Low
27881,0.3863,Low
15339,0.3863,Low
16051,0.3863,Low
45456,0.3863,Low
8356,0.3863,Low
1329,0.3862,Low
34709,0.3862,Low
17966,0.3862,Low
43181,0.3862,Low
4906,0.3862,Low
14647,0.3862,Low
637,0.3862,Low
26868,0.3862,Low
44671,0.3862,Low
23087,0.3862,Low
16832,0.3862,Low
13134,0.3862,Low
23258,0.3861,Low
10885,0.3861,Low
7338,0.3861,Low
25176,0.3861,Low
6903,0.3861,Low
38549,0.3861,Low
30088,0.3861,Low
14508,0.3861,Low
18465,0.3861,Low
34590,0.3861,Low
21581,0.386,Low
37228,0.386,Low
3431,0.386,Low
41749,0.386,Low
37067,0.3859,Low
23817,0.3859,Low
31222,0.3859,Low
21833,0.3859,Low
9575,0.3859,Low
36022,0.3859,Low
1806,0.3859,Low
13775,0.3859,Low
35291,0.3859,Low
50268,0.3859,Low
2307,0.3859,Low
24737,0.3858,Low
45183,0.3858,Low
48716,0.3858,Low
14146,0.3857,Low
10730,0.3857,Low
3721,0.3857,Low
42016,0.3857,Low
29945,0.3857,Low
34259,0.3857,Low
43164,0.3857,Low
47185,0.3856,Low
21832,0.3856,Low
889,0.3856,Low
11755,0.3856,Low
25,0.3855,Low
16093,0.3855,Low
46677,0.3855,Low
44177,0.3854,Low
35833,0.3854,Low
44997,0.3853,Low
26096,0.3853,Low
12257,0.3853,Low
2267,0.3853,Low
29122,0.3853,Low
18305,0.3853,Low
14743,0.3853,Low
51592,0.3853,Low
12171,0.3852,Low
25296,0.3852,Low
46402,0.3852,Low
15880,0.3852,Low
33903,0.3852,Low
27855,0.3852,Low
44212,0.3852,Low
19490,0.3851,Low
23984,0.3851,Low
24788,0.3851,Low
14983,0.3851,Low
36643,0.3851,Low
39677,0.3851,Low
18622,0.385,Low
46988,0.385,Low
33983,0.385,Low
19091,0.385,Low
4129,0.385,Low
5745,0.385,Low
12705,0.3849,Low
27923,0.3849,Low
30820,0.3849,Low
9062,0.3849,Low
46765,0.3849,Low
42126,0.3849,Low
12289,0.3848,Low
31853,0.3848,Low
42765,0.3848,Low
33590,0.3848,Low
43429,0.3848,Low
42548,0.3847,Low
3646,0.3847,Low
804,0.3847,Low
9591,0.3847,Low
9779,0.3847,Low
15923,0.3847,Low
28549,0.3847,Low
20855,0.3847,Low
34951,0.3846,Low
26346,0.3846,Low
26235,0.3846,Low
33765,0.3845,Low
20562,0.3845,Low
28797,0.3845,Low
31561,0.3845,Low
9734,0.3845,Low
24353,0.3845,Low
49174,0.3845,Low
35729,0.3845,Low
42200,0.3845,Low
24542,0.3845,Low
12333,0.3845,Low
39049,0.3844,Low
5597,0.3844,Low
24741,0.3844,Low
88,0.3844,Low
48844,0.3844,Low
40192,0.3844,Low
11961,0.3844,Low
49231,0.3844,Low
28385,0.3844,Low
13434,0.3844,Low
382,0.3843,Low
32032,0.3843,Low
49987,0.3843,Low
10671,0.3843,Low
15152,0.3843,Low
23502,0.3843,Low
43927,0.3843,Low
145,0.3842,Low
414,0.3842,Low
10214,0.3841,Low
42019,0.3841,Low
2247,0.3841,Low
22620,0.3841,Low
6405,0.3841,Low
47868,0.3841,Low
25118,0.3841,Low
20902,0.384,Low
17550,0.384,Low
47309,0.384,Low
31559,0.384,Low
37043,0.384,Low
20711,0.3839,Low
18296,0.3839,Low
28710,0.3839,Low
29938,0.3839,Low
9273,0.3839,Low
40678,0.3839,Low
14006,0.3839,Low
11907,0.3838,Low
44500,0.3838,Low
38736,0.3838,Low
27414,0.3838,Low
1285,0.3838,Low
35950,0.3837,Low
30013,0.3837,Low
9950,0.3837,Low
28882,0.3837,Low
38458,0.3836,Low
15338,0.3836,Low
30194,0.3835,Low
3286,0.3835,Low
30404,0.3835,Low
23134,0.3835,Low
51332,0.3835,Low
6567,0.3835,Low
35557,0.3835,Low
21074,0.3835,Low
27604,0.3834,Low
13404,0.3834,Low
26297,0.3834,Low
17923,0.3833,Low
36224,0.3833,Low
41672,0.3833,Low
7041,0.3833,Low
37128,0.3833,Low
48065,0.3833,Low
33116,0.3832,Low
31643,0.3832,Low
44242,0.3832,Low
2044,0.3832,Low
50073,0.3832,Low
12419,0.3831,Low
5867,0.3831,Low
20144,0.3831,Low
21547,0.3831,Low
33925,0.3831,Low
32125,0.383,Low
16284,0.3829,Low
6009,0.3829,Low
41943,0.3829,Low
191,0.3829,Low
1526,0.3829,Low
12759,0.3829,Low
33596,0.3829,Low
28050,0.3828,Low
42419,0.3828,Low
49346,0.3828,Low
16075,0.3828,Low
50794,0.3827,Low
22892,0.3827,Low
43877,0.3827,Low
11746,0.3826,Low
38332,0.3826,Low
13,0.3826,Low
16732,0.3826,Low
18680,0.3825,Low
11858,0.3825,Low
37452,0.3825,Low
12482,0.3825,Low
32839,0.3825,Low
50924,0.3825,Low
16042,0.3825,Low
11916,0.3825,Low
41340,0.3825,Low
47366,0.3824,Low
31693,0.3824,Low
7223,0.3824,Low
37673,0.3824,Low
30853,0.3824,Low
49978,0.3824,Low
17130,0.3824,Low
12687,0.3824,Low
3903,0.3824,Low
8416,0.3824,Low
21596,0.3824,Low
11877,0.3823,Low
14877,0.3823,Low
17825,0.3823,Low
44770,0.3823,Low
399,0.3823,Low
22383,0.3822,Low
25358,0.3822,Low
27745,0.3822,Low
34132,0.3822,Low
30859,0.3821,Low
51924,0.3821,Low
18430,0.3821,Low
35401,0.3821,Low
48342,0.3821,Low
2541,0.3821,Low
14682,0.3821,Low
7838,0.3821,Low
40608,0.3821,Low
13325,0.3821,Low
28233,0.382,Low
35412,0.3819,Low
8680,0.3819,Low
7710,0.3819,Low
47983,0.3819,Low
28886,0.3819,Low
48975,0.3819,Low
31113,0.3819,Low
22149,0.3819,Low
3240,0.3818,Low
12523,0.3818,Low
6654,0.3817,Low
30198,0.3817,Low
17421,0.3817,Low
45564,0.3817,Low
9136,0.3817,Low
47284,0.3817,Low
47803,0.3817,Low
42771,0.3816,Low
40769,0.3816,Low
34059,0.3816,Low
25323,0.3816,Low
46439,0.3816,Low
44546,0.3816,Low
17233,0.3815,Low
48560,0.3815,Low
37596,0.3815,Low
19988,0.3815,Low
40971,0.3814,Low
28317,0.3814,Low
3056,0.3814,Low
21870,0.3813,Low
33674,0.3813,Low
13495,0.3813,Low
40963,0.3813,Low
24681,0.3813,Low
15595,0.3813,Low
36866,0.3813,Low
33787,0.3812,Low
4016,0.3811,Low
10686,0.3811,Low
16525,0.381,Low
20471,0.381,Low
36078,0.381,Low
35027,0.3809,Low
14423,0.3809,Low
38887,0.3809,Low
49933,0.3809,Low
11702,0.3809,Low
5721,0.3809,Low
19436,0.3809,Low
23378,0.3809,Low
41117,0.3809,Low
15735,0.3809,Low
20313,0.3808,Low
4680,0.3808,Low
8055,0.3808,Low
14057,0.3808,Low
46690,0.3808,Low
46738,0.3808,Low
43618,0.3808,Low
21879,0.3808,Low
50286,0.3808,Low
44494,0.3808,Low
14099,0.3807,Low
17212,0.3807,Low
33913,0.3807,Low
15237,0.3807,Low
17775,0.3807,Low
46796,0.3807,Low
41014,0.3807,Low
12701,0.3806,Low
32260,0.3806,Low
41137,0.3805,Low
38546,0.3805,Low
28001,0.3805,Low
38418,0.3805,Low
30320,0.3805,Low
10934,0.3805,Low
51092,0.3804,Low
22239,0.3804,Low
30706,0.3804,Low
4888,0.3803,Low
1176,0.3803,Low
25276,0.3803,Low
40840,0.3803,Low
37259,0.3802,Low
18326,0.3802,Low
42036,0.3802,Low
43527,0.3802,Low
17938,0.3801,Low
45925,0.3801,Low
38901,0.3801,Low
19799,0.3801,Low
48668,0.38,Low
37419,0.38,Low
5714,0.38,Low
38108,0.38,Low
32377,0.38,Low
16405,0.3799,Low
3843,0.3799,Low
5816,0.3799,Low
1776,0.3799,Low
30631,0.3799,Low
44462,0.3798,Low
47322,0.3798,Low
51654,0.3798,Low
40537,0.3798,Low
48470,0.3798,Low
3144,0.3797,Low
30762,0.3797,Low
51228,0.3797,Low
18201,0.3797,Low
18542,0.3796,Low
45944,0.3796,Low
41880,0.3796,Low
43645,0.3796,Low
35717,0.3796,Low
48427,0.3796,Low
37320,0.3795,Low
26343,0.3795,Low
18888,0.3795,Low
15090,0.3795,Low
44311,0.3794,Low
1665,0.3794,Low
1631,0.3794,Low
38297,0.3794,Low
28791,0.3794,Low
47014,0.3794,Low
28336,0.3793,Low
37084,0.3793,Low
45158,0.3793,Low
7488,0.3793,Low
20099,0.3793,Low
48542,0.3793,Low
46629,0.3792,Low
39371,0.3792,Low
31145,0.3792,Low
19710,0.3792,Low
46076,0.3792,Low
46181,0.3791,Low
3956,0.3791,Low
9566,0.3791,Low
5940,0.3791,Low
33406,0.3791,Low
40734,0.3791,Low
14766,0.3791,Low
50731,0.3791,Low
21552,0.3791,Low
15525,0.379,Low
27457,0.379,Low
42633,0.379,Low
17387,0.379,Low
40311,0.3789,Low
17426,0.3789,Low
6639,0.3789,Low
31535,0.3788,Low
19786,0.3788,Low
14375,0.3788,Low
40564,0.3788,Low
20799,0.3787,Low
19754,0.3787,Low
43556,0.3787,Low
26327,0.3787,Low
6641,0.3786,Low
17359,0.3786,Low
13903,0.3786,Low
4123,0.3785,Low
35373,0.3785,Low
50210,0.3785,Low
28795,0.3785,Low
39409,0.3785,Low
32842,0.3785,Low
35521,0.3785,Low
26071,0.3784,Low
9496,0.3784,Low
19073,0.3784,Low
15535,0.3783,Low
50818,0.3783,Low
21759,0.3783,Low
28866,0.3783,Low
16413,0.3783,Low
22551,0.3783,Low
6029,0.3783,Low
12184,0.3783,Low
20351,0.3781,Low
2207,0.3781,Low
3392,0.3781,Low
50728,0.378,Low
30572,0.378,Low
42288,0.378,Low
15423,0.378,Low
12772,0.378,Low
16197,0.378,Low
4005,0.378,Low
49431,0.378,Low
45742,0.378,Low
23277,0.378,Low
14079,0.3779,Low
36010,0.3778,Low
44928,0.3778,Low
41390,0.3778,Low
6911,0.3778,Low
34277,0.3778,Low
6462,0.3777,Low
28815,0.3777,Low
29367,0.3776,Low
35661,0.3776,Low
14628,0.3776,Low
14066,0.3776,Low
15662,0.3775,Low
32760,0.3775,Low
50697,0.3775,Low
24253,0.3775,Low
19972,0.3775,Low
43817,0.3775,Low
30999,0.3775,Low
14937,0.3775,Low
19229,0.3774,Low
17103,0.3774,Low
16418,0.3774,Low
25364,0.3774,Low
39092,0.3774,Low
31141,0.3774,Low
40850,0.3774,Low
43278,0.3773,Low
36407,0.3773,Low
35879,0.3773,Low
49572,0.3773,Low
1507,0.3773,Low
29894,0.3772,Low
37721,0.3772,Low
6319,0.3772,Low
1580,0.3772,Low
37637,0.3772,Low
73,0.3771,Low
16458,0.3771,Low
591,0.3771,Low
12336,0.3771,Low
29520,0.3771,Low
4755,0.3771,Low
46320,0.377,Low
35649,0.377,Low
36067,0.377,Low
37839,0.3769,Low
4117,0.3769,Low
11349,0.3769,Low
14787,0.3769,Low
28407,0.3769,Low
47064,0.3769,Low
35584,0.3768,Low
12986,0.3768,Low
48664,0.3768,Low
37051,0.3768,Low
41861,0.3768,Low
4237,0.3768,Low
2426,0.3767,Low
29630,0.3767,Low
697,0.3767,Low
9651,0.3767,Low
40431,0.3767,Low
20643,0.3767,Low
5724,0.3766,Low
50148,0.3766,Low
38291,0.3766,Low
45992,0.3766,Low
13175,0.3766,Low
2910,0.3766,Low
23270,0.3766,Low
14003,0.3765,Low
24021,0.3765,Low
23770,0.3765,Low
28150,0.3765,Low
44901,0.3765,Low
15912,0.3765,Low
6630,0.3765,Low
16206,0.3764,Low
25264,0.3764,Low
2803,0.3764,Low
35555,0.3764,Low
48358,0.3764,Low
9470,0.3763,Low
26804,0.3763,Low
14584,0.3763,Low
6620,0.3763,Low
47986,0.3762,Low
28310,0.3762,Low
4132,0.3761,Low
38175,0.3761,Low
15446,0.3761,Low
11949,0.3761,Low
13454,0.376,Low
37654,0.376,Low
18452,0.376,Low
41783,0.376,Low
25821,0.3759,Low
43071,0.3759,Low
23181,0.3759,Low
49551,0.3759,Low
20695,0.3759,Low
3918,0.3759,Low
50260,0.3759,Low
32888,0.3759,Low
23570,0.3758,Low
25461,0.3758,Low
24362,0.3758,Low
21126,0.3757,Low
39947,0.3757,Low
12158,0.3757,Low
32964,0.3757,Low
21637,0.3757,Low
4423,0.3757,Low
9847,0.3757,Low
32539,0.3756,Low
35499,0.3756,Low
38512,0.3756,Low
20339,0.3755,Low
10781,0.3755,Low
51493,0.3755,Low
32407,0.3755,Low
45956,0.3755,Low
36885,0.3755,Low
45178,0.3754,Low
6610,0.3754,Low
8541,0.3754,Low
1355,0.3753,Low
36758,0.3753,Low
6794,0.3753,Low
16347,0.3753,Low
42871,0.3753,Low
5978,0.3753,Low
46334,0.3753,Low
15687,0.3753,Low
19480,0.3753,Low
40484,0.3753,Low
50655,0.3753,Low
51514,0.3752,Low
36252,0.3752,Low
17575,0.3751,Low
44573,0.3751,Low
41641,0.3751,Low
29005,0.3751,Low
43578,0.3751,Low
39185,0.3751,Low
42965,0.3751,Low
39222,0.3751,Low
9659,0.375,Low
43354,0.375,Low
29605,0.375,Low
42759,0.375,Low
50723,0.375,Low
1211,0.375,Low
20715,0.375,Low
14268,0.375,Low
49249,0.3749,Low
30256,0.3749,Low
29091,0.3748,Low
3565,0.3748,Low
40468,0.3748,Low
31189,0.3748,Low
40121,0.3748,Low
16817,0.3747,Low
45718,0.3747,Low
34507,0.3747,Low
42241,0.3747,Low
48622,0.3747,Low
15206,0.3746,Low
23832,0.3746,Low
12735,0.3746,Low
16225,0.3746,Low
15547,0.3746,Low
6167,0.3745,Low
33338,0.3745,Low
5596,0.3745,Low
2123,0.3745,Low
21048,0.3745,Low
4722,0.3744,Low
51684,0.3744,Low
26020,0.3744,Low
11492,0.3744,Low
30380,0.3743,Low
42916,0.3743,Low
21721,0.3743,Low
32775,0.3743,Low
33571,0.3743,Low
26732,0.3742,Low
41553,0.3742,Low
7285,0.3742,Low
9716,0.3742,Low
17652,0.3742,Low
1733,0.3742,Low
41344,0.3742,Low
5386,0.3742,Low
29528,0.3742,Low
16126,0.3742,Low
20835,0.3742,Low
10419,0.3741,Low
8308,0.374,Low
17093,0.374,Low
45179,0.374,Low
12607,0.374,Low
47603,0.3739,Low
22707,0.3739,Low
29562,0.3739,Low
10780,0.3738,Low
5296,0.3738,Low
1852,0.3738,Low
46901,0.3738,Low
12892,0.3737,Low
3064,0.3737,Low
24682,0.3737,Low
27766,0.3737,Low
26625,0.3736,Low
46615,0.3736,Low
2690,0.3736,Low
4886,0.3736,Low
17107,0.3736,Low
4602,0.3736,Low
31606,0.3735,Low
23620,0.3735,Low
25156,0.3735,Low
5765,0.3735,Low
27732,0.3735,Low
38194,0.3735,Low
40078,0.3734,Low
43220,0.3733,Low
11843,0.3733,Low
5283,0.3733,Low
37726,0.3733,Low
46854,0.3733,Low
33057,0.3732,Low
8274,0.3732,Low
33678,0.3732,Low
39674,0.3731,Low
19013,0.3731,Low
34644,0.3731,Low
44226,0.3731,Low
39681,0.3731,Low
7579,0.373,Low
8248,0.373,Low
49470,0.373,Low
9155,0.373,Low
48127,0.3729,Low
26389,0.3729,Low
32912,0.3729,Low
9115,0.3729,Low
45782,0.3729,Low
18190,0.3729,Low
18455,0.3729,Low
40252,0.3728,Low
26201,0.3728,Low
13995,0.3728,Low
16282,0.3728,Low
17036,0.3728,Low
36329,0.3728,Low
35808,0.3727,Low
6845,0.3727,Low
11089,0.3727,Low
36475,0.3726,Low
23231,0.3726,Low
42094,0.3726,Low
1813,0.3726,Low
6050,0.3726,Low
8053,0.3726,Low
29624,0.3726,Low
49456,0.3725,Low
20513,0.3725,Low
23971,0.3725,Low
33677,0.3725,Low
28506,0.3724,Low
44117,0.3724,Low
44842,0.3724,Low
31215,0.3724,Low
32379,0.3724,Low
30563,0.3724,Low
33044,0.3724,Low
44715,0.3724,Low
15658,0.3724,Low
23852,0.3724,Low
50330,0.3724,Low
37902,0.3724,Low
48336,0.3724,Low
17169,0.3723,Low
18946,0.3723,Low
33754,0.3723,Low
1447,0.3723,Low
22044,0.3722,Low
49630,0.3722,Low
39866,0.3722,Low
29819,0.3722,Low
51861,0.3722,Low
15231,0.3721,Low
13019,0.3721,Low
34775,0.3721,Low
44069,0.3721,Low
17189,0.372,Low
33076,0.372,Low
44059,0.372,Low
2440,0.3719,Low
44369,0.3719,Low
665,0.3719,Low
35802,0.3718,Low
25282,0.3718,Low
41449,0.3718,Low
5627,0.3718,Low
41287,0.3718,Low
12139,0.3718,Low
13159,0.3717,Low
6605,0.3717,Low
35675,0.3717,Low
6891,0.3717,Low
46536,0.3717,Low
19656,0.3717,Low
45097,0.3716,Low
27237,0.3716,Low
23343,0.3716,Low
29527,0.3716,Low
8472,0.3716,Low
44374,0.3716,Low
11761,0.3716,Low
842,0.3715,Low
3091,0.3715,Low
15366,0.3715,Low
21565,0.3715,Low
45879,0.3714,Low
32880,0.3714,Low
18110,0.3714,Low
36577,0.3714,Low
24719,0.3714,Low
19894,0.3713,Low
37416,0.3713,Low
28266,0.3712,Low
24370,0.3712,Low
22357,0.3712,Low
1581,0.3712,Low
38307,0.3712,Low
14277,0.3712,Low
38001,0.3711,Low
27941,0.3711,Low
42539,0.3711,Low
7372,0.3711,Low
6449,0.3711,Low
40554,0.371,Low
40570,0.371,Low
35530,0.371,Low
17876,0.371,Low
4943,0.371,Low
37591,0.371,Low
34222,0.371,Low
6592,0.371,Low
10992,0.371,Low
3024,0.3709,Low
40528,0.3709,Low
24987,0.3709,Low
29506,0.3708,Low
41514,0.3708,Low
23601,0.3708,Low
24564,0.3708,Low
48472,0.3708,Low
35660,0.3708,Low
42208,0.3707,Low
19329,0.3706,Low
29137,0.3706,Low
21125,0.3706,Low
18576,0.3706,Low
44563,0.3705,Low
21558,0.3705,Low
29737,0.3705,Low
34573,0.3705,Low
29908,0.3705,Low
36444,0.3704,Low
49172,0.3704,Low
19072,0.3704,Low
982,0.3704,Low
3202,0.3703,Low
17476,0.3703,Low
40165,0.3703,Low
42637,0.3703,Low
4622,0.3703,Low
35410,0.3703,Low
46624,0.3702,Low
17402,0.3702,Low
16938,0.3702,Low
38493,0.3702,Low
36757,0.3702,Low
33795,0.3702,Low
23941,0.3702,Low
381,0.3701,Low
49499,0.37,Low
1758,0.37,Low
37406,0.37,Low
23341,0.37,Low
39293,0.37,Low
47756,0.37,Low
26243,0.37,Low
17084,0.3699,Low
18462,0.3699,Low
10951,0.3699,Low
13662,0.3699,Low
1256,0.3699,Low
28257,0.3699,Low
23240,0.3698,Low
21300,0.3698,Low
50250,0.3698,Low
28318,0.3698,Low
16543,0.3698,Low
8299,0.3697,Low
46412,0.3697,Low
45147,0.3697,Low
14314,0.3697,Low
28950,0.3697,Low
11203,0.3697,Low
21363,0.3696,Low
19847,0.3696,Low
27922,0.3696,Low
10379,0.3696,Low
32501,0.3696,Low
33625,0.3696,Low
8582,0.3696,Low
19226,0.3695,Low
41586,0.3695,Low
15262,0.3695,Low
38662,0.3695,Low
12773,0.3695,Low
36972,0.3695,Low
41081,0.3695,Low
10556,0.3694,Low
46363,0.3694,Low
1682,0.3694,Low
34584,0.3694,Low
46998,0.3694,Low
32629,0.3693,Low
44284,0.3693,Low
42523,0.3693,Low
41657,0.3693,Low
20192,0.3693,Low
34561,0.3693,Low
26850,0.3692,Low
30985,0.3692,Low
13618,0.3692,Low
4050,0.3692,Low
9740,0.3692,Low
31186,0.3692,Low
6415,0.3691,Low
47763,0.3691,Low
27413,0.369,Low
26681,0.369,Low
16558,0.369,Low
7183,0.369,Low
6455,0.369,Low
6933,0.3689,Low
1414,0.3689,Low
3681,0.3689,Low
16684,0.3689,Low
42914,0.3689,Low
34463,0.3689,Low
44988,0.3688,Low
38112,0.3688,Low
421,0.3688,Low
3792,0.3688,Low
6488,0.3688,Low
32208,0.3688,Low
50858,0.3688,Low
31762,0.3688,Low
8399,0.3688,Low
49369,0.3687,Low
26006,0.3687,Low
14940,0.3686,Low
47718,0.3686,Low
26710,0.3686,Low
12313,0.3686,Low
16285,0.3686,Low
24563,0.3686,Low
34143,0.3686,Low
19659,0.3686,Low
38602,0.3685,Low
38974,0.3685,Low
666,0.3685,Low
49132,0.3685,Low
38414,0.3685,Low
33284,0.3685,Low
35664,0.3685,Low
34281,0.3685,Low
36759,0.3685,Low
10955,0.3685,Low
26713,0.3685,Low
1643,0.3684,Low
2450,0.3684,Low
22077,0.3684,Low
49458,0.3684,Low
51656,0.3684,Low
3980,0.3684,Low
16072,0.3684,Low
40625,0.3684,Low
42570,0.3683,Low
3587,0.3683,Low
26665,0.3683,Low
47339,0.3683,Low
29947,0.3683,Low
26895,0.3683,Low
33015,0.3682,Low
5864,0.3682,Low
8040,0.3682,Low
48538,0.3682,Low
36382,0.3682,Low
45475,0.3681,Low
7119,0.3681,Low
31183,0.3681,Low
27799,0.3681,Low
23474,0.3681,Low
48045,0.368,Low
6589,0.368,Low
4933,0.368,Low
25130,0.368,Low
36725,0.368,Low
12529,0.368,Low
44797,0.3679,Low
14794,0.3679,Low
44268,0.3679,Low
48477,0.3679,Low
50298,0.3679,Low
7514,0.3678,Low
2666,0.3678,Low
37588,0.3678,Low
49146,0.3678,Low
46012,0.3678,Low
19401,0.3678,Low
15950,0.3678,Low
20749,0.3678,Low
48434,0.3677,Low
26365,0.3677,Low
43262,0.3677,Low
15222,0.3677,Low
26655,0.3677,Low
7897,0.3676,Low
50283,0.3676,Low
51438,0.3676,Low
25399,0.3676,Low
6789,0.3675,Low
17255,0.3675,Low
22425,0.3675,Low
25789,0.3675,Low
8610,0.3675,Low
9828,0.3675,Low
35581,0.3675,Low
48616,0.3675,Low
51935,0.3675,Low
7559,0.3675,Low
3625,0.3674,Low
8891,0.3674,Low
29657,0.3674,Low
26180,0.3674,Low
20527,0.3674,Low
33998,0.3674,Low
36659,0.3674,Low
12028,0.3673,Low
49483,0.3673,Low
6746,0.3673,Low
3364,0.3673,Low
13883,0.3673,Low
27583,0.3673,Low
20792,0.3673,Low
44173,0.3673,Low
42447,0.3673,Low
47365,0.3673,Low
30160,0.3672,Low
16346,0.3672,Low
45844,0.3672,Low
7218,0.3671,Low
25564,0.367,Low
42770,0.367,Low
26070,0.367,Low
36681,0.367,Low
16581,0.367,Low
3671,0.367,Low
40839,0.367,Low
51379,0.367,Low
14499,0.3669,Low
25892,0.3669,Low
45207,0.3669,Low
21168,0.3669,Low
20381,0.3669,Low
41512,0.3669,Low
15238,0.3669,Low
33060,0.3668,Low
50139,0.3668,Low
21575,0.3668,Low
17465,0.3668,Low
31751,0.3667,Low
49796,0.3667,Low
25476,0.3667,Low
11637,0.3667,Low
27714,0.3667,Low
7684,0.3666,Low
6986,0.3666,Low
1162,0.3666,Low
34972,0.3666,Low
27553,0.3666,Low
14746,0.3666,Low
50197,0.3666,Low
2030,0.3665,Low
6436,0.3665,Low
6429,0.3665,Low
4929,0.3665,Low
44782,0.3665,Low
50042,0.3665,Low
37701,0.3664,Low
4683,0.3664,Low
11654,0.3664,Low
11501,0.3664,Low
22535,0.3663,Low
30156,0.3663,Low
42744,0.3663,Low
44074,0.3663,Low
12024,0.3663,Low
38026,0.3663,Low
38346,0.3663,Low
6364,0.3662,Low
11455,0.3662,Low
9207,0.3662,Low
19358,0.3662,Low
7499,0.3662,Low
25772,0.3662,Low
4981,0.3662,Low
11509,0.3662,Low
14356,0.3662,Low
1013,0.3661,Low
42671,0.3661,Low
42627,0.3661,Low
17228,0.3661,Low
14034,0.3661,Low
6507,0.3661,Low
24806,0.3661,Low
9544,0.3661,Low
27564,0.3661,Low
2556,0.3661,Low
41503,0.366,Low
42708,0.366,Low
22575,0.366,Low
5425,0.366,Low
47005,0.3659,Low
13378,0.3659,Low
2089,0.3659,Low
21953,0.3659,Low
45760,0.3659,Low
41834,0.3658,Low
44849,0.3658,Low
49371,0.3658,Low
22700,0.3658,Low
16045,0.3658,Low
11768,0.3658,Low
29791,0.3657,Low
16772,0.3657,Low
42721,0.3657,Low
25457,0.3657,Low
16924,0.3657,Low
21680,0.3656,Low
46524,0.3656,Low
33592,0.3656,Low
50022,0.3656,Low
36846,0.3656,Low
41854,0.3656,Low
4262,0.3656,Low
5040,0.3656,Low
24644,0.3655,Low
36450,0.3655,Low
19427,0.3655,Low
31838,0.3655,Low
50037,0.3655,Low
50240,0.3654,Low
24419,0.3654,Low
4300,0.3654,Low
3904,0.3654,Low
4995,0.3654,Low
38494,0.3654,Low
26791,0.3654,Low
20183,0.3654,Low
33225,0.3653,Low
17160,0.3653,Low
1232,0.3653,Low
2507,0.3653,Low
34431,0.3653,Low
33608,0.3653,Low
7989,0.3653,Low
47224,0.3653,Low
11917,0.3652,Low
37661,0.3652,Low
44359,0.3652,Low
12214,0.3652,Low
47589,0.3652,Low
7628,0.3652,Low
14777,0.3652,Low
6086,0.3652,Low
12357,0.3652,Low
29768,0.3652,Low
47967,0.3652,Low
24598,0.3651,Low
49487,0.3651,Low
24368,0.3651,Low
21966,0.3651,Low
36766,0.3649,Low
41005,0.3649,Low
5532,0.3649,Low
1721,0.3649,Low
24400,0.3649,Low
11850,0.3649,Low
21629,0.3649,Low
21127,0.3649,Low
3540,0.3649,Low
49359,0.3648,Low
48491,0.3648,Low
48202,0.3648,Low
4375,0.3647,Low
25776,0.3647,Low
38638,0.3647,Low
34906,0.3646,Low
7431,0.3646,Low
41626,0.3646,Low
38500,0.3646,Low
4566,0.3646,Low
32236,0.3646,Low
16541,0.3646,Low
30817,0.3645,Low
32886,0.3645,Low
43507,0.3645,Low
19169,0.3645,Low
27499,0.3644,Low
25660,0.3644,Low
6831,0.3644,Low
1551,0.3644,Low
12394,0.3643,Low
12253,0.3643,Low
39657,0.3643,Low
31859,0.3642,Low
29252,0.3642,Low
20182,0.3642,Low
11758,0.3642,Low
12435,0.3642,Low
34217,0.3642,Low
14527,0.3641,Low
7555,0.3641,Low
601,0.3641,Low
3563,0.3641,Low
2525,0.3641,Low
38330,0.364,Low
31314,0.3639,Low
6687,0.3639,Low
46156,0.3639,Low
46570,0.3639,Low
41244,0.3639,Low
48330,0.3638,Low
11176,0.3638,Low
39254,0.3637,Low
20611,0.3637,Low
14723,0.3637,Low
5162,0.3636,Low
24565,0.3636,Low
39565,0.3636,Low
38562,0.3636,Low
45443,0.3636,Low
33786,0.3635,Low
27354,0.3635,Low
23920,0.3635,Low
23131,0.3635,Low
27251,0.3635,Low
28179,0.3635,Low
23097,0.3635,Low
4220,0.3634,Low
8264,0.3634,Low
36446,0.3634,Low
25259,0.3634,Low
42045,0.3634,Low
50140,0.3633,Low
37030,0.3633,Low
37735,0.3633,Low
7917,0.3633,Low
15013,0.3633,Low
15710,0.3632,Low
32153,0.3632,Low
33286,0.3632,Low
21550,0.3632,Low
5301,0.3632,Low
22893,0.3631,Low
38533,0.3631,Low
913,0.3631,Low
16733,0.3631,Low
19446,0.363,Low
20318,0.363,Low
23759,0.363,Low
31249,0.363,Low
9758,0.363,Low
38315,0.3628,Low
11187,0.3628,Low
4211,0.3628,Low
25163,0.3628,Low
50276,0.3628,Low
16119,0.3627,Low
38967,0.3627,Low
30632,0.3627,Low
3723,0.3627,Low
6318,0.3627,Low
27889,0.3627,Low
11881,0.3627,Low
48800,0.3627,Low
9299,0.3627,Low
15474,0.3626,Low
27481,0.3626,Low
15383,0.3626,Low
26203,0.3626,Low
43118,0.3626,Low
20944,0.3626,Low
22470,0.3626,Low
47606,0.3625,Low
10880,0.3625,Low
39798,0.3625,Low
1967,0.3625,Low
51425,0.3625,Low
955,0.3625,Low
32781,0.3624,Low
41989,0.3624,Low
29433,0.3624,Low
48160,0.3623,Low
44927,0.3623,Low
49877,0.3623,Low
50174,0.3622,Low
20908,0.3622,Low
21876,0.3622,Low
5505,0.3622,Low
22659,0.3622,Low
31461,0.3621,Low
43498,0.3621,Low
44575,0.3621,Low
43678,0.3621,Low
46946,0.3621,Low
4145,0.3621,Low
20999,0.3621,Low
32356,0.362,Low
17408,0.362,Low
31257,0.362,Low
14202,0.362,Low
48650,0.3619,Low
47539,0.3619,Low
4727,0.3619,Low
21715,0.3619,Low
459,0.3619,Low
27792,0.3619,Low
7040,0.3619,Low
9102,0.3619,Low
47264,0.3619,Low
15917,0.3618,Low
11021,0.3618,Low
45991,0.3618,Low
36639,0.3618,Low
26458,0.3618,Low
51408,0.3618,Low
4821,0.3617,Low
48019,0.3617,Low
1820,0.3617,Low
51764,0.3617,Low
27358,0.3617,Low
33603,0.3616,Low
31201,0.3616,Low
37120,0.3616,Low
10344,0.3616,Low
1751,0.3616,Low
24513,0.3616,Low
15570,0.3616,Low
428,0.3615,Low
17696,0.3615,Low
16591,0.3615,Low
25511,0.3615,Low
1418,0.3615,Low
39850,0.3615,Low
22346,0.3615,Low
21809,0.3615,Low
34658,0.3614,Low
5815,0.3614,Low
5289,0.3614,Low
39130,0.3614,Low
32351,0.3613,Low
9652,0.3613,Low
28316,0.3613,Low
51527,0.3613,Low
10135,0.3613,Low
36081,0.3613,Low
736,0.3613,Low
38398,0.3612,Low
20442,0.3612,Low
31027,0.3612,Low
29037,0.3612,Low
36813,0.3612,Low
12241,0.3612,Low
33382,0.3612,Low
27660,0.3612,Low
41298,0.3612,Low
6532,0.3612,Low
27405,0.3611,Low
18113,0.3611,Low
25716,0.3611,Low
42910,0.361,Low
37070,0.361,Low
2901,0.3609,Low
4078,0.3609,Low
11996,0.3609,Low
39926,0.3608,Low
13701,0.3608,Low
19287,0.3607,Low
31031,0.3607,Low
14201,0.3607,Low
48514,0.3607,Low
46413,0.3607,Low
15641,0.3607,Low
708,0.3607,Low
48618,0.3606,Low
23138,0.3606,Low
31118,0.3606,Low
44102,0.3606,Low
17485,0.3606,Low
885,0.3606,Low
715,0.3605,Low
24031,0.3605,Low
51234,0.3605,Low
45888,0.3605,Low
17506,0.3605,Low
23835,0.3604,Low
26712,0.3604,Low
18340,0.3604,Low
33946,0.3603,Low
8763,0.3603,Low
40085,0.3603,Low
24940,0.3603,Low
2185,0.3602,Low
4038,0.3602,Low
38604,0.3602,Low
9492,0.3602,Low
37166,0.3602,Low
818,0.3602,Low
45210,0.3602,Low
41485,0.3602,Low
9433,0.3601,Low
25017,0.3601,Low
15520,0.3601,Low
2576,0.3601,Low
14195,0.3601,Low
47542,0.3601,Low
48393,0.36,Low
19531,0.36,Low
38437,0.36,Low
34147,0.36,Low
2772,0.36,Low
12060,0.36,Low
32524,0.3599,Low
22819,0.3599,Low
23505,0.3599,Low
7651,0.3599,Low
2562,0.3599,Low
30139,0.3599,Low
40622,0.3599,Low
10749,0.3599,Low
34159,0.3598,Low
24825,0.3598,Low
6165,0.3598,Low
49288,0.3598,Low
28488,0.3598,Low
32451,0.3597,Low
20588,0.3597,Low
50392,0.3597,Low
47180,0.3597,Low
4099,0.3597,Low
14744,0.3597,Low
13386,0.3597,Low
13853,0.3597,Low
22424,0.3596,Low
7509,0.3596,Low
9030,0.3596,Low
37668,0.3596,Low
44435,0.3596,Low
5905,0.3596,Low
3784,0.3595,Low
32727,0.3595,Low
27876,0.3595,Low
22252,0.3595,Low
49937,0.3595,Low
38704,0.3595,Low
29583,0.3595,Low
12367,0.3594,Low
14599,0.3594,Low
24473,0.3594,Low
163,0.3594,Low
50081,0.3593,Low
23998,0.3593,Low
6026,0.3593,Low
42603,0.3593,Low
50540,0.3593,Low
44785,0.3592,Low
42340,0.3592,Low
35453,0.3592,Low
18379,0.3592,Low
18815,0.3591,Low
48596,0.3591,Low
36316,0.3591,Low
4604,0.3591,Low
29671,0.3591,Low
18256,0.3591,Low
549,0.359,Low
46087,0.359,Low
2890,0.3589,Low
17165,0.3589,Low
2602,0.3589,Low
4647,0.3589,Low
26742,0.3589,Low
34777,0.3589,Low
39531,0.3588,Low
14904,0.3588,Low
15348,0.3588,Low
46054,0.3587,Low
30729,0.3587,Low
13665,0.3587,Low
10477,0.3587,Low
20143,0.3587,Low
51472,0.3587,Low
25911,0.3587,Low
6425,0.3587,Low
10253,0.3587,Low
9159,0.3586,Low
37822,0.3586,Low
12675,0.3586,Low
11957,0.3585,Low
9156,0.3585,Low
16156,0.3585,Low
23587,0.3585,Low
27647,0.3585,Low
16897,0.3585,Low
12679,0.3584,Low
28952,0.3584,Low
49207,0.3584,Low
36644,0.3584,Low
32736,0.3584,Low
30899,0.3584,Low
18174,0.3584,Low
19920,0.3583,Low
1172,0.3583,Low
11394,0.3582,Low
42378,0.3582,Low
32310,0.3582,Low
36290,0.3582,Low
11823,0.3582,Low
2829,0.3582,Low
2336,0.3581,Low
50142,0.3581,Low
45732,0.3581,Low
15433,0.358,Low
12602,0.358,Low
21791,0.358,Low
11689,0.358,Low
41411,0.358,Low
9769,0.3579,Low
25396,0.3579,Low
7443,0.3579,Low
25885,0.3579,Low
38492,0.3578,Low
14613,0.3578,Low
7944,0.3578,Low
18425,0.3578,Low
43779,0.3577,Low
44522,0.3577,Low
19896,0.3577,Low
24029,0.3577,Low
18106,0.3576,Low
46523,0.3576,Low
20676,0.3576,Low
17902,0.3576,Low
22233,0.3576,Low
49448,0.3576,Low
9761,0.3576,Low
39087,0.3575,Low
23615,0.3575,Low
32587,0.3574,Low
40174,0.3574,Low
6529,0.3574,Low
2856,0.3574,Low
47625,0.3573,Low
3383,0.3573,Low
4227,0.3572,Low
34543,0.3572,Low
7762,0.3572,Low
50055,0.3572,Low
43743,0.3572,Low
12164,0.3572,Low
3181,0.3572,Low
41490,0.3572,Low
40594,0.3572,Low
25446,0.3572,Low
19030,0.3571,Low
50133,0.3571,Low
47544,0.3571,Low
6232,0.3571,Low
7144,0.3571,Low
29774,0.3571,Low
28498,0.3571,Low
10792,0.357,Low
41685,0.357,Low
43418,0.357,Low
32462,0.357,Low
19695,0.357,Low
42098,0.357,Low
13837,0.357,Low
2246,0.3569,Low
18793,0.3569,Low
19706,0.3569,Low
20476,0.3569,Low
28164,0.3568,Low
34692,0.3568,Low
51793,0.3568,Low
20694,0.3568,Low
11931,0.3568,Low
41157,0.3567,Low
8002,0.3567,Low
7116,0.3567,Low
32448,0.3566,Low
41513,0.3566,Low
6906,0.3566,Low
15512,0.3566,Low
19548,0.3566,Low
16223,0.3565,Low
10504,0.3565,Low
37463,0.3565,Low
31457,0.3565,Low
7596,0.3565,Low
12877,0.3565,Low
24247,0.3565,Low
17658,0.3565,Low
28186,0.3565,Low
3136,0.3565,Low
46331,0.3564,Low
31232,0.3564,Low
38253,0.3563,Low
31062,0.3562,Low
30866,0.3562,Low
38312,0.3562,Low
2181,0.3562,Low
2766,0.3561,Low
32172,0.3561,Low
25145,0.3561,Low
29424,0.3561,Low
39012,0.3561,Low
25285,0.356,Low
29715,0.356,Low
12779,0.356,Low
11488,0.356,Low
44763,0.3559,Low
43560,0.3559,Low
1865,0.3559,Low
9933,0.3558,Low
28965,0.3558,Low
46118,0.3558,Low
47573,0.3557,Low
31521,0.3557,Low
49153,0.3557,Low
39631,0.3557,Low
25641,0.3557,Low
68,0.3556,Low
3674,0.3556,Low
49058,0.3556,Low
8027,0.3556,Low
24791,0.3556,Low
42902,0.3556,Low
48699,0.3556,Low
22151,0.3556,Low
11398,0.3555,Low
8775,0.3555,Low
46967,0.3555,Low
42617,0.3555,Low
23763,0.3554,Low
8009,0.3553,Low
2835,0.3553,Low
2624,0.3552,Low
18873,0.3552,Low
42105,0.3552,Low
148,0.3552,Low
12907,0.3552,Low
51812,0.3552,Low
12564,0.3551,Low
15865,0.3551,Low
2425,0.3551,Low
26758,0.3551,Low
26257,0.355,Low
19838,0.355,Low
30084,0.355,Low
9848,0.355,Low
12731,0.355,Low
36793,0.355,Low
40234,0.355,Low
37856,0.3549,Low
15791,0.3548,Low
14098,0.3548,Low
25866,0.3548,Low
28991,0.3548,Low
42717,0.3548,Low
13734,0.3547,Low
50588,0.3547,Low
29280,0.3547,Low
29656,0.3547,Low
32155,0.3546,Low
16170,0.3546,Low
28464,0.3546,Low
31513,0.3545,Low
49854,0.3545,Low
3001,0.3544,Low
25780,0.3543,Low
47593,0.3543,Low
26095,0.3543,Low
39119,0.3542,Low
16389,0.3541,Low
15824,0.3541,Low
42998,0.3541,Low
5406,0.3541,Low
48234,0.3541,Low
24958,0.354,Low
49417,0.354,Low
44403,0.354,Low
3092,0.354,Low
23743,0.354,Low
29500,0.354,Low
19142,0.354,Low
2978,0.354,Low
33818,0.3539,Low
38878,0.3539,Low
24519,0.3539,Low
28240,0.3538,Low
33547,0.3538,Low
33433,0.3538,Low
17626,0.3538,Low
6184,0.3538,Low
40670,0.3538,Low
47692,0.3538,Low
45086,0.3537,Low
47444,0.3537,Low
27447,0.3537,Low
32931,0.3537,Low
20047,0.3537,Low
3159,0.3537,Low
32697,0.3536,Low
4696,0.3536,Low
9551,0.3536,Low
11154,0.3536,Low
36585,0.3536,Low
36608,0.3535,Low
51426,0.3535,Low
46848,0.3535,Low
28794,0.3535,Low
12373,0.3534,Low
6772,0.3534,Low
46482,0.3534,Low
21215,0.3534,Low
39799,0.3534,Low
30709,0.3534,Low
19347,0.3534,Low
36495,0.3534,Low
44086,0.3533,Low
38035,0.3533,Low
35289,0.3533,Low
35571,0.3533,Low
13538,0.3532,Low
18397,0.3532,Low
45267,0.3532,Low
44280,0.3532,Low
6217,0.3531,Low
30055,0.3531,Low
883,0.3531,Low
16125,0.3531,Low
21698,0.353,Low
13241,0.353,Low
43607,0.3529,Low
39164,0.3529,Low
34551,0.3529,Low
9016,0.3529,Low
14124,0.3529,Low
33266,0.3529,Low
832,0.3529,Low
36640,0.3529,Low
39356,0.3528,Low
24186,0.3528,Low
32470,0.3528,Low
33257,0.3528,Low
23104,0.3527,Low
6477,0.3527,Low
2473,0.3527,Low
2198,0.3527,Low
35865,0.3527,Low
14864,0.3527,Low
20538,0.3526,Low
39816,0.3526,Low
16213,0.3526,Low
48676,0.3525,Low
16539,0.3525,Low
30738,0.3524,Low
17001,0.3524,Low
14603,0.3524,Low
13408,0.3524,Low
7728,0.3524,Low
13270,0.3524,Low
37018,0.3523,Low
49409,0.3523,Low
47142,0.3523,Low
48906,0.3522,Low
40607,0.3522,Low
30169,0.3522,Low
51311,0.3522,Low
25119,0.3522,Low
21322,0.3521,Low
47865,0.3521,Low
12769,0.3521,Low
49643,0.352,Low
33036,0.352,Low
34527,0.352,Low
25805,0.352,Low
51513,0.352,Low
24300,0.352,Low
18553,0.352,Low
15812,0.3519,Low
33809,0.3519,Low
10339,0.3519,Low
714,0.3519,Low
13117,0.3519,Low
14745,0.3518,Low
49029,0.3518,Low
35724,0.3518,Low
49706,0.3517,Low
11011,0.3517,Low
22059,0.3517,Low
26117,0.3517,Low
17654,0.3516,Low
16743,0.3516,Low
39928,0.3516,Low
12145,0.3516,Low
37574,0.3516,Low
4848,0.3515,Low
20205,0.3515,Low
13633,0.3515,Low
50488,0.3514,Low
20427,0.3514,Low
49253,0.3514,Low
29917,0.3514,Low
1167,0.3514,Low
26686,0.3513,Low
14762,0.3513,Low
31056,0.3513,Low
37387,0.3512,Low
8408,0.3512,Low
50941,0.3512,Low
29784,0.3511,Low
37694,0.3511,Low
45099,0.351,Low
12855,0.351,Low
29870,0.351,Low
14052,0.3509,Low
38968,0.3509,Low
40664,0.3508,Low
18992,0.3508,Low
47152,0.3508,Low
33169,0.3508,Low
1586,0.3508,Low
42409,0.3507,Low
33398,0.3507,Low
6922,0.3507,Low
19872,0.3507,Low
10336,0.3507,Low
37187,0.3507,Low
49399,0.3507,Low
144,0.3506,Low
14989,0.3506,Low
20244,0.3506,Low
37803,0.3506,Low
24160,0.3506,Low
41962,0.3506,Low
28546,0.3506,Low
27806,0.3506,Low
4541,0.3506,Low
19811,0.3505,Low
38711,0.3505,Low
50552,0.3505,Low
16607,0.3505,Low
6626,0.3505,Low
28037,0.3505,Low
27451,0.3505,Low
13721,0.3504,Low
47,0.3504,Low
17017,0.3504,Low
7311,0.3504,Low
18866,0.3503,Low
31130,0.3503,Low
35627,0.3503,Low
19667,0.3503,Low
40027,0.3502,Low
21464,0.3502,Low
32766,0.3502,Low
28602,0.3502,Low
38702,0.3502,Low
33217,0.3501,Low
13468,0.3501,Low
31441,0.3501,Low
815,0.35,Low
46401,0.35,Low
20463,0.35,Low
31666,0.35,Low
41593,0.35,Low
29688,0.35,Low
8534,0.35,Low
29966,0.35,Low
51192,0.3499,Low
25652,0.3499,Low
37453,0.3499,Low
48653,0.3498,Low
41944,0.3498,Low
15452,0.3498,Low
29968,0.3498,Low
20210,0.3497,Low
24317,0.3497,Low
37146,0.3497,Low
34249,0.3497,Low
39741,0.3496,Low
38489,0.3495,Low
38068,0.3495,Low
36625,0.3495,Low
18492,0.3495,Low
3149,0.3495,Low
44336,0.3495,Low
26854,0.3495,Low
2894,0.3494,Low
894,0.3494,Low
2370,0.3494,Low
6261,0.3494,Low
46729,0.3494,Low
24724,0.3494,Low
42489,0.3494,Low
6399,0.3494,Low
1446,0.3494,Low
28256,0.3493,Low
3830,0.3493,Low
13575,0.3493,Low
11260,0.3493,Low
3911,0.3493,Low
44561,0.3493,Low
25094,0.3493,Low
34725,0.3492,Low
5077,0.3492,Low
27188,0.3492,Low
31800,0.3492,Low
37796,0.3492,Low
24257,0.3492,Low
45260,0.3491,Low
40457,0.3491,Low
31649,0.3491,Low
50614,0.3491,Low
16590,0.3491,Low
4278,0.3491,Low
32593,0.3491,Low
25682,0.349,Low
30571,0.3489,Low
47255,0.3489,Low
15615,0.3489,Low
32972,0.3489,Low
21059,0.3489,Low
32288,0.3489,Low
50582,0.3488,Low
30587,0.3488,Low
49082,0.3488,Low
979,0.3488,Low
12931,0.3488,Low
1506,0.3488,Low
11459,0.3488,Low
51184,0.3488,Low
49285,0.3487,Low
50066,0.3487,Low
28763,0.3487,Low
1953,0.3487,Low
31070,0.3487,Low
26371,0.3486,Low
17014,0.3486,Low
15593,0.3486,Low
35144,0.3486,Low
47326,0.3485,Low
21082,0.3485,Low
36361,0.3485,Low
51097,0.3485,Low
28870,0.3485,Low
11793,0.3485,Low
43812,0.3485,Low
4932,0.3485,Low
18538,0.3484,Low
32103,0.3484,Low
30858,0.3484,Low
34001,0.3483,Low
51148,0.3483,Low
45960,0.3483,Low
14326,0.3483,Low
47978,0.3482,Low
33681,0.3482,Low
37418,0.3482,Low
3051,0.3482,Low
29701,0.3482,Low
8960,0.3482,Low
9187,0.3482,Low
38856,0.3482,Low
15747,0.3482,Low
48242,0.3482,Low
29652,0.3482,Low
39037,0.3481,Low
20582,0.3481,Low
39380,0.3481,Low
6578,0.3481,Low
23959,0.3481,Low
5188,0.3481,Low
10848,0.348,Low
29879,0.348,Low
16619,0.348,Low
32082,0.348,Low
36603,0.348,Low
46031,0.3479,Low
39157,0.3479,Low
4092,0.3479,Low
440,0.3479,Low
24447,0.3479,Low
10888,0.3478,Low
46930,0.3478,Low
22408,0.3478,Low
21599,0.3478,Low
35188,0.3478,Low
49046,0.3478,Low
48163,0.3477,Low
28876,0.3477,Low
38713,0.3477,Low
47698,0.3477,Low
42082,0.3477,Low
10799,0.3477,Low
43292,0.3477,Low
28391,0.3476,Low
17403,0.3476,Low
44133,0.3476,Low
29246,0.3476,Low
11495,0.3476,Low
24617,0.3476,Low
36355,0.3475,Low
49957,0.3475,Low
48274,0.3474,Low
21621,0.3474,Low
5784,0.3474,Low
29962,0.3474,Low
12824,0.3474,Low
20323,0.3474,Low
48842,0.3474,Low
1658,0.3474,Low
23962,0.3474,Low
1422,0.3474,Low
20085,0.3473,Low
26393,0.3473,Low
43415,0.3473,Low
46252,0.3473,Low
36503,0.3473,Low
10317,0.3473,Low
46602,0.3473,Low
25085,0.3473,Low
8882,0.3473,Low
2293,0.3473,Low
24154,0.3472,Low
573,0.3472,Low
42175,0.3472,Low
3552,0.3472,Low
1869,0.3472,Low
1216,0.3472,Low
6514,0.3471,Low
36219,0.3471,Low
38955,0.3471,Low
44224,0.3471,Low
49777,0.3471,Low
42180,0.3471,Low
25133,0.3471,Low
46834,0.347,Low
13149,0.347,Low
45173,0.3469,Low
6948,0.3469,Low
19622,0.3469,Low
51140,0.3468,Low
16089,0.3468,Low
7675,0.3468,Low
8160,0.3468,Low
14986,0.3468,Low
14517,0.3468,Low
39731,0.3467,Low
10053,0.3467,Low
47283,0.3467,Low
30606,0.3467,Low
3851,0.3467,Low
17096,0.3467,Low
3844,0.3466,Low
28800,0.3466,Low
33213,0.3466,Low
7563,0.3466,Low
10473,0.3465,Low
22407,0.3465,Low
32228,0.3464,Low
48904,0.3464,Low
40219,0.3463,Low
18838,0.3463,Low
32934,0.3463,Low
41518,0.3463,Low
11773,0.3462,Low
24712,0.3462,Low
24531,0.3462,Low
4309,0.3462,Low
43601,0.3462,Low
36030,0.3462,Low
11081,0.3462,Low
51274,0.3462,Low
43748,0.3461,Low
35983,0.3461,Low
10828,0.3461,Low
29778,0.3461,Low
23812,0.3461,Low
19857,0.3461,Low
40814,0.346,Low
51701,0.346,Low
41945,0.346,Low
28652,0.346,Low
722,0.3459,Low
41067,0.3459,Low
28570,0.3459,Low
12080,0.3459,Low
22954,0.3459,Low
4684,0.3458,Low
41060,0.3458,Low
26807,0.3458,Low
32922,0.3458,Low
5658,0.3457,Low
12030,0.3457,Low
14939,0.3457,Low
30896,0.3457,Low
30495,0.3457,Low
6963,0.3457,Low
50675,0.3457,Low
48955,0.3457,Low
40782,0.3457,Low
34885,0.3456,Low
22488,0.3456,Low
26812,0.3456,Low
42351,0.3455,Low
47058,0.3455,Low
37433,0.3454,Low
2669,0.3454,Low
27725,0.3454,Low
47617,0.3454,Low
9358,0.3454,Low
33413,0.3454,Low
41262,0.3454,Low
23788,0.3454,Low
37034,0.3454,Low
8581,0.3453,Low
787,0.3453,Low
32945,0.3453,Low
50973,0.3453,Low
8448,0.3453,Low
9416,0.3453,Low
42011,0.3453,Low
20059,0.3452,Low
20262,0.3452,Low
3560,0.3452,Low
49925,0.3452,Low
21786,0.3452,Low
46345,0.3452,Low
35944,0.3452,Low
23994,0.3452,Low
5214,0.3452,Low
42815,0.3451,Low
37110,0.3451,Low
35038,0.3451,Low
15052,0.3451,Low
30032,0.3451,Low
42017,0.3451,Low
4969,0.3451,Low
23936,0.3451,Low
37581,0.3451,Low
8550,0.345,Low
50819,0.345,Low
43796,0.345,Low
17047,0.3449,Low
3430,0.3449,Low
4752,0.3449,Low
21944,0.3449,Low
11661,0.3449,Low
39045,0.3449,Low
45524,0.3448,Low
24238,0.3448,Low
13846,0.3448,Low
6481,0.3448,Low
40183,0.3448,Low
4362,0.3448,Low
23791,0.3448,Low
3455,0.3448,Low
16392,0.3447,Low
29444,0.3447,Low
41442,0.3447,Low
34426,0.3447,Low
30045,0.3446,Low
15287,0.3446,Low
43658,0.3446,Low
35600,0.3445,Low
40048,0.3445,Low
12906,0.3445,Low
41842,0.3445,Low
41109,0.3445,Low
3771,0.3445,Low
40905,0.3445,Low
27052,0.3445,Low
1863,0.3444,Low
12670,0.3444,Low
45148,0.3444,Low
49709,0.3444,Low
6011,0.3444,Low
34751,0.3444,Low
26444,0.3443,Low
2232,0.3443,Low
40698,0.3443,Low
7765,0.3443,Low
6152,0.3442,Low
21843,0.3442,Low
18612,0.3441,Low
45356,0.3441,Low
45241,0.3441,Low
11123,0.3441,Low
17958,0.344,Low
24754,0.344,Low
1755,0.344,Low
36491,0.344,Low
25398,0.344,Low
37184,0.344,Low
35487,0.3439,Low
10666,0.3439,Low
46707,0.3439,Low
8809,0.3439,Low
25659,0.3438,Low
1680,0.3438,Low
16997,0.3438,Low
2249,0.3438,Low
25086,0.3438,Low
47085,0.3437,Low
219,0.3437,Low
31518,0.3437,Low
46645,0.3437,Low
18313,0.3437,Low
42316,0.3437,Low
37835,0.3437,Low
27979,0.3437,Low
4715,0.3436,Low
32573,0.3436,Low
16434,0.3436,Low
18761,0.3436,Low
4836,0.3435,Low
34385,0.3435,Low
38641,0.3434,Low
6788,0.3434,Low
23103,0.3434,Low
31920,0.3434,Low
20239,0.3434,Low
46692,0.3434,Low
35648,0.3434,Low
39055,0.3434,Low
50128,0.3433,Low
41136,0.3433,Low
38162,0.3433,Low
8717,0.3432,Low
10647,0.3432,Low
11762,0.3432,Low
1882,0.3432,Low
47982,0.3432,Low
5965,0.3432,Low
39621,0.3431,Low
20206,0.3431,Low
298,0.3431,Low
35031,0.3431,Low
36326,0.343,Low
39277,0.343,Low
44730,0.343,Low
6468,0.343,Low
22303,0.343,Low
51185,0.343,Low
38588,0.343,Low
13766,0.3429,Low
38089,0.3429,Low
38380,0.3429,Low
47429,0.3429,Low
29801,0.3429,Low
31328,0.3429,Low
42625,0.3429,Low
14832,0.3429,Low
23980,0.3429,Low
25982,0.3429,Low
26186,0.3428,Low
22708,0.3428,Low
3704,0.3428,Low
14564,0.3428,Low
20423,0.3428,Low
29078,0.3427,Low
14630,0.3427,Low
690,0.3427,Low
44204,0.3427,Low
46668,0.3426,Low
10625,0.3426,Low
45280,0.3426,Low
17896,0.3426,Low
6066,0.3426,Low
33768,0.3425,Low
40515,0.3425,Low
18514,0.3425,Low
3782,0.3425,Low
37833,0.3425,Low
18996,0.3425,Low
34518,0.3424,Low
30473,0.3424,Low
28873,0.3424,Low
15244,0.3424,Low
14020,0.3424,Low
39306,0.3423,Low
28436,0.3423,Low
41858,0.3423,Low
11737,0.3422,Low
19524,0.3422,Low
743,0.3422,Low
47417,0.3422,Low
32284,0.3422,Low
8087,0.3422,Low
17058,0.3422,Low
42281,0.3422,Low
28328,0.3421,Low
16885,0.3421,Low
22099,0.3421,Low
43222,0.3421,Low
23618,0.3421,Low
25837,0.3421,Low
44183,0.3421,Low
38538,0.3421,Low
29670,0.342,Low
13798,0.342,Low
5337,0.342,Low
27739,0.342,Low
20707,0.342,Low
168,0.342,Low
7199,0.342,Low
41413,0.342,Low
19507,0.3419,Low
25441,0.3419,Low
25394,0.3419,Low
33723,0.3419,Low
14205,0.3418,Low
42140,0.3418,Low
8951,0.3418,Low
9645,0.3418,Low
20,0.3418,Low
40093,0.3418,Low
40414,0.3417,Low
11409,0.3417,Low
41582,0.3417,Low
29483,0.3416,Low
50774,0.3416,Low
1772,0.3416,Low
22685,0.3416,Low
6652,0.3416,Low
6302,0.3416,Low
19878,0.3415,Low
9339,0.3415,Low
5641,0.3415,Low
23781,0.3415,Low
13300,0.3414,Low
35025,0.3414,Low
30311,0.3414,Low
24556,0.3414,Low
13321,0.3413,Low
11929,0.3413,Low
4921,0.3413,Low
6516,0.3413,Low
46777,0.3413,Low
15441,0.3413,Low
6867,0.3413,Low
15098,0.3413,Low
31960,0.3412,Low
15145,0.3412,Low
21567,0.3412,Low
6590,0.3412,Low
25213,0.3412,Low
10390,0.3411,Low
25053,0.3411,Low
39191,0.3411,Low
6098,0.3411,Low
50313,0.341,Low
4907,0.341,Low
9767,0.341,Low
40341,0.341,Low
19066,0.341,Low
2464,0.341,Low
4693,0.341,Low
2444,0.3409,Low
11570,0.3409,Low
49837,0.3409,Low
21919,0.3408,Low
44571,0.3408,Low
7735,0.3408,Low
31596,0.3408,Low
35174,0.3408,Low
39311,0.3408,Low
34634,0.3408,Low
14920,0.3407,Low
24632,0.3407,Low
32569,0.3407,Low
3479,0.3407,Low
21381,0.3406,Low
28405,0.3406,Low
16376,0.3406,Low
8567,0.3406,Low
40054,0.3405,Low
5109,0.3405,Low
41429,0.3405,Low
12927,0.3405,Low
17203,0.3405,Low
44153,0.3405,Low
27593,0.3404,Low
4668,0.3404,Low
42151,0.3404,Low
40892,0.3404,Low
44603,0.3404,Low
18639,0.3404,Low
24131,0.3403,Low
24148,0.3402,Low
42246,0.3402,Low
8575,0.3402,Low
29719,0.3401,Low
11183,0.3401,Low
22661,0.3401,Low
44210,0.34,Low
27880,0.34,Low
7156,0.34,Low
43646,0.34,Low
32584,0.34,Low
18480,0.3399,Low
26397,0.3399,Low
27793,0.3399,Low
46733,0.3398,Low
19216,0.3398,Low
13273,0.3398,Low
41222,0.3397,Low
44509,0.3396,Low
51650,0.3396,Low
923,0.3396,Low
45012,0.3396,Low
18038,0.3396,Low
4830,0.3395,Low
50504,0.3395,Low
3923,0.3395,Low
1147,0.3394,Low
34202,0.3394,Low
15944,0.3394,Low
36385,0.3394,Low
26467,0.3394,Low
35624,0.3394,Low
15444,0.3394,Low
12737,0.3394,Low
49373,0.3394,Low
28906,0.3393,Low
38293,0.3393,Low
4601,0.3393,Low
21716,0.3392,Low
18388,0.3392,Low
35428,0.3392,Low
13384,0.3392,Low
20827,0.3392,Low
28918,0.3391,Low
43133,0.3391,Low
24430,0.3391,Low
39519,0.3391,Low
33792,0.3391,Low
25126,0.3391,Low
17523,0.339,Low
7750,0.339,Low
2354,0.339,Low
4784,0.339,Low
50389,0.339,Low
34481,0.339,Low
45206,0.3389,Low
25356,0.3389,Low
30953,0.3389,Low
20061,0.3389,Low
27401,0.3389,Low
27105,0.3389,Low
33894,0.3389,Low
17215,0.3388,Low
16416,0.3388,Low
23044,0.3388,Low
39637,0.3387,Low
10714,0.3386,Low
22856,0.3386,Low
27381,0.3386,Low
17563,0.3386,Low
18429,0.3386,Low
45437,0.3386,Low
30170,0.3386,Low
31713,0.3386,Low
46021,0.3386,Low
20758,0.3385,Low
37212,0.3385,Low
19165,0.3385,Low
29264,0.3385,Low
22712,0.3385,Low
31005,0.3385,Low
41888,0.3385,Low
13345,0.3384,Low
13155,0.3384,Low
22135,0.3384,Low
22142,0.3384,Low
33378,0.3384,Low
36451,0.3383,Low
23404,0.3383,Low
12525,0.3383,Low
38855,0.3383,Low
2266,0.3383,Low
50882,0.3382,Low
39434,0.3382,Low
7345,0.3382,Low
33646,0.3382,Low
15744,0.3382,Low
16257,0.3382,Low
5819,0.3382,Low
5688,0.3382,Low
12309,0.3382,Low
42979,0.3381,Low
18953,0.3381,Low
42038,0.3381,Low
23401,0.338,Low
37157,0.338,Low
12381,0.338,Low
37294,0.3379,Low
45744,0.3379,Low
48179,0.3379,Low
2057,0.3379,Low
34324,0.3378,Low
51895,0.3377,Low
51651,0.3377,Low
31778,0.3377,Low
38273,0.3377,Low
40064,0.3377,Low
13122,0.3377,Low
14169,0.3377,Low
35945,0.3377,Low
47599,0.3377,Low
42832,0.3377,Low
34772,0.3376,Low
42364,0.3376,Low
31162,0.3376,Low
39736,0.3376,Low
19561,0.3376,Low
33659,0.3376,Low
8439,0.3375,Low
50498,0.3375,Low
9820,0.3375,Low
13704,0.3374,Low
50310,0.3374,Low
12790,0.3374,Low
38975,0.3373,Low
3846,0.3373,Low
21595,0.3373,Low
36595,0.3373,Low
22826,0.3372,Low
12063,0.3372,Low
26401,0.3372,Low
41759,0.3372,Low
9268,0.3371,Low
3775,0.3371,Low
3139,0.337,Low
8281,0.337,Low
11486,0.337,Low
15217,0.337,Low
17592,0.337,Low
38635,0.337,Low
28945,0.3369,Low
42466,0.3369,Low
29642,0.3369,Low
36504,0.3369,Low
600,0.3369,Low
43875,0.3368,Low
40737,0.3368,Low
48585,0.3368,Low
7921,0.3368,Low
1963,0.3368,Low
25081,0.3368,Low
15460,0.3368,Low
914,0.3367,Low
45522,0.3367,Low
41648,0.3367,Low
11001,0.3367,Low
45383,0.3367,Low
28920,0.3366,Low
41874,0.3366,Low
22197,0.3366,Low
39114,0.3366,Low
24250,0.3366,Low
35626,0.3366,Low
51460,0.3365,Low
29803,0.3365,Low
15176,0.3365,Low
43470,0.3365,Low
28599,0.3365,Low
2490,0.3365,Low
4349,0.3365,Low
8466,0.3365,Low
23945,0.3364,Low
46553,0.3364,Low
40749,0.3363,Low
29334,0.3363,Low
32092,0.3362,Low
14894,0.3362,Low
33275,0.3362,Low
8774,0.3361,Low
15225,0.3361,Low
42553,0.3361,Low
51462,0.336,Low
10408,0.336,Low
31872,0.336,Low
8920,0.336,Low
7063,0.3359,Low
23480,0.3359,Low
46026,0.3359,Low
3146,0.3359,Low
35692,0.3359,Low
7309,0.3359,Low
5921,0.3359,Low
21114,0.3358,Low
12775,0.3358,Low
13476,0.3358,Low
29895,0.3358,Low
41946,0.3358,Low
7082,0.3357,Low
21325,0.3357,Low
22981,0.3357,Low
15253,0.3357,Low
7263,0.3357,Low
43250,0.3357,Low
50369,0.3357,Low
45100,0.3356,Low
33622,0.3356,Low
51599,0.3356,Low
40933,0.3356,Low
25129,0.3356,Low
39467,0.3356,Low
18386,0.3355,Low
17997,0.3355,Low
8149,0.3355,Low
14148,0.3355,Low
17429,0.3355,Low
42282,0.3355,Low
19700,0.3355,Low
45296,0.3355,Low
49667,0.3354,Low
31349,0.3354,Low
15432,0.3354,Low
26997,0.3354,Low
4086,0.3354,Low
36348,0.3354,Low
49208,0.3353,Low
15023,0.3353,Low
9334,0.3353,Low
40857,0.3353,Low
45080,0.3353,Low
11177,0.3352,Low
25756,0.3352,Low
46424,0.3352,Low
38904,0.3352,Low
15877,0.3352,Low
2540,0.3352,Low
40725,0.3351,Low
7852,0.3351,Low
50408,0.3351,Low
37651,0.3351,Low
37156,0.335,Low
31119,0.335,Low
38473,0.3349,Low
22769,0.3349,Low
33848,0.3349,Low
20742,0.3349,Low
44655,0.3349,Low
274,0.3349,Low
21028,0.3349,Low
49740,0.3348,Low
38726,0.3348,Low
35931,0.3347,Low
15549,0.3347,Low
4392,0.3347,Low
22921,0.3347,Low
45145,0.3347,Low
7770,0.3347,Low
46224,0.3347,Low
29912,0.3347,Low
1088,0.3347,Low
44534,0.3346,Low
24999,0.3346,Low
15207,0.3346,Low
42647,0.3346,Low
6874,0.3345,Low
16466,0.3345,Low
15992,0.3345,Low
49567,0.3345,Low
42605,0.3344,Low
17425,0.3344,Low
31788,0.3344,Low
42730,0.3344,Low
8233,0.3344,Low
29660,0.3344,Low
37149,0.3344,Low
44206,0.3343,Low
28299,0.3343,Low
50938,0.3343,Low
920,0.3343,Low
41587,0.3342,Low
5101,0.3342,Low
7543,0.3342,Low
28070,0.3342,Low
38839,0.3341,Low
51965,0.3341,Low
18812,0.3341,Low
33960,0.3341,Low
20877,0.334,Low
22696,0.334,Low
12780,0.334,Low
19391,0.334,Low
42693,0.3339,Low
24568,0.3339,Low
50623,0.3339,Low
49903,0.3339,Low
37699,0.3339,Low
16082,0.3339,Low
27269,0.3339,Low
40208,0.3339,Low
3629,0.3338,Low
23786,0.3338,Low
4950,0.3338,Low
48937,0.3338,Low
11282,0.3338,Low
16677,0.3338,Low
48718,0.3338,Low
20956,0.3338,Low
48343,0.3338,Low
22829,0.3337,Low
1502,0.3337,Low
45185,0.3337,Low
34567,0.3337,Low
13756,0.3337,Low
29089,0.3337,Low
45162,0.3336,Low
4971,0.3336,Low
9927,0.3336,Low
24205,0.3336,Low
9949,0.3336,Low
21068,0.3336,Low
17353,0.3336,Low
20525,0.3335,Low
28977,0.3335,Low
29872,0.3335,Low
31945,0.3335,Low
15046,0.3335,Low
48091,0.3334,Low
19808,0.3334,Low
25796,0.3334,Low
692,0.3334,Low
49162,0.3334,Low
35614,0.3334,Low
7254,0.3333,Low
4691,0.3333,Low
3222,0.3333,Low
8817,0.3333,Low
49279,0.3333,Low
16954,0.3332,Low
49553,0.3332,Low
5254,0.3332,Low
32333,0.3331,Low
35582,0.3331,Low
15568,0.3331,Low
27783,0.3331,Low
25194,0.3331,Low
7769,0.3331,Low
25715,0.333,Low
23789,0.333,Low
50293,0.333,Low
43206,0.3329,Low
8120,0.3329,Low
5848,0.3329,Low
677,0.3328,Low
51482,0.3328,Low
9274,0.3328,Low
7978,0.3328,Low
9226,0.3328,Low
34265,0.3327,Low
41608,0.3327,Low
9381,0.3327,Low
13001,0.3326,Low
46767,0.3326,Low
13961,0.3326,Low
33178,0.3326,Low
21080,0.3326,Low
36038,0.3326,Low
4025,0.3326,Low
39290,0.3325,Low
36158,0.3325,Low
19694,0.3325,Low
21269,0.3324,Low
46718,0.3324,Low
42377,0.3324,Low
51053,0.3324,Low
46358,0.3323,Low
43024,0.3323,Low
1724,0.3323,Low
25720,0.3323,Low
17112,0.3323,Low
46832,0.3323,Low
49844,0.3323,Low
36893,0.3322,Low
43135,0.3322,Low
1851,0.3322,Low
4743,0.3322,Low
13123,0.3322,Low
41760,0.3321,Low
3337,0.3321,Low
2805,0.3321,Low
12494,0.3321,Low
43109,0.3321,Low
45918,0.3321,Low
39030,0.3321,Low
20283,0.3321,Low
5813,0.332,Low
25585,0.332,Low
48925,0.332,Low
36735,0.3319,Low
21935,0.3319,Low
48201,0.3319,Low
43421,0.3319,Low
6913,0.3319,Low
30735,0.3319,Low
28420,0.3318,Low
14483,0.3318,Low
13872,0.3318,Low
27218,0.3318,Low
44470,0.3317,Low
26274,0.3317,Low
6887,0.3317,Low
42457,0.3317,Low
15352,0.3317,Low
43503,0.3316,Low
24807,0.3316,Low
24663,0.3316,Low
34587,0.3316,Low
46755,0.3316,Low
35017,0.3316,Low
8030,0.3315,Low
448,0.3315,Low
4448,0.3315,Low
46978,0.3315,Low
28085,0.3315,Low
46293,0.3315,Low
46809,0.3315,Low
23081,0.3314,Low
2964,0.3314,Low
7011,0.3314,Low
15184,0.3313,Low
5693,0.3313,Low
10028,0.3313,Low
47280,0.3313,Low
21202,0.3313,Low
37546,0.3312,Low
42323,0.3312,Low
27317,0.3312,Low
24335,0.3312,Low
30684,0.3312,Low
50398,0.3311,Low
49700,0.3311,Low
39935,0.3311,Low
39952,0.3311,Low
26253,0.3311,Low
47531,0.331,Low
44164,0.331,Low
19535,0.331,Low
45614,0.331,Low
47210,0.331,Low
31285,0.331,Low
46961,0.331,Low
50247,0.331,Low
24879,0.3309,Low
9844,0.3309,Low
6237,0.3308,Low
15930,0.3308,Low
39698,0.3308,Low
41278,0.3308,Low
6572,0.3308,Low
2759,0.3307,Low
45645,0.3307,Low
27742,0.3307,Low
24523,0.3307,Low
8650,0.3307,Low
41476,0.3307,Low
33024,0.3307,Low
837,0.3306,Low
27847,0.3306,Low
48080,0.3306,Low
1233,0.3306,Low
5729,0.3306,Low
18088,0.3306,Low
50846,0.3305,Low
39680,0.3305,Low
30928,0.3305,Low
38427,0.3305,Low
51481,0.3305,Low
51125,0.3305,Low
41636,0.3304,Low
21162,0.3304,Low
45610,0.3304,Low
42781,0.3304,Low
3347,0.3304,Low
24926,0.3304,Low
50338,0.3303,Low
46662,0.3303,Low
44873,0.3303,Low
37584,0.3303,Low
17313,0.3303,Low
20190,0.3303,Low
14313,0.3303,Low
21649,0.3302,Low
3304,0.3302,Low
42174,0.3301,Low
39319,0.3301,Low
15829,0.33,Low
24207,0.33,Low
50093,0.33,Low
41412,0.33,Low
39869,0.3299,Low
31821,0.3299,Low
25570,0.3299,Low
28966,0.3299,Low
3274,0.3298,Low
25711,0.3298,Low
49801,0.3297,Low
29360,0.3297,Low
9524,0.3297,Low
13564,0.3297,Low
3662,0.3297,Low
15210,0.3297,Low
21559,0.3297,Low
36054,0.3297,Low
5536,0.3297,Low
19108,0.3296,Low
4062,0.3296,Low
48366,0.3296,Low
29338,0.3295,Low
29220,0.3295,Low
126,0.3295,Low
16681,0.3295,Low
36591,0.3295,Low
30806,0.3294,Low
12566,0.3294,Low
12717,0.3294,Low
19536,0.3294,Low
40977,0.3294,Low
27079,0.3293,Low
8363,0.3293,Low
39888,0.3293,Low
41044,0.3293,Low
13942,0.3292,Low
32146,0.3292,Low
26620,0.3292,Low
10319,0.3292,Low
43598,0.3292,Low
3166,0.3291,Low
8409,0.3291,Low
21402,0.3291,Low
46695,0.3291,Low
16276,0.3291,Low
16737,0.3291,Low
31049,0.3291,Low
38695,0.3291,Low
31808,0.3291,Low
291,0.329,Low
5811,0.329,Low
13984,0.3289,Low
21965,0.3289,Low
647,0.3289,Low
30370,0.3288,Low
22844,0.3287,Low
41467,0.3287,Low
45827,0.3287,Low
32272,0.3287,Low
40127,0.3287,Low
46339,0.3287,Low
42970,0.3286,Low
51414,0.3286,Low
37386,0.3286,Low
24575,0.3286,Low
25558,0.3286,Low
41247,0.3286,Low
4439,0.3285,Low
30290,0.3285,Low
19068,0.3285,Low
7395,0.3285,Low
44525,0.3284,Low
3256,0.3284,Low
11405,0.3284,Low
36242,0.3284,Low
12162,0.3284,Low
38457,0.3284,Low
8195,0.3283,Low
48461,0.3283,Low
31053,0.3283,Low
46423,0.3283,Low
24665,0.3282,Low
37413,0.3282,Low
22245,0.3282,Low
16872,0.3282,Low
12862,0.3282,Low
43615,0.3281,Low
2260,0.3281,Low
17063,0.3281,Low
4332,0.3281,Low
15629,0.3281,Low
7323,0.328,Low
44893,0.328,Low
40253,0.328,Low
5989,0.328,Low
8436,0.328,Low
41820,0.328,Low
26965,0.328,Low
7337,0.328,Low
7259,0.328,Low
16531,0.328,Low
22461,0.3279,Low
21836,0.3279,Low
30614,0.3279,Low
26213,0.3279,Low
8917,0.3279,Low
7111,0.3278,Low
37640,0.3278,Low
22957,0.3277,Low
7472,0.3277,Low
48790,0.3277,Low
34582,0.3277,Low
18266,0.3277,Low
13893,0.3276,Low
49896,0.3276,Low
13004,0.3276,Low
3388,0.3276,Low
19893,0.3275,Low
30020,0.3275,Low
2329,0.3275,Low
47654,0.3275,Low
48556,0.3275,Low
32921,0.3274,Low
24537,0.3274,Low
20353,0.3274,Low
38232,0.3274,Low
24202,0.3274,Low
31003,0.3274,Low
18633,0.3274,Low
30924,0.3273,Low
19176,0.3273,Low
19032,0.3273,Low
26687,0.3273,Low
4987,0.3272,Low
1522,0.3272,Low
35467,0.3272,Low
4217,0.3272,Low
1317,0.3272,Low
3148,0.3271,Low
30851,0.3271,Low
8844,0.3271,Low
9435,0.3271,Low
44079,0.3271,Low
2188,0.3271,Low
22586,0.3271,Low
14825,0.3271,Low
49273,0.3271,Low
1074,0.3271,Low
39777,0.327,Low
49634,0.327,Low
51179,0.327,Low
22778,0.3269,Low
22645,0.3269,Low
17749,0.3269,Low
31244,0.3269,Low
34267,0.3269,Low
33439,0.3269,Low
28929,0.3269,Low
33299,0.3269,Low
23563,0.3268,Low
38703,0.3268,Low
16875,0.3268,Low
10621,0.3268,Low
15227,0.3268,Low
19850,0.3267,Low
20198,0.3267,Low
203,0.3267,Low
6264,0.3267,Low
26693,0.3267,Low
41951,0.3267,Low
36836,0.3267,Low
10478,0.3267,Low
10217,0.3267,Low
12320,0.3267,Low
32988,0.3266,Low
20260,0.3266,Low
41140,0.3266,Low
9057,0.3266,Low
35361,0.3265,Low
29832,0.3265,Low
246,0.3265,Low
8729,0.3265,Low
48625,0.3265,Low
41465,0.3265,Low
15652,0.3264,Low
15840,0.3264,Low
27842,0.3264,Low
22309,0.3264,Low
30382,0.3264,Low
2445,0.3263,Low
33017,0.3263,Low
23024,0.3263,Low
21021,0.3263,Low
9825,0.3262,Low
43032,0.3262,Low
28757,0.3262,Low
3808,0.3262,Low
37115,0.3262,Low
40200,0.3262,Low
44215,0.3262,Low
31476,0.3262,Low
3627,0.3261,Low
44578,0.3261,Low
26407,0.326,Low
30960,0.326,Low
46996,0.326,Low
50507,0.326,Low
19241,0.3259,Low
49624,0.3259,Low
38859,0.3259,Low
51271,0.3259,Low
10479,0.3259,Low
51247,0.3258,Low
48388,0.3258,Low
15721,0.3258,Low
7745,0.3258,Low
22005,0.3258,Low
32974,0.3257,Low
21865,0.3257,Low
19363,0.3257,Low
23391,0.3257,Low
10658,0.3257,Low
48852,0.3257,Low
8747,0.3257,Low
33585,0.3257,Low
18338,0.3257,Low
33062,0.3256,Low
3483,0.3256,Low
46799,0.3256,Low
26296,0.3256,Low
34239,0.3256,Low
47090,0.3256,Low
47343,0.3256,Low
44590,0.3256,Low
18125,0.3256,Low
6450,0.3256,Low
25986,0.3256,Low
857,0.3255,Low
40363,0.3255,Low
6493,0.3255,Low
11548,0.3255,Low
10526,0.3255,Low
25333,0.3255,Low
17747,0.3255,Low
32826,0.3255,Low
48474,0.3254,Low
28535,0.3254,Low
25232,0.3254,Low
33260,0.3254,Low
43,0.3254,Low
16735,0.3254,Low
38683,0.3253,Low
24626,0.3253,Low
11537,0.3251,Low
51948,0.3251,Low
6282,0.3251,Low
10168,0.3251,Low
32582,0.3251,Low
35498,0.325,Low
12246,0.325,Low
26882,0.3249,Low
4530,0.3249,Low
24364,0.3249,Low
44704,0.3249,Low
35916,0.3249,Low
36170,0.3249,Low
3200,0.3248,Low
39402,0.3247,Low
48849,0.3247,Low
20838,0.3247,Low
37010,0.3247,Low
11555,0.3247,Low
31574,0.3247,Low
2286,0.3247,Low
39386,0.3246,Low
430,0.3246,Low
37629,0.3246,Low
49728,0.3246,Low
1114,0.3245,Low
51507,0.3245,Low
8740,0.3245,Low
7169,0.3245,Low
14051,0.3245,Low
46248,0.3245,Low
12235,0.3244,Low
5951,0.3243,Low
12,0.3243,Low
32213,0.3243,Low
47558,0.3243,Low
45897,0.3243,Low
50201,0.3243,Low
7153,0.3243,Low
2678,0.3243,Low
1799,0.3242,Low
4656,0.3242,Low
41864,0.3242,Low
34391,0.3242,Low
3568,0.3242,Low
31077,0.3242,Low
38835,0.3241,Low
46123,0.3241,Low
48987,0.3241,Low
28449,0.3241,Low
42650,0.3241,Low
45330,0.3241,Low
3525,0.3241,Low
36100,0.324,Low
30666,0.324,Low
44420,0.324,Low
20726,0.324,Low
8153,0.324,Low
47938,0.324,Low
4667,0.3239,Low
31310,0.3239,Low
37508,0.3239,Low
23953,0.3239,Low
42070,0.3239,Low
16807,0.3239,Low
35448,0.3238,Low
49502,0.3238,Low
20184,0.3238,Low
42372,0.3238,Low
44601,0.3238,Low
12534,0.3238,Low
17346,0.3237,Low
3752,0.3237,Low
487,0.3237,Low
33779,0.3237,Low
51792,0.3237,Low
28955,0.3237,Low
42228,0.3237,Low
5668,0.3237,Low
23172,0.3236,Low
48263,0.3236,Low
7729,0.3236,Low
8209,0.3236,Low
45102,0.3235,Low
38142,0.3235,Low
10426,0.3235,Low
19186,0.3234,Low
23278,0.3234,Low
22553,0.3234,Low
23840,0.3234,Low
30789,0.3233,Low
7718,0.3233,Low
48795,0.3233,Low
14438,0.3233,Low
16333,0.3233,Low
41805,0.3232,Low
8490,0.3232,Low
44549,0.3232,Low
16678,0.3232,Low
30711,0.3232,Low
13654,0.3231,Low
32596,0.3231,Low
35293,0.323,Low
1928,0.323,Low
24379,0.323,Low
20645,0.323,Low
40503,0.3229,Low
46288,0.3229,Low
50893,0.3229,Low
31030,0.3229,Low
50502,0.3228,Low
33986,0.3228,Low
22780,0.3228,Low
36831,0.3228,Low
26214,0.3228,Low
47470,0.3228,Low
20591,0.3228,Low
782,0.3227,Low
49852,0.3227,Low
36662,0.3227,Low
29068,0.3227,Low
30085,0.3227,Low
44455,0.3227,Low
39521,0.3227,Low
5323,0.3226,Low
13585,0.3226,Low
27498,0.3226,Low
39453,0.3226,Low
50194,0.3226,Low
7399,0.3226,Low
37411,0.3226,Low
10266,0.3225,Low
15301,0.3225,Low
51930,0.3225,Low
2626,0.3225,Low
41221,0.3224,Low
36630,0.3224,Low
47056,0.3223,Low
26753,0.3223,Low
22789,0.3223,Low
44189,0.3223,Low
22132,0.3222,Low
42662,0.3222,Low
51324,0.3222,Low
15363,0.3222,Low
1832,0.3222,Low
30365,0.3222,Low
33334,0.3222,Low
21389,0.3221,Low
37279,0.3221,Low
37950,0.3221,Low
27092,0.3221,Low
25188,0.322,Low
35168,0.322,Low
29610,0.322,Low
6785,0.322,Low
42714,0.3219,Low
41859,0.3219,Low
21332,0.3219,Low
48123,0.3218,Low
15621,0.3218,Low
22392,0.3218,Low
9288,0.3217,Low
42352,0.3217,Low
50179,0.3217,Low
21253,0.3217,Low
24276,0.3217,Low
34740,0.3217,Low
46634,0.3217,Low
28191,0.3217,Low
31898,0.3217,Low
4258,0.3216,Low
12334,0.3216,Low
23636,0.3216,Low
51964,0.3216,Low
1150,0.3216,Low
11105,0.3216,Low
3226,0.3216,Low
45324,0.3215,Low
49761,0.3215,Low
39665,0.3215,Low
14730,0.3215,Low
14225,0.3215,Low
51696,0.3214,Low
23023,0.3214,Low
42359,0.3214,Low
33451,0.3214,Low
44467,0.3214,Low
15362,0.3213,Low
48667,0.3213,Low
19862,0.3213,Low
32460,0.3213,Low
15226,0.3213,Low
3532,0.3212,Low
11034,0.3212,Low
21688,0.3212,Low
43993,0.3212,Low
16582,0.3212,Low
30574,0.3212,Low
9607,0.3211,Low
23858,0.3211,Low
43128,0.3211,Low
30394,0.3211,Low
43195,0.3211,Low
51722,0.321,Low
6575,0.321,Low
29644,0.321,Low
42032,0.321,Low
30051,0.321,Low
1195,0.321,Low
2090,0.321,Low
8237,0.3209,Low
26521,0.3209,Low
23411,0.3209,Low
16517,0.3209,Low
36676,0.3209,Low
13868,0.3209,Low
18030,0.3208,Low
40016,0.3208,Low
11490,0.3208,Low
18051,0.3208,Low
23966,0.3208,Low
49485,0.3208,Low
7363,0.3207,Low
13459,0.3207,Low
29523,0.3207,Low
17679,0.3207,Low
42796,0.3206,Low
5777,0.3206,Low
29059,0.3206,Low
40388,0.3206,Low
26424,0.3206,Low
46972,0.3205,Low
37484,0.3205,Low
29336,0.3204,Low
17146,0.3204,Low
19160,0.3204,Low
37617,0.3204,Low
7669,0.3204,Low
39793,0.3204,Low
32091,0.3204,Low
45618,0.3203,Low
34295,0.3203,Low
965,0.3203,Low
37085,0.3203,Low
30093,0.3203,Low
51257,0.3203,Low
16335,0.3203,Low
3730,0.3202,Low
7222,0.3202,Low
16970,0.3202,Low
42912,0.3202,Low
17087,0.3202,Low
37862,0.3202,Low
2303,0.3202,Low
18151,0.3202,Low
1287,0.3201,Low
18656,0.3201,Low
25807,0.3201,Low
49941,0.3201,Low
38958,0.3201,Low
19769,0.3201,Low
5716,0.32,Low
7789,0.32,Low
5977,0.32,Low
31674,0.3199,Low
40645,0.3199,Low
40962,0.3198,Low
10110,0.3198,Low
18332,0.3198,Low
49293,0.3198,Low
44188,0.3198,Low
26870,0.3198,Low
47805,0.3198,Low
42981,0.3198,Low
34093,0.3198,Low
32571,0.3197,Low
27397,0.3197,Low
31685,0.3197,Low
7847,0.3197,Low
13436,0.3197,Low
45095,0.3197,Low
42508,0.3196,Low
38786,0.3196,Low
27045,0.3196,Low
8176,0.3196,Low
2391,0.3196,Low
49513,0.3196,Low
6715,0.3196,Low
23310,0.3196,Low
21877,0.3196,Low
12934,0.3196,Low
30277,0.3195,Low
41410,0.3195,Low
31342,0.3195,Low
13900,0.3195,Low
13598,0.3195,Low
6117,0.3194,Low
47010,0.3194,Low
13496,0.3193,Low
5567,0.3193,Low
11206,0.3193,Low
48541,0.3192,Low
24704,0.3192,Low
16141,0.3192,Low
6757,0.3192,Low
35080,0.3192,Low
1718,0.3191,Low
44819,0.3191,Low
2472,0.3191,Low
20536,0.3191,Low
5957,0.3191,Low
16923,0.3191,Low
11484,0.319,Low
45989,0.319,Low
15967,0.319,Low
6466,0.3189,Low
4113,0.3189,Low
35761,0.3188,Low
17985,0.3188,Low
4655,0.3188,Low
24236,0.3188,Low
16444,0.3187,Low
45227,0.3187,Low
37354,0.3187,Low
11598,0.3187,Low
35175,0.3187,Low
39128,0.3186,Low
33943,0.3186,Low
45468,0.3186,Low
30423,0.3186,Low
42734,0.3186,Low
39848,0.3186,Low
22702,0.3185,Low
40705,0.3185,Low
33206,0.3185,Low
42335,0.3184,Low
47502,0.3184,Low
1037,0.3184,Low
32688,0.3184,Low
51242,0.3183,Low
51384,0.3183,Low
25829,0.3182,Low
31413,0.3182,Low
45770,0.3182,Low
25084,0.3181,Low
49758,0.3181,Low
15561,0.3181,Low
20932,0.318,Low
42142,0.318,Low
5116,0.318,Low
48786,0.318,Low
37610,0.318,Low
12841,0.3179,Low
31391,0.3179,Low
2150,0.3179,Low
27482,0.3179,Low
29263,0.3178,Low
21579,0.3178,Low
1455,0.3178,Low
31103,0.3178,Low
35635,0.3178,Low
3731,0.3178,Low
17629,0.3177,Low
26344,0.3177,Low
26242,0.3177,Low
676,0.3177,Low
28244,0.3177,Low
18523,0.3177,Low
27689,0.3177,Low
49406,0.3176,Low
48421,0.3175,Low
17617,0.3175,Low
2679,0.3175,Low
45225,0.3175,Low
17336,0.3175,Low
6825,0.3175,Low
33014,0.3174,Low
18696,0.3174,Low
48270,0.3174,Low
13308,0.3174,Low
30421,0.3173,Low
44417,0.3173,Low
31607,0.3173,Low
12973,0.3173,Low
23326,0.3172,Low
13228,0.3172,Low
8109,0.3172,Low
2514,0.3171,Low
13830,0.3171,Low
13978,0.317,Low
28680,0.317,Low
40721,0.317,Low
2005,0.317,Low
35835,0.3169,Low
19295,0.3169,Low
49389,0.3169,Low
32261,0.3169,Low
29557,0.3168,Low
28441,0.3168,Low
41655,0.3168,Low
8741,0.3167,Low
6274,0.3167,Low
45332,0.3167,Low
20426,0.3167,Low
46701,0.3167,Low
33325,0.3167,Low
22430,0.3167,Low
33324,0.3167,Low
13502,0.3166,Low
23975,0.3166,Low
15949,0.3166,Low
37394,0.3166,Low
15028,0.3166,Low
49698,0.3165,Low
49970,0.3165,Low
2883,0.3165,Low
8919,0.3165,Low
9539,0.3165,Low
47630,0.3164,Low
12569,0.3164,Low
2019,0.3164,Low
49328,0.3164,Low
19974,0.3164,Low
18260,0.3164,Low
42499,0.3164,Low
43056,0.3163,Low
11910,0.3163,Low
29023,0.3163,Low
37199,0.3162,Low
29690,0.3162,Low
24744,0.3162,Low
33455,0.3162,Low
2812,0.3162,Low
13870,0.3162,Low
2016,0.3161,Low
43911,0.3161,Low
27813,0.3161,Low
4669,0.3161,Low
46173,0.3161,Low
22417,0.3161,Low
49755,0.3161,Low
24578,0.316,Low
50978,0.316,Low
2304,0.316,Low
16617,0.3159,Low
27338,0.3159,Low
35938,0.3159,Low
22203,0.3159,Low
25633,0.3159,Low
34820,0.3159,Low
27332,0.3159,Low
27678,0.3158,Low
37421,0.3158,Low
14513,0.3158,Low
5882,0.3158,Low
40663,0.3158,Low
32613,0.3158,Low
868,0.3158,Low
35570,0.3158,Low
33909,0.3158,Low
41416,0.3158,Low
34862,0.3157,Low
7480,0.3157,Low
15963,0.3157,Low
34981,0.3156,Low
27708,0.3156,Low
48882,0.3156,Low
48684,0.3156,Low
43969,0.3155,Low
7239,0.3155,Low
34291,0.3155,Low
44903,0.3155,Low
18096,0.3154,Low
29087,0.3154,Low
36304,0.3153,Low
36997,0.3153,Low
10392,0.3152,Low
1286,0.3152,Low
15147,0.3152,Low
17312,0.3152,Low
49289,0.3152,Low
24972,0.3152,Low
117,0.3152,Low
12456,0.3151,Low
23884,0.3151,Low
31854,0.3151,Low
9200,0.3151,Low
32346,0.3151,Low
25182,0.3151,Low
820,0.315,Low
11504,0.315,Low
18534,0.3149,Low
25868,0.3149,Low
32748,0.3149,Low
41887,0.3149,Low
22409,0.3149,Low
10346,0.3149,Low
40108,0.3148,Low
364,0.3148,Low
7102,0.3148,Low
36989,0.3148,Low
22211,0.3148,Low
15051,0.3147,Low
9954,0.3147,Low
7387,0.3147,Low
51644,0.3147,Low
33732,0.3147,Low
275,0.3147,Low
26860,0.3147,Low
21762,0.3146,Low
10407,0.3146,Low
40351,0.3146,Low
38994,0.3146,Low
47095,0.3146,Low
2462,0.3146,Low
9688,0.3146,Low
14470,0.3145,Low
34913,0.3145,Low
31033,0.3145,Low
32913,0.3145,Low
49388,0.3145,Low
3283,0.3144,Low
13286,0.3143,Low
50669,0.3143,Low
5995,0.3143,Low
30548,0.3143,Low
8037,0.3143,Low
27040,0.3143,Low
6621,0.3143,Low
42788,0.3143,Low
29999,0.3142,Low
24742,0.3142,Low
33510,0.3142,Low
8838,0.3142,Low
11809,0.3142,Low
4270,0.3142,Low
2924,0.3142,Low
14023,0.3141,Low
1540,0.3141,Low
6240,0.3141,Low
23638,0.314,Low
5544,0.314,Low
21701,0.314,Low
10913,0.314,Low
44257,0.314,Low
160,0.3139,Low
38152,0.3139,Low
30148,0.3139,Low
47252,0.3138,Low
47847,0.3138,Low
17810,0.3138,Low
3225,0.3137,Low
37649,0.3137,Low
41100,0.3136,Low
28681,0.3136,Low
14535,0.3136,Low
31148,0.3136,Low
35454,0.3136,Low
43880,0.3135,Low
18693,0.3135,Low
20343,0.3135,Low
44932,0.3135,Low
20539,0.3134,Low
32420,0.3134,Low
2300,0.3134,Low
6095,0.3134,Low
35461,0.3134,Low
50034,0.3134,Low
11022,0.3134,Low
17972,0.3133,Low
10852,0.3132,Low
40364,0.3132,Low
9913,0.3132,Low
7706,0.3132,Low
11363,0.3131,Low
8969,0.3131,Low
48769,0.313,Low
48074,0.313,Low
31291,0.313,Low
15197,0.313,Low
47878,0.313,Low
42909,0.313,Low
3358,0.313,Low
41156,0.3128,Low
9935,0.3128,Low
46965,0.3128,Low
32259,0.3128,Low
9908,0.3128,Low
22868,0.3128,Low
23022,0.3128,Low
31428,0.3128,Low
8735,0.3128,Low
27051,0.3128,Low
25736,0.3127,Low
25507,0.3127,Low
39455,0.3126,Low
46138,0.3126,Low
29565,0.3126,Low
6916,0.3126,Low
44504,0.3126,Low
36200,0.3126,Low
16306,0.3126,Low
33109,0.3126,Low
44486,0.3125,Low
32788,0.3125,Low
49221,0.3125,Low
44523,0.3125,Low
49003,0.3125,Low
26725,0.3125,Low
29936,0.3125,Low
45581,0.3124,Low
45569,0.3124,Low
47078,0.3124,Low
14436,0.3124,Low
44329,0.3124,Low
32332,0.3123,Low
26276,0.3122,Low
50993,0.3122,Low
11678,0.3122,Low
16826,0.3122,Low
41265,0.3122,Low
37685,0.3122,Low
45654,0.3122,Low
4311,0.3122,Low
21445,0.3121,Low
28974,0.3121,Low
27243,0.312,Low
2923,0.312,Low
10861,0.3119,Low
22367,0.3119,Low
40107,0.3119,Low
11525,0.3119,Low
40632,0.3119,Low
19735,0.3118,Low
19612,0.3118,Low
35332,0.3118,Low
13020,0.3118,Low
20624,0.3118,Low
40485,0.3118,Low
43219,0.3118,Low
45847,0.3117,Low
9124,0.3117,Low
18721,0.3117,Low
46471,0.3115,Low
51648,0.3115,Low
9069,0.3115,Low
50074,0.3115,Low
14337,0.3115,Low
34233,0.3115,Low
6823,0.3115,Low
3402,0.3114,Low
8767,0.3114,Low
49094,0.3114,Low
8336,0.3114,Low
42369,0.3114,Low
2414,0.3113,Low
50596,0.3113,Low
9841,0.3112,Low
21510,0.3112,Low
50312,0.3112,Low
20797,0.3112,Low
1532,0.3111,Low
4635,0.3111,Low
32302,0.3111,Low
21153,0.3111,Low
29418,0.3111,Low
19009,0.3111,Low
41119,0.3111,Low
29324,0.311,Low
11267,0.311,Low
1326,0.311,Low
50746,0.311,Low
12481,0.311,Low
50659,0.311,Low
2071,0.311,Low
11157,0.311,Low
49150,0.311,Low
12249,0.3108,Low
30142,0.3108,Low
3797,0.3108,Low
37947,0.3108,Low
20346,0.3108,Low
47616,0.3108,Low
11571,0.3108,Low
34537,0.3107,Low
25216,0.3107,Low
45460,0.3107,Low
10298,0.3107,Low
28665,0.3106,Low
47440,0.3106,Low
12485,0.3106,Low
29386,0.3106,Low
18752,0.3106,Low
43186,0.3106,Low
18142,0.3106,Low
17185,0.3105,Low
43652,0.3105,Low
40488,0.3105,Low
23513,0.3105,Low
3177,0.3105,Low
39958,0.3105,Low
34517,0.3104,Low
36120,0.3104,Low
52000,0.3104,Low
32033,0.3103,Low
5135,0.3103,Low
39915,0.3103,Low
32255,0.3103,Low
29634,0.3103,Low
19300,0.3103,Low
50006,0.3103,Low
5523,0.3102,Low
11432,0.3102,Low
10899,0.3102,Low
12107,0.3101,Low
16311,0.3101,Low
50057,0.3101,Low
43988,0.3101,Low
26479,0.3101,Low
49081,0.31,Low
5194,0.31,Low
36806,0.31,Low
6335,0.3099,Low
48865,0.3099,Low
10760,0.3099,Low
14490,0.3099,Low
24511,0.3098,Low
33881,0.3098,Low
51461,0.3097,Low
35764,0.3097,Low
15209,0.3096,Low
19804,0.3096,Low
47818,0.3096,Low
31652,0.3096,Low
39625,0.3096,Low
24658,0.3095,Low
39347,0.3095,Low
16362,0.3094,Low
18832,0.3094,Low
9174,0.3094,Low
4812,0.3093,Low
28903,0.3093,Low
20506,0.3093,Low
27241,0.3093,Low
13819,0.3093,Low
23535,0.3093,Low
2698,0.3093,Low
23410,0.3092,Low
38246,0.3092,Low
32941,0.3092,Low
30983,0.3092,Low
37569,0.3092,Low
24437,0.3092,Low
21471,0.3091,Low
30994,0.3091,Low
38865,0.3091,Low
38586,0.3091,Low
5732,0.3091,Low
29563,0.309,Low
32454,0.309,Low
9079,0.309,Low
28688,0.309,Low
47345,0.3089,Low
30513,0.3089,Low
11245,0.3089,Low
21638,0.3089,Low
10055,0.3088,Low
3434,0.3088,Low
15955,0.3088,Low
14844,0.3088,Low
18348,0.3088,Low
26143,0.3088,Low
21700,0.3087,Low
10029,0.3087,Low
29254,0.3087,Low
3926,0.3086,Low
28223,0.3086,Low
27042,0.3086,Low
49196,0.3085,Low
29358,0.3085,Low
26300,0.3084,Low
47670,0.3084,Low
4460,0.3084,Low
48886,0.3083,Low
23351,0.3083,Low
2804,0.3083,Low
16739,0.3082,Low
6008,0.3082,Low
13828,0.3082,Low
21061,0.3082,Low
47369,0.3081,Low
31634,0.3081,Low
13651,0.3081,Low
2182,0.3081,Low
6940,0.3081,Low
14596,0.3081,Low
689,0.3081,Low
26527,0.3081,Low
39450,0.3081,Low
15465,0.308,Low
37594,0.308,Low
27667,0.308,Low
19145,0.308,Low
23377,0.308,Low
22678,0.3079,Low
2164,0.3079,Low
50089,0.3079,Low
2278,0.3079,Low
22803,0.3078,Low
15756,0.3078,Low
10770,0.3078,Low
14742,0.3078,Low
22013,0.3078,Low
14379,0.3078,Low
27001,0.3078,Low
17515,0.3078,Low
28651,0.3077,Low
40039,0.3077,Low
39839,0.3077,Low
40349,0.3077,Low
23691,0.3077,Low
6648,0.3077,Low
17333,0.3077,Low
5530,0.3076,Low
39221,0.3076,Low
46672,0.3076,Low
36048,0.3076,Low
46651,0.3076,Low
43346,0.3076,Low
51058,0.3076,Low
41557,0.3076,Low
41315,0.3075,Low
48494,0.3075,Low
15116,0.3075,Low
26524,0.3075,Low
18322,0.3075,Low
27990,0.3075,Low
37356,0.3074,Low
45824,0.3074,Low
17018,0.3074,Low
1897,0.3074,Low
7154,0.3073,Low
34608,0.3073,Low
34104,0.3072,Low
19845,0.3071,Low
16,0.3071,Low
23544,0.3071,Low
36782,0.3071,Low
25030,0.3071,Low
42188,0.3071,Low
43921,0.3071,Low
16498,0.3071,Low
26926,0.3071,Low
27850,0.307,Low
12969,0.307,Low
29158,0.3069,Low
15086,0.3069,Low
18008,0.3069,Low
41751,0.3069,Low
16489,0.3069,Low
22807,0.3068,Low
18253,0.3068,Low
19640,0.3068,Low
16159,0.3068,Low
48851,0.3068,Low
31648,0.3068,Low
23536,0.3067,Low
32093,0.3067,Low
48696,0.3066,Low
35213,0.3066,Low
33198,0.3066,Low
36557,0.3066,Low
3464,0.3065,Low
10260,0.3065,Low
45859,0.3065,Low
3048,0.3065,Low
3357,0.3065,Low
37295,0.3065,Low
33551,0.3065,Low
6646,0.3064,Low
13272,0.3064,Low
39766,0.3064,Low
1416,0.3064,Low
8227,0.3064,Low
18846,0.3063,Low
20057,0.3062,Low
40755,0.3062,Low
23795,0.3062,Low
44211,0.3062,Low
22714,0.3062,Low
2619,0.3062,Low
1007,0.3062,Low
32631,0.3062,Low
49628,0.3062,Low
39507,0.3062,Low
21968,0.3062,Low
46837,0.3061,Low
33516,0.3061,Low
37319,0.3061,Low
39383,0.3061,Low
17048,0.3061,Low
32597,0.3061,Low
23677,0.3061,Low
37303,0.306,Low
38470,0.306,Low
17547,0.306,Low
10074,0.306,Low
32209,0.306,Low
43936,0.306,Low
6401,0.3059,Low
22457,0.3059,Low
20171,0.3059,Low
44887,0.3058,Low
20224,0.3058,Low
48961,0.3058,Low
40080,0.3058,Low
23381,0.3057,Low
20250,0.3057,Low
25928,0.3057,Low
10928,0.3056,Low
25668,0.3056,Low
26877,0.3056,Low
48422,0.3056,Low
16305,0.3056,Low
18059,0.3055,Low
23297,0.3055,Low
32300,0.3055,Low
5035,0.3055,Low
32864,0.3055,Low
49607,0.3055,Low
45679,0.3054,Low
19869,0.3054,Low
31862,0.3054,Low
33368,0.3053,Low
34095,0.3053,Low
28566,0.3053,Low
34137,0.3053,Low
40815,0.3053,Low
8744,0.3053,Low
44407,0.3053,Low
18461,0.3053,Low
31416,0.3052,Low
34048,0.3051,Low
13915,0.3051,Low
50770,0.3051,Low
1410,0.3051,Low
7665,0.305,Low
5008,0.3049,Low
30279,0.3049,Low
15135,0.3049,Low
9816,0.3048,Low
51510,0.3048,Low
18945,0.3048,Low
51971,0.3048,Low
50453,0.3048,Low
7446,0.3048,Low
13603,0.3047,Low
26945,0.3047,Low
31603,0.3046,Low
46737,0.3046,Low
25775,0.3045,Low
16327,0.3045,Low
6327,0.3045,Low
6021,0.3044,Low
43916,0.3044,Low
45275,0.3044,Low
4581,0.3044,Low
14606,0.3044,Low
36247,0.3044,Low
15886,0.3043,Low
41796,0.3043,Low
9138,0.3043,Low
15608,0.3043,Low
25945,0.3043,Low
43098,0.3042,Low
28667,0.3042,Low
6000,0.3042,Low
37672,0.3042,Low
2639,0.3042,Low
29717,0.3042,Low
34416,0.3041,Low
3329,0.3041,Low
20107,0.304,Low
5222,0.304,Low
31689,0.304,Low
23065,0.304,Low
28346,0.304,Low
25347,0.304,Low
27794,0.3039,Low
27688,0.3039,Low
26042,0.3039,Low
8980,0.3039,Low
1148,0.3038,Low
5677,0.3038,Low
50428,0.3038,Low
3344,0.3037,Low
21867,0.3037,Low
36573,0.3037,Low
38576,0.3037,Low
40193,0.3036,Low
28958,0.3036,Low
45312,0.3036,Low
11083,0.3036,Low
11639,0.3036,Low
6944,0.3036,Low
45858,0.3036,Low
3624,0.3036,Low
37467,0.3036,Low
10681,0.3035,Low
20941,0.3035,Low
948,0.3035,Low
14276,0.3035,Low
19601,0.3034,Low
32965,0.3034,Low
17455,0.3033,Low
8998,0.3033,Low
31184,0.3033,Low
19912,0.3033,Low
39889,0.3033,Low
16845,0.3033,Low
11631,0.3033,Low
26993,0.3032,Low
40822,0.3032,Low
39010,0.3031,Low
20417,0.3031,Low
33750,0.3031,Low
45079,0.3031,Low
50760,0.3031,Low
12612,0.3031,Low
34529,0.3031,Low
30958,0.3031,Low
12478,0.303,Low
28497,0.303,Low
20978,0.303,Low
2463,0.3029,Low
18973,0.3029,Low
39516,0.3029,Low
13897,0.3028,Low
16941,0.3028,Low
24179,0.3028,Low
26072,0.3028,Low
29297,0.3027,Low
20642,0.3027,Low
44643,0.3026,Low
16504,0.3026,Low
50936,0.3026,Low
36951,0.3026,Low
17378,0.3026,Low
32917,0.3026,Low
2485,0.3025,Low
11552,0.3025,Low
866,0.3025,Low
18652,0.3024,Low
9673,0.3024,Low
27061,0.3024,Low
15007,0.3024,Low
4582,0.3024,Low
6060,0.3024,Low
7864,0.3024,Low
27066,0.3023,Low
37908,0.3023,Low
6908,0.3022,Low
17337,0.3022,Low
4241,0.3022,Low
33037,0.3022,Low
45246,0.3021,Low
28342,0.3021,Low
35777,0.3021,Low
4675,0.3021,Low
1380,0.302,Low
43198,0.302,Low
49947,0.302,Low
10585,0.302,Low
19924,0.3019,Low
25508,0.3019,Low
30028,0.3019,Low
41483,0.3019,Low
959,0.3019,Low
19148,0.3019,Low
14942,0.3019,Low
25830,0.3019,Low
9075,0.3018,Low
25642,0.3018,Low
5883,0.3018,Low
40031,0.3017,Low
7419,0.3017,Low
10916,0.3017,Low
22640,0.3017,Low
42494,0.3017,Low
21707,0.3017,Low
30814,0.3017,Low
48732,0.3017,Low
45106,0.3017,Low
41955,0.3017,Low
20431,0.3016,Low
1514,0.3016,Low
8528,0.3016,Low
25468,0.3016,Low
27531,0.3015,Low
47053,0.3015,Low
41705,0.3015,Low
23585,0.3014,Low
22724,0.3014,Low
9359,0.3014,Low
28573,0.3014,Low
32799,0.3014,Low
44917,0.3013,Low
34121,0.3013,Low
15215,0.3013,Low
581,0.3013,Low
28503,0.3013,Low
48496,0.3013,Low
418,0.3013,Low
16222,0.3013,Low
39257,0.3012,Low
22019,0.3012,Low
27877,0.3011,Low
44137,0.301,Low
23928,0.301,Low
22759,0.301,Low
15239,0.301,Low
12153,0.301,Low
12600,0.301,Low
45898,0.301,Low
2128,0.3009,Low
6080,0.3009,Low
45499,0.3008,Low
8376,0.3008,Low
30641,0.3008,Low
1729,0.3008,Low
38101,0.3008,Low
21520,0.3008,Low
25391,0.3008,Low
7346,0.3007,Low
9729,0.3007,Low
19528,0.3007,Low
22129,0.3007,Low
27044,0.3006,Low
3420,0.3006,Low
4417,0.3006,Low
49790,0.3006,Low
32474,0.3006,Low
40751,0.3006,Low
17194,0.3005,Low
10739,0.3005,Low
49360,0.3005,Low
15484,0.3004,Low
1679,0.3004,Low
22518,0.3004,Low
10273,0.3003,Low
30681,0.3003,Low
42415,0.3003,Low
27207,0.3003,Low
24846,0.3003,Low
12950,0.3003,Low
35273,0.3002,Low
42227,0.3002,Low
25887,0.3002,Low
50919,0.3002,Low
9453,0.3002,Low
38350,0.3002,Low
701,0.3002,Low
39633,0.3001,Low
42952,0.3001,Low
22156,0.3001,Low
21120,0.3001,Low
46774,0.3,Low
32762,0.3,Low
38507,0.3,Low
15498,0.3,Low
13354,0.3,Low
2474,0.3,Low
23482,0.3,Low
27008,0.2999,Low
12393,0.2999,Low
4711,0.2999,Low
47639,0.2999,Low
29120,0.2999,Low
15095,0.2999,Low
36623,0.2998,Low
16641,0.2998,Low
30964,0.2998,Low
6473,0.2998,Low
19215,0.2997,Low
46954,0.2997,Low
30676,0.2996,Low
3506,0.2996,Low
51216,0.2996,Low
2126,0.2996,Low
1541,0.2996,Low
8913,0.2995,Low
26650,0.2995,Low
30262,0.2995,Low
4563,0.2995,Low
17927,0.2995,Low
44091,0.2995,Low
26210,0.2995,Low
12799,0.2995,Low
42144,0.2995,Low
10850,0.2994,Low
4193,0.2994,Low
42526,0.2993,Low
47427,0.2993,Low
22884,0.2992,Low
19070,0.2992,Low
6495,0.2992,Low
42125,0.2992,Low
4246,0.2992,Low
51902,0.2992,Low
36142,0.2991,Low
44356,0.2991,Low
1280,0.299,Low
27780,0.299,Low
7851,0.299,Low
50107,0.2989,Low
30518,0.2989,Low
46062,0.2989,Low
35127,0.2989,Low
33156,0.2989,Low
45793,0.2989,Low
43396,0.2989,Low
13212,0.2989,Low
7415,0.2988,Low
31067,0.2988,Low
49862,0.2988,Low
47831,0.2987,Low
27744,0.2987,Low
17254,0.2987,Low
44418,0.2986,Low
4531,0.2986,Low
28161,0.2986,Low
51,0.2986,Low
15453,0.2985,Low
24925,0.2985,Low
26601,0.2984,Low
36835,0.2984,Low
5725,0.2984,Low
16349,0.2983,Low
45297,0.2983,Low
23910,0.2983,Low
36352,0.2983,Low
47554,0.2983,Low
43716,0.2982,Low
39187,0.2982,Low
1707,0.2982,Low
3880,0.2982,Low
39115,0.2982,Low
49759,0.2982,Low
51811,0.2981,Low
6980,0.2981,Low
2635,0.298,Low
22806,0.298,Low
11462,0.298,Low
12954,0.298,Low
24027,0.298,Low
26865,0.298,Low
12693,0.298,Low
13779,0.298,Low
30444,0.2979,Low
44097,0.2979,Low
8859,0.2979,Low
42601,0.2978,Low
26159,0.2978,Low
5277,0.2978,Low
36870,0.2978,Low
47026,0.2977,Low
46329,0.2977,Low
31508,0.2977,Low
18068,0.2977,Low
12339,0.2977,Low
26427,0.2977,Low
8811,0.2976,Low
20578,0.2976,Low
1649,0.2976,Low
36887,0.2976,Low
22897,0.2976,Low
667,0.2976,Low
45453,0.2976,Low
50544,0.2975,Low
24535,0.2975,Low
2285,0.2975,Low
22313,0.2975,Low
7994,0.2974,Low
32004,0.2973,Low
23317,0.2973,Low
42097,0.2973,Low
4370,0.2972,Low
18661,0.2972,Low
45375,0.2972,Low
33982,0.2971,Low
26579,0.2971,Low
21713,0.2971,Low
20675,0.2971,Low
5928,0.2971,Low
12354,0.2971,Low
13670,0.297,Low
2183,0.297,Low
18611,0.297,Low
4130,0.2969,Low
26999,0.2969,Low
49893,0.2969,Low
12585,0.2968,Low
8154,0.2968,Low
47295,0.2968,Low
15794,0.2968,Low
40601,0.2967,Low
2402,0.2967,Low
37749,0.2967,Low
14678,0.2967,Low
42980,0.2967,Low
5835,0.2966,Low
30701,0.2966,Low
20481,0.2966,Low
6159,0.2966,Low
2786,0.2966,Low
30585,0.2966,Low
21516,0.2965,Low
17322,0.2965,Low
50000,0.2965,Low
9430,0.2964,Low
9992,0.2964,Low
200,0.2964,Low
33341,0.2964,Low
37046,0.2964,Low
46544,0.2963,Low
13753,0.2963,Low
4077,0.2963,Low
48827,0.2963,Low
10126,0.2962,Low
25419,0.2962,Low
5672,0.2962,Low
48389,0.2962,Low
206,0.2962,Low
46463,0.2962,Low
44244,0.2961,Low
32271,0.2961,Low
18928,0.296,Low
10180,0.296,Low
8579,0.296,Low
49010,0.2959,Low
30965,0.2959,Low
23571,0.2959,Low
16063,0.2959,Low
16794,0.2959,Low
37229,0.2958,Low
45890,0.2958,Low
19337,0.2958,Low
12865,0.2958,Low
11900,0.2957,Low
4861,0.2957,Low
7834,0.2957,Low
46194,0.2957,Low
33152,0.2956,Low
6173,0.2955,Low
27995,0.2955,Low
50949,0.2955,Low
46081,0.2954,Low
37288,0.2954,Low
28914,0.2954,Low
39728,0.2953,Low
42696,0.2953,Low
24687,0.2953,Low
19750,0.2953,Low
20145,0.2952,Low
23591,0.2952,Low
43878,0.2952,Low
47557,0.2951,Low
37945,0.2951,Low
27151,0.2951,Low
21305,0.2951,Low
46919,0.2951,Low
15680,0.2951,Low
43557,0.295,Low
10948,0.295,Low
9629,0.295,Low
38694,0.2949,Low
9201,0.2949,Low
38685,0.2949,Low
22078,0.2949,Low
48170,0.2949,Low
7498,0.2949,Low
45625,0.2949,Low
20722,0.2949,Low
28567,0.2948,Low
21462,0.2948,Low
47677,0.2948,Low
28884,0.2948,Low
4578,0.2948,Low
50703,0.2948,Low
26825,0.2948,Low
21548,0.2948,Low
32871,0.2948,Low
29394,0.2948,Low
42848,0.2947,Low
6387,0.2947,Low
34054,0.2947,Low
28519,0.2946,Low
4267,0.2946,Low
31266,0.2946,Low
8842,0.2946,Low
21795,0.2945,Low
36464,0.2945,Low
37462,0.2945,Low
32731,0.2945,Low
19088,0.2945,Low
1257,0.2945,Low
31364,0.2944,Low
35087,0.2944,Low
11511,0.2944,Low
15200,0.2943,Low
12837,0.2943,Low
50243,0.2943,Low
36558,0.2943,Low
17725,0.2943,Low
16287,0.2943,Low
17885,0.2942,Low
44279,0.2941,Low
5229,0.2941,Low
26584,0.2941,Low
25034,0.2941,Low
12909,0.2941,Low
43031,0.2941,Low
7078,0.294,Low
44968,0.294,Low
51296,0.294,Low
8386,0.294,Low
25220,0.294,Low
26323,0.294,Low
32856,0.2939,Low
28276,0.2939,Low
32723,0.2938,Low
34982,0.2938,Low
19815,0.2938,Low
3747,0.2938,Low
9228,0.2937,Low
21932,0.2937,Low
17433,0.2937,Low
43345,0.2937,Low
44449,0.2936,Low
33196,0.2936,Low
48619,0.2936,Low
31489,0.2936,Low
25999,0.2935,Low
36438,0.2935,Low
46676,0.2934,Low
33790,0.2934,Low
51506,0.2933,Low
8454,0.2933,Low
18889,0.2933,Low
17155,0.2932,Low
13460,0.2932,Low
28504,0.2931,Low
3883,0.293,Low
23409,0.2929,Low
27720,0.2929,Low
17527,0.2929,Low
27005,0.2929,Low
39492,0.2929,Low
6858,0.2929,Low
45319,0.2928,Low
16959,0.2928,Low
644,0.2927,Low
41614,0.2927,Low
28828,0.2927,Low
26099,0.2927,Low
44940,0.2927,Low
37422,0.2926,Low
7458,0.2926,Low
42219,0.2926,Low
45819,0.2926,Low
28466,0.2926,Low
2296,0.2926,Low
20828,0.2926,Low
3613,0.2926,Low
17812,0.2926,Low
26076,0.2926,Low
19976,0.2926,Low
38262,0.2926,Low
39078,0.2926,Low
8805,0.2926,Low
25234,0.2926,Low
7024,0.2925,Low
3487,0.2925,Low
16961,0.2925,Low
12370,0.2925,Low
48211,0.2925,Low
3432,0.2925,Low
7863,0.2925,Low
35389,0.2924,Low
27436,0.2924,Low
3863,0.2924,Low
35860,0.2924,Low
48727,0.2923,Low
1871,0.2923,Low
33970,0.2923,Low
44653,0.2923,Low
37299,0.2922,Low
11932,0.2922,Low
19177,0.2922,Low
34489,0.2922,Low
3964,0.2921,Low
26268,0.2921,Low
40533,0.2921,Low
45933,0.2921,Low
27500,0.2921,Low
9250,0.2921,Low
20267,0.292,Low
14477,0.292,Low
35856,0.292,Low
23860,0.292,Low
34092,0.292,Low
34557,0.2919,Low
12885,0.2919,Low
4485,0.2919,Low
3954,0.2919,Low
7092,0.2919,Low
45004,0.2919,Low
36128,0.2919,Low
31058,0.2918,Low
26936,0.2918,Low
47619,0.2917,Low
37562,0.2917,Low
30526,0.2917,Low
23613,0.2917,Low
51421,0.2917,Low
44002,0.2917,Low
32001,0.2916,Low
21570,0.2916,Low
22475,0.2916,Low
33562,0.2916,Low
17544,0.2915,Low
5287,0.2915,Low
37077,0.2915,Low
8387,0.2915,Low
1735,0.2915,Low
43407,0.2915,Low
40100,0.2914,Low
39040,0.2913,Low
25783,0.2913,Low
31966,0.2913,Low
15367,0.2912,Low
5670,0.2912,Low
32431,0.2912,Low
32230,0.2912,Low
15768,0.2912,Low
47732,0.2912,Low
25359,0.2912,Low
45620,0.2911,Low
45122,0.2911,Low
16275,0.2911,Low
45093,0.2911,Low
14888,0.291,Low
36982,0.291,Low
18674,0.291,Low
16055,0.291,Low
50014,0.291,Low
34937,0.291,Low
9024,0.2909,Low
2746,0.2909,Low
13768,0.2909,Low
7958,0.2909,Low
39710,0.2909,Low
16519,0.2908,Low
46893,0.2908,Low
28134,0.2908,Low
49863,0.2907,Low
10844,0.2907,Low
33724,0.2907,Low
20325,0.2906,Low
10935,0.2906,Low
35048,0.2906,Low
2145,0.2906,Low
15364,0.2906,Low
37883,0.2905,Low
27521,0.2905,Low
19366,0.2905,Low
36422,0.2905,Low
43070,0.2905,Low
16240,0.2904,Low
38823,0.2904,Low
7141,0.2904,Low
20462,0.2904,Low
223,0.2903,Low
35306,0.2903,Low
20752,0.2903,Low
30731,0.2903,Low
28513,0.2903,Low
41062,0.2903,Low
34710,0.2902,Low
19904,0.2902,Low
13796,0.2902,Low
51569,0.2902,Low
14198,0.2902,Low
6037,0.2902,Low
6839,0.2901,Low
38228,0.2901,Low
35170,0.2901,Low
49910,0.2901,Low
7816,0.29,Low
34963,0.29,Low
4961,0.29,Low
43479,0.29,Low
45155,0.29,Low
27094,0.2899,Low
26237,0.2899,Low
5697,0.2899,Low
24830,0.2899,Low
16252,0.2898,Low
13500,0.2898,Low
18517,0.2898,Low
49032,0.2898,Low
17615,0.2898,Low
47080,0.2898,Low
22118,0.2897,Low
41175,0.2897,Low
10160,0.2897,Low
25581,0.2897,Low
36719,0.2897,Low
51737,0.2896,Low
25516,0.2896,Low
51127,0.2896,Low
32895,0.2896,Low
443,0.2895,Low
4634,0.2895,Low
42891,0.2894,Low
28808,0.2894,Low
37618,0.2894,Low
28897,0.2894,Low
51740,0.2894,Low
22651,0.2893,Low
27616,0.2893,Low
20138,0.2893,Low
9894,0.2892,Low
9220,0.2892,Low
38024,0.2892,Low
9125,0.2891,Low
4048,0.2891,Low
16584,0.2891,Low
2616,0.2891,Low
5114,0.289,Low
50529,0.289,Low
16686,0.289,Low
43267,0.289,Low
1109,0.289,Low
39213,0.2889,Low
16439,0.2889,Low
43885,0.2889,Low
5889,0.2889,Low
18555,0.2889,Low
22891,0.2889,Low
9742,0.2888,Low
17114,0.2888,Low
47281,0.2888,Low
14874,0.2887,Low
47217,0.2887,Low
18757,0.2887,Low
18139,0.2887,Low
48340,0.2887,Low
20605,0.2887,Low
33813,0.2887,Low
12814,0.2887,Low
35315,0.2887,Low
11053,0.2886,Low
32963,0.2886,Low
33285,0.2886,Low
31470,0.2886,Low
1284,0.2885,Low
44132,0.2885,Low
2681,0.2885,Low
25166,0.2885,Low
34100,0.2885,Low
5302,0.2884,Low
46003,0.2884,Low
48291,0.2884,Low
1202,0.2884,Low
26395,0.2884,Low
4662,0.2884,Low
50209,0.2884,Low
1424,0.2884,Low
4084,0.2883,Low
32025,0.2883,Low
28671,0.2883,Low
31400,0.2883,Low
49566,0.2883,Low
33339,0.2882,Low
43467,0.2882,Low
11632,0.2882,Low
5770,0.2881,Low
4335,0.2881,Low
47378,0.2881,Low
9589,0.2881,Low
28314,0.2881,Low
2337,0.2881,Low
1138,0.288,Low
43882,0.288,Low
37632,0.288,Low
26606,0.288,Low
7302,0.288,Low
37507,0.288,Low
38594,0.288,Low
30393,0.2879,Low
26657,0.2879,Low
38063,0.2879,Low
45932,0.2879,Low
28871,0.2878,Low
36335,0.2878,Low
20780,0.2878,Low
2788,0.2877,Low
48040,0.2877,Low
31531,0.2877,Low
36693,0.2877,Low
51366,0.2876,Low
27150,0.2876,Low
51476,0.2876,Low
25513,0.2876,Low
22448,0.2876,Low
23704,0.2876,Low
26815,0.2875,Low
38287,0.2875,Low
41664,0.2875,Low
36319,0.2875,Low
39920,0.2875,Low
37426,0.2874,Low
24865,0.2874,Low
30864,0.2873,Low
18277,0.2872,Low
51402,0.2872,Low
50844,0.2872,Low
38728,0.2872,Low
46231,0.2872,Low
25177,0.2872,Low
24258,0.2871,Low
35301,0.2871,Low
2039,0.2871,Low
50598,0.2871,Low
11784,0.2871,Low
32459,0.2871,Low
33347,0.287,Low
24942,0.287,Low
30929,0.287,Low
45417,0.287,Low
27385,0.2869,Low
7451,0.2869,Low
24312,0.2869,Low
50646,0.2869,Low
12406,0.2868,Low
14440,0.2868,Low
13931,0.2868,Low
5988,0.2868,Low
41155,0.2867,Low
24951,0.2867,Low
43323,0.2867,Low
5195,0.2867,Low
25636,0.2867,Low
8171,0.2867,Low
49171,0.2867,Low
47583,0.2867,Low
42053,0.2867,Low
5592,0.2867,Low
38565,0.2866,Low
42866,0.2866,Low
46855,0.2866,Low
16318,0.2865,Low
16538,0.2865,Low
13215,0.2865,Low
39659,0.2865,Low
22680,0.2865,Low
33688,0.2865,Low
50674,0.2865,Low
43464,0.2865,Low
7535,0.2864,Low
21748,0.2864,Low
15973,0.2864,Low
10415,0.2864,Low
13449,0.2864,Low
18624,0.2864,Low
47503,0.2864,Low
37160,0.2863,Low
8683,0.2863,Low
16728,0.2863,Low
24959,0.2863,Low
33535,0.2863,Low
33079,0.2863,Low
37827,0.2863,Low
1048,0.2863,Low
37828,0.2862,Low
44031,0.2862,Low
33730,0.2862,Low
22836,0.2862,Low
26788,0.2862,Low
46881,0.2862,Low
19724,0.2862,Low
34139,0.2862,Low
24201,0.2861,Low
29722,0.2861,Low
21527,0.2861,Low
49235,0.2861,Low
18202,0.2861,Low
6969,0.2861,Low
40239,0.2861,Low
32610,0.2861,Low
16618,0.2861,Low
31096,0.2861,Low
31991,0.2861,Low
30292,0.286,Low
29011,0.2859,Low
47814,0.2859,Low
48436,0.2859,Low
37379,0.2859,Low
43018,0.2859,Low
36879,0.2859,Low
4181,0.2858,Low
34782,0.2858,Low
45978,0.2858,Low
49445,0.2858,Low
32150,0.2857,Low
48038,0.2857,Low
15711,0.2856,Low
23466,0.2856,Low
19767,0.2856,Low
25008,0.2856,Low
31415,0.2855,Low
39984,0.2855,Low
4659,0.2854,Low
38299,0.2854,Low
51411,0.2854,Low
20567,0.2853,Low
16203,0.2853,Low
22686,0.2853,Low
35177,0.2853,Low
33282,0.2853,Low
7506,0.2852,Low
28320,0.2852,Low
48471,0.2851,Low
49311,0.2851,Low
24966,0.2851,Low
25910,0.2851,Low
32540,0.2851,Low
46001,0.2851,Low
20444,0.2851,Low
45798,0.2851,Low
23667,0.2851,Low
25348,0.2851,Low
15322,0.2851,Low
40828,0.285,Low
2921,0.285,Low
28986,0.285,Low
1238,0.285,Low
21827,0.285,Low
41070,0.2849,Low
11815,0.2849,Low
9113,0.2849,Low
15664,0.2849,Low
738,0.2849,Low
35542,0.2849,Low
38962,0.2848,Low
34290,0.2848,Low
46090,0.2848,Low
9723,0.2848,Low
22086,0.2848,Low
26537,0.2848,Low
37126,0.2848,Low
16385,0.2847,Low
27444,0.2847,Low
6776,0.2847,Low
21504,0.2847,Low
7967,0.2847,Low
3079,0.2847,Low
24450,0.2847,Low
26220,0.2847,Low
37255,0.2846,Low
42112,0.2846,Low
46506,0.2846,Low
8742,0.2846,Low
21924,0.2845,Low
17343,0.2845,Low
8737,0.2845,Low
51016,0.2845,Low
28891,0.2845,Low
40748,0.2845,Low
2784,0.2844,Low
2665,0.2844,Low
27930,0.2844,Low
20123,0.2844,Low
12688,0.2844,Low
24096,0.2844,Low
7725,0.2843,Low
20712,0.2843,Low
36263,0.2843,Low
3211,0.2843,Low
34288,0.2843,Low
28243,0.2843,Low
48681,0.2842,Low
30119,0.2842,Low
47060,0.2842,Low
35479,0.2842,Low
15562,0.2842,Low
15146,0.2842,Low
4833,0.2842,Low
16028,0.2842,Low
42593,0.2841,Low
22636,0.2841,Low
47565,0.2841,Low
24466,0.2841,Low
39818,0.2841,Low
21940,0.284,Low
23661,0.284,Low
23699,0.284,Low
21899,0.284,Low
28771,0.284,Low
9662,0.284,Low
42921,0.284,Low
4039,0.284,Low
48747,0.2839,Low
50170,0.2839,Low
45707,0.2839,Low
9095,0.2839,Low
48543,0.2839,Low
10197,0.2839,Low
33039,0.2838,Low
35351,0.2838,Low
46149,0.2838,Low
14629,0.2838,Low
10035,0.2837,Low
1906,0.2837,Low
45682,0.2836,Low
26161,0.2836,Low
48055,0.2835,Low
22580,0.2835,Low
43313,0.2835,Low
25248,0.2834,Low
26249,0.2834,Low
43171,0.2834,Low
32994,0.2834,Low
22085,0.2833,Low
6778,0.2833,Low
21123,0.2833,Low
15308,0.2833,Low
40013,0.2833,Low
1607,0.2832,Low
14153,0.2832,Low
18472,0.2832,Low
4179,0.2831,Low
33007,0.2831,Low
35940,0.2831,Low
10171,0.2831,Low
21288,0.2831,Low
38617,0.2831,Low
36021,0.283,Low
15445,0.283,Low
37250,0.283,Low
13287,0.2829,Low
12392,0.2829,Low
31635,0.2828,Low
34301,0.2828,Low
18651,0.2827,Low
39743,0.2826,Low
29748,0.2826,Low
46612,0.2826,Low
32264,0.2826,Low
33146,0.2826,Low
26187,0.2825,Low
6787,0.2825,Low
18007,0.2825,Low
26309,0.2825,Low
43928,0.2825,Low
2702,0.2824,Low
29614,0.2824,Low
9537,0.2824,Low
4751,0.2824,Low
6600,0.2824,Low
49026,0.2824,Low
51380,0.2823,Low
26548,0.2823,Low
45791,0.2823,Low
10691,0.2823,Low
12297,0.2822,Low
22066,0.2822,Low
29490,0.2822,Low
5246,0.2822,Low
5834,0.2821,Low
39193,0.2821,Low
33235,0.2821,Low
20894,0.282,Low
49079,0.282,Low
15890,0.282,Low
7719,0.282,Low
15400,0.282,Low
17821,0.2819,Low
37542,0.2819,Low
42026,0.2818,Low
1853,0.2818,Low
3446,0.2818,Low
30111,0.2818,Low
25785,0.2818,Low
19858,0.2817,Low
50378,0.2817,Low
15058,0.2817,Low
22107,0.2817,Low
15854,0.2817,Low
35280,0.2817,Low
43815,0.2816,Low
14465,0.2816,Low
9501,0.2816,Low
43452,0.2816,Low
9623,0.2816,Low
28729,0.2816,Low
21490,0.2816,Low
26874,0.2815,Low
7657,0.2815,Low
44451,0.2815,Low
32218,0.2815,Low
46912,0.2815,Low
23695,0.2815,Low
38797,0.2814,Low
31081,0.2814,Low
40040,0.2814,Low
805,0.2814,Low
50475,0.2814,Low
21446,0.2813,Low
19253,0.2813,Low
36169,0.2813,Low
45372,0.2812,Low
36513,0.2812,Low
6793,0.2811,Low
44016,0.2811,Low
47011,0.2811,Low
22822,0.2811,Low
36452,0.281,Low
11807,0.281,Low
39699,0.281,Low
46807,0.2809,Low
51077,0.2809,Low
28415,0.2809,Low
42727,0.2809,Low
18292,0.2808,Low
1076,0.2808,Low
4102,0.2808,Low
19554,0.2808,Low
35040,0.2808,Low
9157,0.2807,Low
29204,0.2807,Low
34373,0.2806,Low
3037,0.2806,Low
12808,0.2805,Low
51328,0.2805,Low
19394,0.2805,Low
12183,0.2805,Low
40967,0.2805,Low
19720,0.2805,Low
37075,0.2805,Low
14141,0.2805,Low
32907,0.2804,Low
18883,0.2804,Low
12690,0.2804,Low
24680,0.2804,Low
38020,0.2804,Low
41260,0.2804,Low
19059,0.2804,Low
46191,0.2804,Low
44933,0.2803,Low
35176,0.2803,Low
32044,0.2803,Low
48548,0.2803,Low
3603,0.2802,Low
18957,0.2802,Low
36130,0.2802,Low
37203,0.2802,Low
7361,0.2802,Low
4232,0.2802,Low
38873,0.2802,Low
2356,0.2802,Low
15228,0.2801,Low
22525,0.2801,Low
13003,0.2801,Low
420,0.2801,Low
28459,0.28,Low
42218,0.28,Low
28122,0.2799,Low
45775,0.2799,Low
50997,0.2799,Low
45962,0.2799,Low
31361,0.2799,Low
26845,0.2798,Low
5504,0.2798,Low
970,0.2798,Low
23689,0.2797,Low
5134,0.2796,Low
2740,0.2796,Low
27024,0.2796,Low
25301,0.2796,Low
100,0.2796,Low
33762,0.2796,Low
2027,0.2796,Low
26823,0.2795,Low
5226,0.2795,Low
44408,0.2795,Low
50474,0.2794,Low
21373,0.2794,Low
9764,0.2794,Low
48620,0.2794,Low
50160,0.2794,Low
47766,0.2794,Low
44608,0.2793,Low
22812,0.2792,Low
43511,0.2792,Low
38749,0.2792,Low
32039,0.2792,Low
17000,0.2792,Low
46237,0.2791,Low
30462,0.2791,Low
47083,0.2791,Low
4482,0.2791,Low
32550,0.2791,Low
7350,0.2791,Low
51194,0.2791,Low
42347,0.2791,Low
15851,0.279,Low
8329,0.279,Low
21341,0.2789,Low
26782,0.2789,Low
41714,0.2789,Low
45035,0.2789,Low
2547,0.2789,Low
2512,0.2788,Low
3557,0.2788,Low
34365,0.2788,Low
5877,0.2788,Low
40576,0.2788,Low
17976,0.2787,Low
20312,0.2786,Low
46126,0.2786,Low
4915,0.2786,Low
33219,0.2785,Low
20939,0.2785,Low
49374,0.2785,Low
43012,0.2785,Low
47668,0.2785,Low
22515,0.2785,Low
50719,0.2785,Low
9786,0.2784,Low
18662,0.2784,Low
51743,0.2784,Low
51283,0.2784,Low
18635,0.2783,Low
47206,0.2783,Low
3270,0.2783,Low
5164,0.2782,Low
35137,0.2782,Low
7253,0.2782,Low
35517,0.2781,Low
29009,0.2781,Low
6531,0.2781,Low
5573,0.2781,Low
27123,0.2781,Low
49865,0.278,Low
38987,0.278,Low
30047,0.2779,Low
38077,0.2779,Low
48130,0.2779,Low
283,0.2779,Low
40314,0.2779,Low
7895,0.2779,Low
28899,0.2778,Low
13053,0.2778,Low
20866,0.2778,Low
42729,0.2778,Low
25942,0.2778,Low
12239,0.2777,Low
20189,0.2777,Low
25692,0.2777,Low
35147,0.2776,Low
15156,0.2776,Low
19026,0.2776,Low
29535,0.2776,Low
51286,0.2776,Low
29080,0.2776,Low
41403,0.2776,Low
31055,0.2775,Low
47218,0.2775,Low
21458,0.2775,Low
45320,0.2774,Low
18694,0.2774,Low
18421,0.2774,Low
16704,0.2774,Low
12578,0.2773,Low
37424,0.2773,Low
16358,0.2773,Low
38422,0.2773,Low
43151,0.2773,Low
26079,0.2773,Low
10796,0.2773,Low
35876,0.2773,Low
11265,0.2772,Low
8597,0.2772,Low
25261,0.2771,Low
36686,0.2771,Low
46111,0.2771,Low
22613,0.2771,Low
38328,0.277,Low
46131,0.277,Low
21086,0.277,Low
9144,0.277,Low
50332,0.2769,Low
23573,0.2769,Low
10170,0.2768,Low
45544,0.2768,Low
39125,0.2768,Low
43106,0.2768,Low
24285,0.2768,Low
30558,0.2767,Low
49383,0.2767,Low
15698,0.2767,Low
44163,0.2767,Low
12051,0.2766,Low
15920,0.2766,Low
50413,0.2766,Low
23014,0.2765,Low
29402,0.2765,Low
18501,0.2765,Low
8707,0.2765,Low
2757,0.2765,Low
10713,0.2765,Low
40053,0.2765,Low
36377,0.2764,Low
48092,0.2764,Low
47693,0.2764,Low
17064,0.2764,Low
16455,0.2763,Low
30932,0.2763,Low
26273,0.2763,Low
40958,0.2762,Low
43063,0.2762,Low
50945,0.2762,Low
20024,0.2762,Low
46955,0.2762,Low
30122,0.2762,Low
34924,0.2761,Low
43033,0.2761,Low
39737,0.2761,Low
13833,0.276,Low
25898,0.276,Low
11935,0.276,Low
44762,0.276,Low
27506,0.276,Low
34696,0.2759,Low
41623,0.2759,Low
43870,0.2759,Low
20938,0.2759,Low
37930,0.2759,Low
46397,0.2759,Low
21330,0.2758,Low
48102,0.2758,Low
34815,0.2757,Low
25548,0.2757,Low
27644,0.2757,Low
23090,0.2757,Low
28487,0.2757,Low
40789,0.2757,Low
8605,0.2756,Low
18864,0.2756,Low
34252,0.2756,Low
30272,0.2756,Low
38366,0.2756,Low
18499,0.2756,Low
3264,0.2755,Low
9824,0.2755,Low
11539,0.2755,Low
44910,0.2754,Low
45865,0.2754,Low
30089,0.2753,Low
8215,0.2753,Low
10249,0.2753,Low
37614,0.2753,Low
24534,0.2753,Low
18600,0.2753,Low
35286,0.2753,Low
31547,0.2752,Low
47471,0.2752,Low
27962,0.2752,Low
50497,0.2752,Low
22023,0.2752,Low
34714,0.2752,Low
30015,0.2751,Low
41515,0.2751,Low
16049,0.2751,Low
49501,0.275,Low
49323,0.275,Low
28769,0.275,Low
45894,0.275,Low
26704,0.2749,Low
5652,0.2749,Low
27656,0.2749,Low
22886,0.2748,Low
23389,0.2748,Low
18986,0.2748,Low
1018,0.2748,Low
43644,0.2748,Low
37344,0.2747,Low
44393,0.2747,Low
13083,0.2747,Low
39039,0.2747,Low
22369,0.2747,Low
13193,0.2747,Low
26795,0.2746,Low
33415,0.2746,Low
41841,0.2746,Low
47482,0.2746,Low
27776,0.2746,Low
32491,0.2746,Low
41259,0.2746,Low
14412,0.2746,Low
49619,0.2745,Low
27010,0.2745,Low
29874,0.2745,Low
4701,0.2744,Low
32696,0.2744,Low
16922,0.2744,Low
44551,0.2744,Low
21291,0.2744,Low
20418,0.2744,Low
21573,0.2743,Low
27837,0.2743,Low
42041,0.2743,Low
44738,0.2743,Low
39559,0.2743,Low
9377,0.2743,Low
32892,0.2743,Low
2756,0.2742,Low
36105,0.2742,Low
12516,0.2742,Low
27197,0.2741,Low
31068,0.2741,Low
41277,0.2741,Low
19991,0.2741,Low
43092,0.2741,Low
37537,0.274,Low
36427,0.274,Low
6482,0.274,Low
44532,0.274,Low
25397,0.2739,Low
33103,0.2739,Low
18284,0.2739,Low
47863,0.2739,Low
25395,0.2739,Low
49523,0.2739,Low
45457,0.2738,Low
25463,0.2738,Low
1995,0.2738,Low
29732,0.2738,Low
16129,0.2738,Low
31387,0.2738,Low
38718,0.2736,Low
46259,0.2736,Low
51538,0.2736,Low
46200,0.2736,Low
17881,0.2735,Low
19777,0.2734,Low
10349,0.2734,Low
22298,0.2734,Low
2700,0.2734,Low
1069,0.2734,Low
1740,0.2734,Low
39416,0.2734,Low
40222,0.2734,Low
46052,0.2733,Low
20998,0.2733,Low
17351,0.2733,Low
15915,0.2733,Low
32991,0.2732,Low
47795,0.2732,Low
38770,0.2732,Low
3345,0.2732,Low
6771,0.2731,Low
17079,0.2731,Low
17256,0.2731,Low
34716,0.2731,Low
3376,0.2731,Low
9076,0.2731,Low
7909,0.2731,Low
30690,0.2731,Low
16615,0.2731,Low
15688,0.2731,Low
21174,0.2731,Low
33922,0.273,Low
2368,0.273,Low
19929,0.2729,Low
3096,0.2727,Low
51997,0.2727,Low
43859,0.2727,Low
22998,0.2727,Low
22721,0.2727,Low
9917,0.2727,Low
4605,0.2726,Low
43553,0.2726,Low
6947,0.2726,Low
42775,0.2726,Low
26955,0.2725,Low
27940,0.2725,Low
51511,0.2725,Low
12463,0.2725,Low
29987,0.2725,Low
14230,0.2725,Low
625,0.2724,Low
22594,0.2724,Low
17117,0.2724,Low
1159,0.2724,Low
40448,0.2724,Low
34999,0.2724,Low
48657,0.2723,Low
21509,0.2723,Low
8437,0.2722,Low
47307,0.2722,Low
48028,0.2722,Low
29407,0.2722,Low
11859,0.2722,Low
40821,0.2721,Low
3440,0.2721,Low
21884,0.2721,Low
43907,0.2721,Low
39473,0.2721,Low
47543,0.2721,Low
14410,0.272,Low
7009,0.272,Low
45351,0.272,Low
38254,0.2719,Low
10023,0.2719,Low
37886,0.2719,Low
30221,0.2719,Low
23525,0.2719,Low
4306,0.2718,Low
16298,0.2718,Low
22478,0.2718,Low
6557,0.2718,Low
26476,0.2718,Low
20542,0.2718,Low
21079,0.2717,Low
5885,0.2717,Low
37875,0.2717,Low
43674,0.2716,Low
9056,0.2715,Low
8457,0.2715,Low
43970,0.2714,Low
31178,0.2713,Low
10285,0.2713,Low
22522,0.2712,Low
22157,0.2712,Low
11790,0.2712,Low
7306,0.2712,Low
19810,0.2711,Low
18274,0.2711,Low
1255,0.2711,Low
23896,0.2711,Low
41360,0.271,Low
38516,0.271,Low
25286,0.271,Low
23554,0.271,Low
27191,0.271,Low
9081,0.271,Low
961,0.271,Low
34306,0.2709,Low
40143,0.2709,Low
1608,0.2709,Low
51763,0.2709,Low
16669,0.2709,Low
5480,0.2709,Low
23639,0.2708,Low
41371,0.2708,Low
1877,0.2708,Low
18255,0.2708,Low
32728,0.2707,Low
2832,0.2707,Low
37396,0.2707,Low
11602,0.2707,Low
20818,0.2707,Low
39914,0.2706,Low
34547,0.2706,Low
13759,0.2706,Low
21904,0.2706,Low
47567,0.2705,Low
35203,0.2705,Low
44579,0.2705,Low
43901,0.2705,Low
49452,0.2705,Low
8038,0.2704,Low
6974,0.2704,Low
44938,0.2704,Low
17471,0.2704,Low
35046,0.2704,Low
4304,0.2703,Low
7039,0.2703,Low
25354,0.2703,Low
36635,0.2703,Low
36293,0.2702,Low
40529,0.2702,Low
37142,0.2702,Low
13904,0.2702,Low
12000,0.2701,Low
4386,0.2701,Low
48688,0.27,Low
1052,0.27,Low
25230,0.2699,Low
39927,0.2699,Low
5354,0.2699,Low
32899,0.2698,Low
12697,0.2698,Low
19232,0.2698,Low
33712,0.2698,Low
24490,0.2698,Low
34487,0.2698,Low
16822,0.2698,Low
28034,0.2697,Low
2211,0.2697,Low
9270,0.2696,Low
24618,0.2696,Low
45058,0.2696,Low
48683,0.2696,Low
30278,0.2696,Low
21279,0.2696,Low
23778,0.2696,Low
12203,0.2696,Low
34648,0.2696,Low
9810,0.2695,Low
49798,0.2695,Low
28043,0.2695,Low
9999,0.2695,Low
2820,0.2695,Low
10895,0.2694,Low
44957,0.2694,Low
49980,0.2694,Low
33564,0.2694,Low
22108,0.2694,Low
43272,0.2694,Low
30173,0.2693,Low
39436,0.2693,Low
20247,0.2693,Low
3561,0.2693,Low
3175,0.2693,Low
3121,0.2693,Low
38308,0.2692,Low
25239,0.2691,Low
6116,0.2691,Low
47270,0.2691,Low
40808,0.2691,Low
10752,0.2691,Low
30934,0.2691,Low
27244,0.2691,Low
49299,0.269,Low
33739,0.269,Low
21336,0.269,Low
6063,0.2689,Low
49519,0.2689,Low
42837,0.2689,Low
44436,0.2689,Low
17729,0.2689,Low
7645,0.2688,Low
15821,0.2688,Low
49530,0.2688,Low
18104,0.2688,Low
29211,0.2687,Low
28283,0.2687,Low
22617,0.2687,Low
21131,0.2686,Low
45293,0.2686,Low
15986,0.2686,Low
2283,0.2685,Low
49224,0.2685,Low
37094,0.2685,Low
20118,0.2685,Low
47475,0.2684,Low
22895,0.2684,Low
29896,0.2684,Low
30239,0.2684,Low
46783,0.2683,Low
38015,0.2683,Low
31939,0.2683,Low
51681,0.2683,Low
23160,0.2683,Low
36138,0.2683,Low
36320,0.2682,Low
27084,0.2682,Low
39906,0.2682,Low
40732,0.2682,Low
14714,0.2682,Low
15974,0.2682,Low
17643,0.2681,Low
1100,0.2681,Low
15050,0.268,Low
20027,0.2679,Low
50509,0.2679,Low
40974,0.2679,Low
6480,0.2678,Low
9408,0.2678,Low
30288,0.2678,Low
21432,0.2678,Low
36431,0.2678,Low
47602,0.2678,Low
20984,0.2678,Low
7618,0.2677,Low
13242,0.2676,Low
33494,0.2676,Low
40353,0.2676,Low
10498,0.2676,Low
39535,0.2676,Low
43975,0.2676,Low
8897,0.2676,Low
26178,0.2676,Low
33978,0.2675,Low
36059,0.2675,Low
38172,0.2675,Low
1279,0.2675,Low
35358,0.2675,Low
6649,0.2674,Low
46176,0.2674,Low
33945,0.2674,Low
41,0.2674,Low
21380,0.2674,Low
40170,0.2674,Low
51995,0.2673,Low
47680,0.2673,Low
49457,0.2673,Low
627,0.2673,Low
45235,0.2673,Low
41231,0.2673,Low
29974,0.2672,Low
13646,0.2672,Low
2656,0.2672,Low
47529,0.2672,Low
8850,0.2672,Low
3748,0.2672,Low
28429,0.2671,Low
6367,0.2671,Low
38161,0.2671,Low
51068,0.2671,Low
28155,0.267,Low
45547,0.267,Low
42133,0.267,Low
9493,0.267,Low
15841,0.2669,Low
51238,0.2669,Low
11088,0.2669,Low
47853,0.2669,Low
33242,0.2669,Low
42071,0.2668,Low
35292,0.2668,Low
47884,0.2668,Low
5336,0.2667,Low
15542,0.2667,Low
3753,0.2667,Low
44495,0.2667,Low
2554,0.2666,Low
16778,0.2666,Low
4791,0.2666,Low
38659,0.2666,Low
29458,0.2666,Low
35104,0.2664,Low
30760,0.2664,Low
21225,0.2664,Low
4284,0.2664,Low
41737,0.2664,Low
28181,0.2663,Low
5245,0.2663,Low
51751,0.2663,Low
32800,0.2663,Low
48296,0.2662,Low
24985,0.2662,Low
51432,0.2662,Low
19800,0.2662,Low
47710,0.2662,Low
20511,0.2662,Low
21612,0.2661,Low
27250,0.2661,Low
2004,0.266,Low
26519,0.266,Low
34580,0.2659,Low
21622,0.2659,Low
51919,0.2659,Low
11086,0.2659,Low
48026,0.2659,Low
20648,0.2659,Low
22900,0.2658,Low
30485,0.2658,Low
31460,0.2657,Low
18351,0.2657,Low
28270,0.2657,Low
13802,0.2657,Low
20756,0.2657,Low
1981,0.2656,Low
20635,0.2656,Low
17495,0.2656,Low
43962,0.2656,Low
51033,0.2656,Low
23767,0.2656,Low
6582,0.2655,Low
36620,0.2655,Low
37258,0.2655,Low
48000,0.2654,Low
14523,0.2654,Low
41273,0.2654,Low
10769,0.2654,Low
14143,0.2653,Low
6736,0.2653,Low
49841,0.2653,Low
39487,0.2653,Low
12086,0.2653,Low
41972,0.2653,Low
26920,0.2652,Low
9232,0.2652,Low
20891,0.2652,Low
14000,0.2652,Low
17854,0.2652,Low
14083,0.2652,Low
48662,0.2651,Low
16313,0.2651,Low
24980,0.2651,Low
24070,0.2651,Low
21909,0.265,Low
9330,0.265,Low
36890,0.265,Low
17671,0.265,Low
44288,0.265,Low
21898,0.265,Low
41441,0.2649,Low
13106,0.2649,Low
14528,0.2649,Low
30357,0.2649,Low
4303,0.2648,Low
13477,0.2648,Low
19504,0.2648,Low
6625,0.2648,Low
47226,0.2647,Low
37698,0.2647,Low
32158,0.2646,Low
15610,0.2646,Low
35405,0.2646,Low
4686,0.2645,Low
17356,0.2645,Low
48409,0.2645,Low
42821,0.2645,Low
15719,0.2645,Low
47392,0.2645,Low
33182,0.2644,Low
27310,0.2644,Low
40226,0.2644,Low
20979,0.2644,Low
18595,0.2644,Low
35958,0.2644,Low
14683,0.2644,Low
29973,0.2644,Low
4584,0.2643,Low
50806,0.2643,Low
41375,0.2643,Low
12955,0.2643,Low
17669,0.2642,Low
6599,0.2642,Low
38164,0.2642,Low
1377,0.2641,Low
28978,0.2641,Low
45242,0.2641,Low
44303,0.264,Low
16483,0.264,Low
4811,0.264,Low
9184,0.264,Low
4183,0.264,Low
10117,0.264,Low
27571,0.2639,Low
33447,0.2639,Low
31605,0.2639,Low
12077,0.2638,Low
16806,0.2638,Low
12545,0.2638,Low
43055,0.2638,Low
46631,0.2637,Low
37815,0.2637,Low
40908,0.2637,Low
34248,0.2637,Low
46333,0.2637,Low
394,0.2636,Low
7746,0.2636,Low
44880,0.2636,Low
21141,0.2636,Low
23219,0.2636,Low
39794,0.2636,Low
10019,0.2635,Low
32317,0.2635,Low
19209,0.2635,Low
16447,0.2635,Low
45314,0.2634,Low
1217,0.2634,Low
50165,0.2634,Low
17540,0.2634,Low
5052,0.2634,Low
42898,0.2634,Low
26319,0.2634,Low
43606,0.2634,Low
26429,0.2634,Low
34935,0.2633,Low
13505,0.2633,Low
35060,0.2633,Low
49283,0.2633,Low
19080,0.2632,Low
51123,0.2632,Low
50860,0.2632,Low
25400,0.2632,Low
46019,0.2631,Low
12734,0.2631,Low
12128,0.2631,Low
33369,0.2631,Low
19634,0.2631,Low
47960,0.263,Low
21885,0.263,Low
51495,0.263,Low
42989,0.263,Low
1965,0.263,Low
29434,0.263,Low
37615,0.263,Low
49013,0.263,Low
15958,0.2629,Low
17299,0.2629,Low
48524,0.2629,Low
2222,0.2629,Low
27985,0.2629,Low
23833,0.2629,Low
13140,0.2629,Low
32341,0.2628,Low
30629,0.2628,Low
14635,0.2627,Low
48382,0.2626,Low
23889,0.2626,Low
39422,0.2626,Low
51434,0.2626,Low
36227,0.2626,Low
33138,0.2626,Low
45039,0.2626,Low
39851,0.2626,Low
9114,0.2626,Low
47110,0.2626,Low
27473,0.2625,Low
31446,0.2625,Low
20622,0.2625,Low
47595,0.2625,Low
15009,0.2625,Low
11723,0.2625,Low
47431,0.2625,Low
15746,0.2625,Low
9609,0.2625,Low
16056,0.2625,Low
16879,0.2624,Low
45384,0.2624,Low
33469,0.2624,Low
26007,0.2623,Low
39431,0.2623,Low
31825,0.2623,Low
29116,0.2623,Low
36928,0.2622,Low
48402,0.2622,Low
49238,0.2622,Low
51497,0.2622,Low
37081,0.2621,Low
11803,0.2621,Low
38822,0.2621,Low
6469,0.2621,Low
4264,0.2621,Low
37042,0.2619,Low
49750,0.2619,Low
17055,0.2619,Low
22866,0.2619,Low
37485,0.2619,Low
23060,0.2619,Low
19978,0.2619,Low
13233,0.2618,Low
11563,0.2618,Low
15081,0.2618,Low
3257,0.2618,Low
30554,0.2618,Low
24375,0.2617,Low
33842,0.2617,Low
37370,0.2616,Low
13816,0.2616,Low
18540,0.2616,Low
17297,0.2616,Low
10641,0.2616,Low
13336,0.2615,Low
14443,0.2614,Low
48743,0.2613,Low
17383,0.2613,Low
42573,0.2613,Low
48848,0.2613,Low
37798,0.2612,Low
35390,0.2612,Low
43581,0.2611,Low
30363,0.2611,Low
50393,0.2611,Low
45049,0.2611,Low
42810,0.2611,Low
48550,0.2611,Low
27696,0.261,Low
9856,0.261,Low
2239,0.2609,Low
46763,0.2609,Low
39774,0.2609,Low
8060,0.2609,Low
35573,0.2609,Low
13878,0.2609,Low
10226,0.2608,Low
38885,0.2608,Low
48173,0.2608,Low
23605,0.2607,Low
1759,0.2607,Low
49682,0.2607,Low
24087,0.2607,Low
33822,0.2607,Low
4977,0.2607,Low
11356,0.2606,Low
21719,0.2606,Low
37471,0.2606,Low
3237,0.2606,Low
13971,0.2606,Low
37928,0.2606,Low
4015,0.2605,Low
32319,0.2605,Low
41248,0.2605,Low
14299,0.2604,Low
15344,0.2604,Low
2521,0.2604,Low
23233,0.2603,Low
21369,0.2603,Low
20251,0.2603,Low
30768,0.2603,Low
14307,0.2603,Low
45915,0.2602,Low
10894,0.2602,Low
12535,0.2602,Low
33701,0.2602,Low
31204,0.2601,Low
20211,0.2601,Low
5542,0.2601,Low
4619,0.26,Low
31331,0.26,Low
45604,0.26,Low
38367,0.26,Low
44146,0.26,Low
2629,0.26,Low
46943,0.26,Low
13503,0.26,Low
9839,0.2599,Low
18781,0.2599,Low
39760,0.2599,Low
51549,0.2599,Low
26121,0.2599,Low
22506,0.2599,Low
15438,0.2598,Low
27201,0.2598,Low
24515,0.2598,Low
34589,0.2598,Low
14638,0.2597,Low
32954,0.2597,Low
50069,0.2597,Low
31250,0.2597,Low
34918,0.2597,Low
25326,0.2596,Low
51714,0.2596,Low
401,0.2596,Low
27819,0.2596,Low
35951,0.2596,Low
4980,0.2596,Low
16691,0.2595,Low
44377,0.2595,Low
47448,0.2595,Low
50125,0.2595,Low
46474,0.2595,Low
23408,0.2594,Low
1487,0.2594,Low
33064,0.2594,Low
27639,0.2594,Low
29674,0.2594,Low
22517,0.2594,Low
15330,0.2593,Low
34008,0.2593,Low
15663,0.2593,Low
19948,0.2593,Low
10000,0.2592,Low
3252,0.2592,Low
23222,0.2592,Low
42809,0.2592,Low
43801,0.2592,Low
46898,0.2591,Low
44528,0.2591,Low
2732,0.2591,Low
5924,0.2591,Low
4138,0.2591,Low
41566,0.2591,Low
34339,0.2591,Low
15399,0.259,Low
24973,0.259,Low
25512,0.259,Low
7047,0.259,Low
26801,0.259,Low
45653,0.259,Low
39070,0.259,Low
15553,0.2589,Low
25262,0.2589,Low
15734,0.2589,Low
3179,0.2588,Low
20840,0.2588,Low
15937,0.2588,Low
14346,0.2588,Low
47212,0.2588,Low
35658,0.2588,Low
37992,0.2587,Low
44375,0.2587,Low
6443,0.2587,Low
8599,0.2587,Low
26596,0.2587,Low
24873,0.2586,Low
35197,0.2586,Low
34017,0.2586,Low
24532,0.2586,Low
25505,0.2585,Low
35318,0.2585,Low
17680,0.2585,Low
23056,0.2585,Low
668,0.2585,Low
18878,0.2585,Low
49705,0.2585,Low
2536,0.2584,Low
30577,0.2584,Low
3814,0.2584,Low
11892,0.2584,Low
31982,0.2584,Low
22163,0.2584,Low
14919,0.2584,Low
305,0.2583,Low
6576,0.2583,Low
13181,0.2583,Low
44496,0.2582,Low
27080,0.2582,Low
22253,0.2582,Low
38882,0.2581,Low
40271,0.2581,Low
30267,0.2581,Low
10364,0.2581,Low
26546,0.2581,Low
1874,0.258,Low
25365,0.258,Low
17738,0.258,Low
18209,0.258,Low
35481,0.258,Low
20407,0.258,Low
2692,0.258,Low
5163,0.2579,Low
12650,0.2579,Low
5258,0.2579,Low
48370,0.2579,Low
10904,0.2579,Low
25148,0.2579,Low
11290,0.2579,Low
14993,0.2578,Low
14075,0.2578,Low
11382,0.2578,Low
51860,0.2577,Low
24510,0.2577,Low
48390,0.2577,Low
27442,0.2576,Low
16840,0.2576,Low
7211,0.2576,Low
21780,0.2576,Low
7761,0.2575,Low
28690,0.2575,Low
1015,0.2575,Low
29036,0.2575,Low
8910,0.2574,Low
30538,0.2574,Low
23382,0.2574,Low
12350,0.2574,Low
39031,0.2574,Low
28841,0.2574,Low
9986,0.2574,Low
863,0.2573,Low
29802,0.2573,Low
45481,0.2573,Low
5580,0.2573,Low
48847,0.2573,Low
12739,0.2573,Low
12262,0.2573,Low
10318,0.2573,Low
41901,0.2573,Low
34781,0.2572,Low
26218,0.2572,Low
15531,0.2572,Low
11947,0.2572,Low
13371,0.2571,Low
39575,0.2571,Low
3659,0.2571,Low
35536,0.2571,Low
48908,0.2571,Low
43023,0.257,Low
6097,0.257,Low
43412,0.257,Low
38752,0.257,Low
33658,0.257,Low
5650,0.257,Low
21479,0.2569,Low
11256,0.2569,Low
6979,0.2569,Low
32859,0.2569,Low
22737,0.2568,Low
21840,0.2567,Low
25949,0.2567,Low
20401,0.2567,Low
34175,0.2567,Low
41959,0.2566,Low
26970,0.2566,Low
21000,0.2565,Low
34532,0.2565,Low
13792,0.2565,Low
16324,0.2564,Low
49306,0.2564,Low
39227,0.2564,Low
26520,0.2564,Low
8270,0.2564,Low
27328,0.2564,Low
19210,0.2564,Low
47433,0.2564,Low
29453,0.2563,Low
4281,0.2563,Low
3882,0.2563,Low
46309,0.2563,Low
48361,0.2562,Low
17911,0.2562,Low
38479,0.2562,Low
29348,0.2562,Low
46068,0.2561,Low
3126,0.2561,Low
38802,0.2561,Low
27624,0.2561,Low
14008,0.256,Low
41292,0.256,Low
13107,0.2559,Low
16218,0.2559,Low
28775,0.2559,Low
13520,0.2559,Low
22775,0.2559,Low
28014,0.2559,Low
24200,0.2558,Low
48139,0.2558,Low
27132,0.2558,Low
31993,0.2557,Low
23245,0.2557,Low
12300,0.2557,Low
7150,0.2556,Low
36571,0.2556,Low
12112,0.2556,Low
26928,0.2556,Low
32017,0.2556,Low
680,0.2556,Low
2611,0.2555,Low
25500,0.2555,Low
33437,0.2555,Low
43046,0.2555,Low
40220,0.2554,Low
18718,0.2553,Low
13902,0.2553,Low
14833,0.2553,Low
32185,0.2553,Low
7490,0.2552,Low
46136,0.2552,Low
13967,0.2552,Low
45976,0.2552,Low
7172,0.2551,Low
1192,0.2551,Low
29553,0.2551,Low
27588,0.2551,Low
8854,0.255,Low
45530,0.255,Low
8048,0.255,Low
10825,0.255,Low
36275,0.255,Low
36638,0.255,Low
10493,0.2549,Low
2682,0.2549,Low
15212,0.2549,Low
19512,0.2549,Low
43923,0.2549,Low
10466,0.2548,Low
43379,0.2548,Low
28071,0.2547,Low
28525,0.2547,Low
31414,0.2547,Low
26305,0.2547,Low
31835,0.2547,Low
29018,0.2547,Low
15575,0.2547,Low
48704,0.2546,Low
2892,0.2546,Low
10751,0.2546,Low
4884,0.2546,Low
35706,0.2545,Low
12568,0.2545,Low
41704,0.2545,Low
27535,0.2545,Low
13073,0.2545,Low
23463,0.2544,Low
48297,0.2544,Low
3094,0.2544,Low
20593,0.2544,Low
2380,0.2544,Low
34433,0.2544,Low
26224,0.2544,Low
50056,0.2543,Low
33127,0.2543,Low
42123,0.2542,Low
35105,0.2542,Low
6686,0.2542,Low
42825,0.2541,Low
6421,0.2541,Low
17459,0.2541,Low
29327,0.2541,Low
24709,0.254,Low
39585,0.254,Low
35589,0.254,Low
7704,0.2539,Low
39861,0.2539,Low
5155,0.2539,Low
21708,0.2539,Low
19043,0.2539,Low
45746,0.2539,Low
9212,0.2538,Low
4106,0.2538,Low
15159,0.2538,Low
14634,0.2538,Low
29760,0.2538,Low
41419,0.2538,Low
45803,0.2538,Low
42719,0.2537,Low
16366,0.2537,Low
33728,0.2537,Low
28641,0.2537,Low
7389,0.2536,Low
34800,0.2536,Low
29824,0.2536,Low
8990,0.2536,Low
48803,0.2535,Low
40935,0.2535,Low
22073,0.2535,Low
42994,0.2535,Low
21359,0.2535,Low
40562,0.2535,Low
37917,0.2535,Low
50241,0.2535,Low
34957,0.2535,Low
50212,0.2535,Low
35255,0.2534,Low
12936,0.2534,Low
42167,0.2534,Low
13548,0.2534,Low
2789,0.2534,Low
11326,0.2533,Low
51374,0.2533,Low
18789,0.2532,Low
43026,0.2532,Low
19664,0.2532,Low
34833,0.2532,Low
25470,0.2532,Low
20452,0.2532,Low
15766,0.2532,Low
48876,0.2532,Low
20109,0.2532,Low
38136,0.2531,Low
34948,0.2531,Low
1579,0.2531,Low
6308,0.2531,Low
1985,0.253,Low
40852,0.253,Low
37360,0.253,Low
45226,0.253,Low
6682,0.2529,Low
47869,0.2529,Low
29965,0.2529,Low
11743,0.2529,Low
12946,0.2529,Low
29796,0.2529,Low
13265,0.2528,Low
27848,0.2528,Low
10726,0.2528,Low
766,0.2528,Low
50043,0.2527,Low
17739,0.2527,Low
6784,0.2527,Low
8165,0.2527,Low
30685,0.2527,Low
18072,0.2527,Low
48500,0.2527,Low
1619,0.2526,Low
47494,0.2526,Low
35396,0.2526,Low
31552,0.2526,Low
21192,0.2526,Low
7695,0.2526,Low
46395,0.2526,Low
21778,0.2525,Low
12649,0.2525,Low
16342,0.2525,Low
26390,0.2524,Low
21793,0.2524,Low
11572,0.2524,Low
7032,0.2523,Low
14344,0.2523,Low
15075,0.2523,Low
26819,0.2523,Low
30620,0.2523,Low
4323,0.2522,Low
51043,0.2522,Low
25587,0.2521,Low
46815,0.2521,Low
11679,0.2521,Low
24119,0.2521,Low
48738,0.2521,Low
28452,0.252,Low
37734,0.252,Low
31857,0.2518,Low
42544,0.2518,Low
28591,0.2518,Low
12959,0.2518,Low
12640,0.2518,Low
27286,0.2518,Low
33293,0.2517,Low
36583,0.2517,Low
10819,0.2517,Low
26029,0.2517,Low
43909,0.2517,Low
50930,0.2516,Low
8760,0.2516,Low
1520,0.2516,Low
255,0.2516,Low
47127,0.2516,Low
10720,0.2516,Low
43762,0.2516,Low
7523,0.2516,Low
34332,0.2515,Low
8673,0.2515,Low
37709,0.2515,Low
51734,0.2514,Low
15188,0.2514,Low
23380,0.2514,Low
15787,0.2513,Low
44871,0.2513,Low
25498,0.2513,Low
17059,0.2513,Low
5445,0.2513,Low
45757,0.2513,Low
730,0.2512,Low
39550,0.2511,Low
24702,0.2511,Low
40247,0.2511,Low
28099,0.2511,Low
46009,0.251,Low
30375,0.251,Low
25674,0.251,Low
9020,0.251,Low
21563,0.251,Low
17325,0.251,Low
38936,0.2509,Low
33002,0.2509,Low
11186,0.2509,Low
37568,0.2509,Low
17145,0.2509,Low
43704,0.2509,Low
12169,0.2508,Low
10149,0.2508,Low
30071,0.2508,Low
38217,0.2507,Low
2051,0.2507,Low
1615,0.2506,Low
2121,0.2506,Low
21113,0.2506,Low
1794,0.2506,Low
40365,0.2506,Low
17154,0.2506,Low
12228,0.2506,Low
2801,0.2506,Low
12629,0.2506,Low
35701,0.2505,Low
21473,0.2505,Low
43559,0.2505,Low
10182,0.2505,Low
26858,0.2505,Low
37982,0.2505,Low
49295,0.2504,Low
39835,0.2504,Low
44273,0.2504,Low
42395,0.2504,Low
14850,0.2503,Low
39481,0.2503,Low
47586,0.2503,Low
45599,0.2503,Low
4337,0.2503,Low
24550,0.2503,Low
26416,0.2502,Low
10155,0.2501,Low
48907,0.2501,Low
30781,0.2501,Low
34066,0.2501,Low
18154,0.2501,Low
15891,0.2501,Low
18085,0.25,Low
11885,0.25,Low
42908,0.2499,Low
51090,0.2499,Low
16078,0.2499,Low
17412,0.2499,Low
43378,0.2499,Low
8100,0.2499,Low
31498,0.2499,Low
42396,0.2499,Low
23486,0.2499,Low
51787,0.2499,Low
2680,0.2499,Low
18400,0.2497,Low
8985,0.2497,Low
24227,0.2496,Low
36132,0.2496,Low
1497,0.2495,Low
36258,0.2495,Low
24718,0.2495,Low
27478,0.2494,Low
18804,0.2494,Low
24228,0.2494,Low
21205,0.2494,Low
42995,0.2494,Low
18894,0.2494,Low
38021,0.2493,Low
34503,0.2493,Low
30516,0.2492,Low
11938,0.2492,Low
40661,0.2492,Low
18778,0.249,Low
24210,0.249,Low
35018,0.249,Low
40173,0.2489,Low
22627,0.2489,Low
35421,0.2489,Low
1191,0.2489,Low
12925,0.2489,Low
10652,0.2489,Low
28395,0.2488,Low
48013,0.2488,Low
40045,0.2487,Low
24288,0.2487,Low
51161,0.2487,Low
36520,0.2487,Low
6927,0.2486,Low
27069,0.2485,Low
51808,0.2485,Low
7638,0.2485,Low
9296,0.2484,Low
6310,0.2484,Low
30352,0.2484,Low
51834,0.2484,Low
43726,0.2483,Low
39244,0.2483,Low
22985,0.2483,Low
25801,0.2483,Low
19437,0.2483,Low
34353,0.2482,Low
9352,0.2482,Low
36032,0.2481,Low
29487,0.2481,Low
13997,0.2481,Low
40180,0.2481,Low
8371,0.2481,Low
40966,0.2481,Low
38038,0.2481,Low
15571,0.2481,Low
33304,0.248,Low
45,0.248,Low
1444,0.248,Low
17144,0.2479,Low
3221,0.2479,Low
43588,0.2479,Low
5982,0.2479,Low
43504,0.2479,Low
5769,0.2478,Low
36149,0.2478,Low
37450,0.2478,Low
17431,0.2478,Low
29906,0.2478,Low
15614,0.2478,Low
10756,0.2478,Low
26796,0.2478,Low
41939,0.2477,Low
19623,0.2477,Low
20852,0.2477,Low
9028,0.2477,Low
24303,0.2477,Low
42703,0.2477,Low
51437,0.2477,Low
28047,0.2477,Low
12633,0.2475,Low
30626,0.2475,Low
27550,0.2475,Low
48854,0.2474,Low
51486,0.2474,Low
3756,0.2473,Low
35173,0.2473,Low
31810,0.2473,Low
25251,0.2473,Low
35323,0.2472,Low
16787,0.2472,Low
17767,0.2472,Low
21663,0.2472,Low
41234,0.2472,Low
26439,0.2471,Low
1593,0.2471,Low
1889,0.2471,Low
27650,0.2471,Low
51469,0.2471,Low
6773,0.2471,Low
38198,0.2471,Low
12378,0.2471,Low
41695,0.247,Low
1408,0.247,Low
11332,0.247,Low
30672,0.247,Low
18378,0.247,Low
5871,0.247,Low
21454,0.2469,Low
5610,0.2469,Low
16700,0.2469,Low
14497,0.2468,Low
29702,0.2468,Low
43533,0.2468,Low
25186,0.2468,Low
26558,0.2468,Low
44786,0.2468,Low
2328,0.2468,Low
5316,0.2468,Low
32655,0.2468,Low
15358,0.2467,Low
24232,0.2467,Low
3277,0.2467,Low
22012,0.2467,Low
39860,0.2467,Low
17395,0.2466,Low
90,0.2466,Low
48575,0.2466,Low
33005,0.2466,Low
42973,0.2466,Low
43898,0.2465,Low
9132,0.2465,Low
28831,0.2465,Low
17463,0.2465,Low
1300,0.2464,Low
45415,0.2463,Low
33310,0.2463,Low
9099,0.2463,Low
8627,0.2462,Low
20572,0.2462,Low
15458,0.2462,Low
14918,0.2462,Low
51865,0.2462,Low
12992,0.2462,Low
50410,0.2462,Low
44984,0.2462,Low
30036,0.2462,Low
41397,0.2461,Low
17869,0.246,Low
43623,0.246,Low
20976,0.246,Low
12209,0.246,Low
16394,0.246,Low
51251,0.246,Low
809,0.2459,Low
13474,0.2459,Low
49718,0.2459,Low
25709,0.2458,Low
1002,0.2458,Low
49194,0.2458,Low
27722,0.2457,Low
4341,0.2457,Low
3117,0.2457,Low
30886,0.2457,Low
34493,0.2457,Low
17856,0.2457,Low
1782,0.2457,Low
42608,0.2457,Low
8183,0.2456,Low
18800,0.2456,Low
845,0.2456,Low
46647,0.2456,Low
24835,0.2456,Low
10163,0.2456,Low
48952,0.2455,Low
4420,0.2455,Low
43094,0.2455,Low
5843,0.2455,Low
46554,0.2455,Low
10068,0.2455,Low
10138,0.2454,Low
8678,0.2454,Low
39932,0.2454,Low
40613,0.2453,Low
6447,0.2453,Low
2623,0.2453,Low
33767,0.2453,Low
42509,0.2453,Low
32878,0.2453,Low
50711,0.2453,Low
13093,0.2452,Low
33021,0.2452,Low
21017,0.2452,Low
26128,0.2452,Low
1644,0.2452,Low
20564,0.2452,Low
8921,0.2452,Low
20309,0.2451,Low
41033,0.2451,Low
34440,0.2451,Low
46958,0.2451,Low
46603,0.2451,Low
41882,0.2451,Low
41196,0.245,Low
16975,0.245,Low
11855,0.245,Low
1246,0.2449,Low
36421,0.2449,Low
6219,0.2449,Low
35224,0.2449,Low
2973,0.2448,Low
19051,0.2448,Low
30750,0.2448,Low
48020,0.2448,Low
40559,0.2448,Low
37311,0.2448,Low
32353,0.2448,Low
6102,0.2447,Low
34936,0.2447,Low
41903,0.2447,Low
7474,0.2447,Low
26184,0.2447,Low
29944,0.2447,Low
26569,0.2447,Low
46428,0.2447,Low
41948,0.2446,Low
39937,0.2446,Low
31797,0.2446,Low
49956,0.2446,Low
44489,0.2446,Low
17949,0.2446,Low
9587,0.2445,Low
27870,0.2445,Low
544,0.2445,Low
25183,0.2445,Low
5941,0.2445,Low
45511,0.2445,Low
9170,0.2445,Low
38743,0.2445,Low
22982,0.2444,Low
30582,0.2444,Low
50292,0.2444,Low
13920,0.2444,Low
6634,0.2443,Low
38998,0.2443,Low
26765,0.2443,Low
4547,0.2443,Low
9931,0.2443,Low
38624,0.2443,Low
46721,0.2443,Low
28673,0.2443,Low
19856,0.2442,Low
14296,0.2442,Low
3789,0.2442,Low
27190,0.2442,Low
47143,0.2442,Low
24272,0.2442,Low
36971,0.2442,Low
39256,0.2442,Low
29957,0.2442,Low
36020,0.2442,Low
11085,0.2441,Low
24952,0.2441,Low
11701,0.244,Low
1174,0.244,Low
19995,0.244,Low
49625,0.244,Low
4368,0.244,Low
45688,0.244,Low
22400,0.2439,Low
38510,0.2439,Low
44803,0.2439,Low
13522,0.2439,Low
50759,0.2439,Low
47352,0.2439,Low
23709,0.2438,Low
22133,0.2438,Low
36096,0.2438,Low
26599,0.2438,Low
18424,0.2438,Low
15572,0.2438,Low
39199,0.2438,Low
50962,0.2438,Low
17153,0.2437,Low
44815,0.2437,Low
546,0.2437,Low
24481,0.2436,Low
14120,0.2436,Low
44347,0.2436,Low
23324,0.2436,Low
15914,0.2436,Low
18327,0.2436,Low
26229,0.2435,Low
50897,0.2435,Low
27630,0.2435,Low
43505,0.2435,Low
30150,0.2435,Low
38,0.2434,Low
1113,0.2434,Low
36784,0.2434,Low
4223,0.2433,Low
18857,0.2432,Low
48251,0.2432,Low
263,0.2432,Low
48356,0.2431,Low
26808,0.2431,Low
23462,0.2431,Low
30593,0.243,Low
13192,0.243,Low
19351,0.243,Low
44799,0.243,Low
47192,0.243,Low
2904,0.243,Low
35456,0.243,Low
19027,0.243,Low
21920,0.2429,Low
24623,0.2429,Low
20080,0.2429,Low
4974,0.2429,Low
25769,0.2428,Low
44367,0.2428,Low
37641,0.2428,Low
16873,0.2428,Low
38932,0.2428,Low
41618,0.2428,Low
38778,0.2427,Low
25334,0.2427,Low
29064,0.2427,Low
18471,0.2427,Low
11408,0.2427,Low
22927,0.2426,Low
37904,0.2426,Low
33868,0.2426,Low
27233,0.2426,Low
6035,0.2425,Low
40453,0.2425,Low
34538,0.2425,Low
34778,0.2425,Low
28639,0.2424,Low
28486,0.2424,Low
35590,0.2424,Low
33656,0.2424,Low
22882,0.2424,Low
50918,0.2423,Low
35370,0.2423,Low
12709,0.2423,Low
30438,0.2423,Low
41134,0.2423,Low
1823,0.2422,Low
35028,0.2422,Low
4387,0.2422,Low
3375,0.2422,Low
19648,0.2421,Low
8428,0.2421,Low
49188,0.242,Low
20760,0.242,Low
44596,0.2419,Low
37318,0.2419,Low
27247,0.2419,Low
3469,0.2419,Low
18670,0.2418,Low
28250,0.2418,Low
45651,0.2417,Low
39970,0.2417,Low
25646,0.2417,Low
19235,0.2417,Low
21342,0.2417,Low
42614,0.2417,Low
48574,0.2417,Low
51252,0.2416,Low
46221,0.2416,Low
1951,0.2416,Low
38278,0.2416,Low
23441,0.2416,Low
35419,0.2416,Low
3992,0.2416,Low
37383,0.2416,Low
50916,0.2415,Low
42999,0.2415,Low
25721,0.2415,Low
36112,0.2415,Low
9483,0.2414,Low
538,0.2414,Low
40432,0.2414,Low
10806,0.2414,Low
9997,0.2414,Low
51832,0.2414,Low
51475,0.2413,Low
39228,0.2413,Low
35710,0.2412,Low
24040,0.2412,Low
25475,0.2412,Low
6497,0.2412,Low
24013,0.2411,Low
39439,0.2411,Low
24351,0.2411,Low
17758,0.241,Low
49575,0.241,Low
14109,0.241,Low
34444,0.241,Low
18382,0.241,Low
941,0.241,Low
11030,0.241,Low
16751,0.241,Low
33078,0.2409,Low
50017,0.2409,Low
33580,0.2409,Low
32849,0.2409,Low
12066,0.2408,Low
15062,0.2408,Low
34624,0.2408,Low
12681,0.2408,Low
19756,0.2408,Low
47652,0.2407,Low
28531,0.2407,Low
46552,0.2407,Low
28481,0.2407,Low
17751,0.2406,Low
33232,0.2406,Low
4421,0.2406,Low
3084,0.2406,Low
23464,0.2406,Low
42424,0.2405,Low
44205,0.2405,Low
14851,0.2405,Low
39343,0.2405,Low
41602,0.2405,Low
32095,0.2405,Low
43400,0.2405,Low
39133,0.2404,Low
27567,0.2404,Low
3909,0.2404,Low
50820,0.2404,Low
49195,0.2404,Low
45363,0.2403,Low
34163,0.2403,Low
37579,0.2403,Low
17697,0.2403,Low
18188,0.2403,Low
39102,0.2402,Low
47335,0.2402,Low
27585,0.2402,Low
29521,0.2402,Low
40791,0.2402,Low
32547,0.2401,Low
28803,0.2401,Low
26794,0.2401,Low
32520,0.24,Low
48425,0.24,Low
17279,0.24,Low
14729,0.2399,Low
32414,0.2399,Low
21960,0.2398,Low
16041,0.2398,Low
26069,0.2398,Low
26027,0.2398,Low
25313,0.2398,Low
21261,0.2398,Low
22322,0.2397,Low
25168,0.2397,Low
36718,0.2396,Low
13591,0.2396,Low
31539,0.2396,Low
15709,0.2396,Low
30206,0.2396,Low
8766,0.2396,Low
13180,0.2396,Low
9871,0.2395,Low
51723,0.2395,Low
41524,0.2395,Low
16160,0.2395,Low
23448,0.2394,Low
47644,0.2394,Low
11134,0.2394,Low
7564,0.2393,Low
1158,0.2393,Low
34681,0.2393,Low
3223,0.2393,Low
10578,0.2392,Low
12520,0.2392,Low
15751,0.2392,Low
38581,0.2391,Low
20692,0.2391,Low
11110,0.2391,Low
7774,0.2391,Low
27407,0.2391,Low
905,0.2391,Low
2941,0.239,Low
7353,0.239,Low
41074,0.239,Low
7948,0.239,Low
34728,0.2389,Low
13644,0.2389,Low
9393,0.2389,Low
4788,0.2389,Low
34568,0.2388,Low
35482,0.2388,Low
9044,0.2388,Low
41142,0.2388,Low
22029,0.2388,Low
25150,0.2388,Low
27143,0.2388,Low
42867,0.2387,Low
51320,0.2387,Low
12577,0.2387,Low
42483,0.2387,Low
24586,0.2387,Low
41405,0.2387,Low
13675,0.2386,Low
8637,0.2386,Low
46425,0.2386,Low
34829,0.2386,Low
46381,0.2386,Low
15810,0.2385,Low
49886,0.2385,Low
25624,0.2385,Low
24047,0.2385,Low
5062,0.2385,Low
31858,0.2384,Low
45867,0.2384,Low
5484,0.2384,Low
2947,0.2384,Low
35616,0.2383,Low
50842,0.2383,Low
45292,0.2383,Low
15368,0.2383,Low
46291,0.2382,Low
21166,0.2382,Low
12029,0.2382,Low
5516,0.2382,Low
10527,0.2381,Low
4147,0.2381,Low
21889,0.2381,Low
8999,0.2381,Low
47337,0.2381,Low
4208,0.238,Low
33783,0.238,Low
18848,0.238,Low
18403,0.238,Low
39795,0.238,Low
9635,0.238,Low
19567,0.2379,Low
703,0.2379,Low
45973,0.2379,Low
37714,0.2379,Low
18005,0.2379,Low
12642,0.2379,Low
42756,0.2379,Low
45624,0.2378,Low
20076,0.2378,Low
33487,0.2377,Low
32395,0.2377,Low
24215,0.2377,Low
31616,0.2377,Low
30092,0.2377,Low
51048,0.2377,Low
4591,0.2377,Low
40692,0.2377,Low
30564,0.2376,Low
16963,0.2376,Low
6251,0.2376,Low
50101,0.2376,Low
17642,0.2375,Low
38592,0.2375,Low
13774,0.2375,Low
35384,0.2375,Low
5395,0.2374,Low
37626,0.2374,Low
7850,0.2374,Low
47871,0.2374,Low
8638,0.2374,Low
12707,0.2373,Low
30493,0.2373,Low
1373,0.2372,Low
14343,0.2372,Low
28205,0.2372,Low
18632,0.2372,Low
6185,0.2371,Low
46017,0.2371,Low
46969,0.2371,Low
25180,0.2371,Low
8170,0.2371,Low
42528,0.2371,Low
40712,0.237,Low
7126,0.237,Low
27879,0.237,Low
49069,0.2369,Low
13733,0.2369,Low
21869,0.2369,Low
40125,0.2369,Low
35544,0.2369,Low
30376,0.2369,Low
27734,0.2369,Low
3305,0.2369,Low
29677,0.2368,Low
47164,0.2368,Low
7368,0.2368,Low
47493,0.2368,Low
29592,0.2368,Low
31071,0.2368,Low
37415,0.2368,Low
30475,0.2367,Low
37725,0.2367,Low
36094,0.2367,Low
16371,0.2367,Low
27577,0.2367,Low
41819,0.2367,Low
50294,0.2367,Low
51679,0.2367,Low
24849,0.2366,Low
46228,0.2366,Low
24173,0.2366,Low
34282,0.2366,Low
34695,0.2364,Low
51691,0.2364,Low
40467,0.2364,Low
46530,0.2364,Low
17315,0.2364,Low
50119,0.2364,Low
14407,0.2364,Low
4164,0.2364,Low
3687,0.2363,Low
38230,0.2363,Low
35223,0.2363,Low
39148,0.2363,Low
15492,0.2363,Low
25380,0.2362,Low
13750,0.2362,Low
44597,0.2362,Low
28473,0.2362,Low
32722,0.2362,Low
14725,0.2362,Low
2956,0.2362,Low
42911,0.2362,Low
48053,0.2361,Low
18083,0.2361,Low
745,0.2361,Low
4716,0.2361,Low
16642,0.236,Low
23784,0.236,Low
37877,0.2359,Low
44197,0.2359,Low
33054,0.2359,Low
4989,0.2359,Low
25943,0.2359,Low
15,0.2359,Low
17576,0.2359,Low
17317,0.2358,Low
43902,0.2358,Low
18927,0.2358,Low
1694,0.2358,Low
34856,0.2358,Low
29026,0.2357,Low
17132,0.2357,Low
769,0.2357,Low
7576,0.2357,Low
6917,0.2357,Low
33208,0.2357,Low
14049,0.2356,Low
10876,0.2356,Low
37221,0.2356,Low
3507,0.2356,Low
33111,0.2356,Low
8783,0.2356,Low
7911,0.2356,Low
20141,0.2356,Low
17350,0.2355,Low
3860,0.2355,Low
4009,0.2354,Low
35558,0.2354,Low
19688,0.2353,Low
15234,0.2353,Low
11741,0.2353,Low
29413,0.2353,Low
37671,0.2353,Low
29239,0.2353,Low
1916,0.2353,Low
43691,0.2352,Low
36673,0.2352,Low
33466,0.2352,Low
3869,0.2352,Low
26342,0.2352,Low
26038,0.2352,Low
6171,0.2352,Low
50663,0.2352,Low
45891,0.2352,Low
34666,0.2352,Low
28451,0.2351,Low
5557,0.2351,Low
44402,0.235,Low
28005,0.235,Low
25846,0.235,Low
30386,0.2349,Low
37032,0.2349,Low
16662,0.2349,Low
39480,0.2349,Low
48443,0.2348,Low
39225,0.2348,Low
39438,0.2348,Low
2851,0.2348,Low
17509,0.2348,Low
33808,0.2348,Low
108,0.2347,Low
34586,0.2347,Low
3705,0.2346,Low
8814,0.2346,Low
25482,0.2346,Low
30378,0.2346,Low
8984,0.2346,Low
36184,0.2345,Low
20304,0.2345,Low
21890,0.2345,Low
5956,0.2345,Low
8292,0.2345,Low
4923,0.2344,Low
50495,0.2344,Low
1145,0.2344,Low
34215,0.2344,Low
838,0.2344,Low
34061,0.2343,Low
23588,0.2343,Low
10101,0.2342,Low
51291,0.2342,Low
24361,0.2342,Low
47541,0.2342,Low
14748,0.2341,Low
28198,0.2341,Low
46388,0.2341,Low
12011,0.2341,Low
22326,0.2341,Low
43111,0.2341,Low
45265,0.2341,Low
1306,0.234,Low
21848,0.234,Low
32180,0.234,Low
29779,0.234,Low
46889,0.234,Low
1197,0.2339,Low
14,0.2339,Low
12092,0.2339,Low
10649,0.2338,Low
16552,0.2338,Low
10707,0.2338,Low
20231,0.2338,Low
26315,0.2338,Low
12017,0.2338,Low
42438,0.2338,Low
11721,0.2337,Low
40455,0.2337,Low
38374,0.2337,Low
11347,0.2337,Low
46240,0.2337,Low
15346,0.2337,Low
16449,0.2337,Low
42600,0.2337,Low
49329,0.2336,Low
6997,0.2336,Low
31813,0.2336,Low
7204,0.2336,Low
21514,0.2336,Low
43214,0.2336,Low
29865,0.2335,Low
49100,0.2335,Low
10736,0.2335,Low
40953,0.2335,Low
27211,0.2335,Low
8701,0.2335,Low
34238,0.2335,Low
14309,0.2335,Low
4346,0.2335,Low
30171,0.2334,Low
31211,0.2334,Low
3875,0.2334,Low
29900,0.2334,Low
6658,0.2334,Low
13324,0.2334,Low
8604,0.2333,Low
40406,0.2333,Low
22751,0.2333,Low
13283,0.2333,Low
5167,0.2333,Low
18486,0.2333,Low
15377,0.2332,Low
7246,0.2332,Low
34010,0.2332,Low
39320,0.2331,Low
51851,0.2331,Low
42007,0.2331,Low
13108,0.2331,Low
7447,0.233,Low
24076,0.233,Low
29016,0.233,Low
48468,0.233,Low
25788,0.233,Low
29355,0.2329,Low
31653,0.2329,Low
5284,0.2329,Low
32947,0.2328,Low
7526,0.2328,Low
30527,0.2328,Low
21138,0.2328,Low
48137,0.2328,Low
26321,0.2328,Low
33647,0.2327,Low
24970,0.2327,Low
21945,0.2327,Low
26528,0.2326,Low
9930,0.2326,Low
915,0.2326,Low
28066,0.2326,Low
43434,0.2326,Low
20903,0.2326,Low
49671,0.2326,Low
16683,0.2325,Low
31562,0.2325,Low
40807,0.2324,Low
32602,0.2324,Low
33345,0.2323,Low
27518,0.2323,Low
29996,0.2323,Low
46130,0.2322,Low
19078,0.2322,Low
38982,0.2322,Low
39275,0.2322,Low
14411,0.2321,Low
15020,0.2321,Low
13014,0.2321,Low
32600,0.2321,Low
31264,0.2321,Low
31026,0.2321,Low
49404,0.232,Low
47020,0.2319,Low
18944,0.2319,Low
17323,0.2318,Low
42580,0.2318,Low
49995,0.2317,Low
5350,0.2317,Low
24053,0.2317,Low
21577,0.2317,Low
25088,0.2317,Low
20358,0.2317,Low
50044,0.2317,Low
32633,0.2317,Low
22057,0.2316,Low
29833,0.2316,Low
50950,0.2316,Low
17072,0.2316,Low
38233,0.2316,Low
13988,0.2316,Low
35042,0.2315,Low
37814,0.2315,Low
10291,0.2315,Low
42321,0.2315,Low
4737,0.2315,Low
49193,0.2315,Low
17560,0.2314,Low
44850,0.2314,Low
45980,0.2314,Low
8700,0.2313,Low
44456,0.2313,Low
26211,0.2313,Low
13698,0.2313,Low
40638,0.2313,Low
8791,0.2313,Low
17091,0.2312,Low
6132,0.2312,Low
16426,0.2312,Low
1415,0.2312,Low
23846,0.2312,Low
28428,0.2312,Low
16748,0.2312,Low
8651,0.2311,Low
48205,0.2311,Low
48692,0.2311,Low
10617,0.2311,Low
38326,0.2311,Low
31127,0.2311,Low
25784,0.231,Low
35083,0.231,Low
15875,0.231,Low
34545,0.231,Low
26495,0.231,Low
33506,0.231,Low
40983,0.231,Low
14597,0.231,Low
51208,0.231,Low
21973,0.231,Low
22074,0.2309,Low
8699,0.2309,Low
48989,0.2309,Low
31695,0.2308,Low
10294,0.2308,Low
42171,0.2308,Low
26269,0.2308,Low
16263,0.2308,Low
2500,0.2308,Low
1040,0.2307,Low
42052,0.2307,Low
36318,0.2306,Low
15109,0.2306,Low
43294,0.2306,Low
44060,0.2306,Low
10809,0.2306,Low
7123,0.2306,Low
40767,0.2306,Low
9719,0.2306,Low
19519,0.2305,Low
11818,0.2305,Low
29963,0.2304,Low
4822,0.2304,Low
25932,0.2304,Low
1468,0.2304,Low
8923,0.2303,Low
8242,0.2303,Low
12609,0.2303,Low
44651,0.2303,Low
41426,0.2302,Low
23659,0.2302,Low
40813,0.2302,Low
33483,0.2302,Low
37289,0.2302,Low
19751,0.2302,Low
18167,0.2302,Low
10120,0.2302,Low
24881,0.2301,Low
12971,0.2301,Low
27492,0.2301,Low
39775,0.2301,Low
48125,0.2301,Low
10463,0.23,Low
23259,0.23,Low
31375,0.23,Low
7438,0.23,Low
25155,0.23,Low
46498,0.23,Low
43904,0.23,Low
40297,0.23,Low
27299,0.2299,Low
29460,0.2299,Low
42877,0.2299,Low
37747,0.2299,Low
38415,0.2298,Low
2664,0.2298,Low
13680,0.2298,Low
42554,0.2298,Low
51096,0.2298,Low
2652,0.2297,Low
48415,0.2297,Low
6713,0.2297,Low
39717,0.2297,Low
2724,0.2296,Low
5428,0.2296,Low
20533,0.2296,Low
32763,0.2296,Low
43492,0.2296,Low
40643,0.2296,Low
41395,0.2296,Low
37439,0.2295,Low
17303,0.2295,Low
31829,0.2295,Low
40257,0.2295,Low
3385,0.2295,Low
32469,0.2295,Low
33676,0.2295,Low
47298,0.2294,Low
33089,0.2294,Low
16027,0.2293,Low
37275,0.2293,Low
47591,0.2293,Low
34819,0.2293,Low
19560,0.2293,Low
24142,0.2293,Low
8320,0.2292,Low
14322,0.2292,Low
3350,0.2291,Low
10133,0.2291,Low
7690,0.2291,Low
37242,0.229,Low
34904,0.229,Low
43639,0.229,Low
24023,0.229,Low
38712,0.2289,Low
17920,0.2289,Low
38073,0.2289,Low
37083,0.2289,Low
11798,0.2289,Low
35,0.2288,Low
7475,0.2287,Low
1499,0.2287,Low
43648,0.2287,Low
8168,0.2287,Low
43662,0.2287,Low
7019,0.2287,Low
37023,0.2287,Low
15802,0.2286,Low
8544,0.2286,Low
19944,0.2286,Low
32636,0.2286,Low
6965,0.2286,Low
19859,0.2286,Low
39844,0.2286,Low
48306,0.2285,Low
32322,0.2285,Low
42061,0.2285,Low
7801,0.2285,Low
43608,0.2285,Low
21159,0.2284,Low
4505,0.2284,Low
32216,0.2284,Low
30065,0.2284,Low
39692,0.2283,Low
32797,0.2283,Low
41192,0.2283,Low
12911,0.2283,Low
1153,0.2283,Low
23520,0.2283,Low
22625,0.2283,Low
33939,0.2283,Low
48488,0.2282,Low
37351,0.2282,Low
36882,0.2282,Low
36666,0.2282,Low
44764,0.2282,Low
35622,0.2282,Low
16521,0.2282,Low
48200,0.2282,Low
15998,0.2281,Low
526,0.2281,Low
47399,0.2281,Low
38871,0.2281,Low
14847,0.2281,Low
36963,0.2281,Low
1997,0.228,Low
24428,0.228,Low
48597,0.228,Low
34354,0.2279,Low
41421,0.2279,Low
18279,0.2279,Low
41343,0.2279,Low
34651,0.2278,Low
39425,0.2278,Low
35872,0.2278,Low
32615,0.2278,Low
30730,0.2278,Low
40786,0.2278,Low
32086,0.2277,Low
16095,0.2277,Low
6325,0.2277,Low
14190,0.2277,Low
32184,0.2276,Low
129,0.2276,Low
4182,0.2276,Low
36270,0.2276,Low
46606,0.2275,Low
8606,0.2275,Low
50892,0.2274,Low
45820,0.2274,Low
5703,0.2274,Low
38672,0.2274,Low
41269,0.2274,Low
37290,0.2274,Low
17981,0.2274,Low
6892,0.2273,Low
39139,0.2273,Low
15872,0.2273,Low
38832,0.2273,Low
36328,0.2273,Low
9523,0.2272,Low
15113,0.2272,Low
17292,0.2272,Low
2965,0.2272,Low
19290,0.2272,Low
20207,0.2271,Low
19784,0.2271,Low
14538,0.2271,Low
8070,0.2271,Low
13782,0.2271,Low
4298,0.2271,Low
2162,0.2271,Low
23863,0.2271,Low
30477,0.227,Low
16440,0.227,Low
24275,0.227,Low
42220,0.227,Low
50373,0.2269,Low
44689,0.2269,Low
51255,0.2269,Low
8000,0.2268,Low
24153,0.2268,Low
46340,0.2268,Low
42397,0.2267,Low
33425,0.2267,Low
21271,0.2267,Low
12321,0.2267,Low
51739,0.2267,Low
26110,0.2267,Low
25768,0.2266,Low
22319,0.2266,Low
11609,0.2265,Low
4734,0.2265,Low
50102,0.2265,Low
32909,0.2265,Low
12736,0.2265,Low
41141,0.2265,Low
631,0.2264,Low
3988,0.2264,Low
13248,0.2264,Low
34827,0.2264,Low
12267,0.2264,Low
24793,0.2263,Low
45407,0.2263,Low
49674,0.2263,Low
1495,0.2263,Low
13091,0.2263,Low
41268,0.2262,Low
6815,0.2262,Low
20340,0.2262,Low
29173,0.2262,Low
51508,0.2262,Low
46846,0.2262,Low
1988,0.2262,Low
32802,0.2262,Low
8354,0.2262,Low
24993,0.2262,Low
6808,0.2261,Low
36915,0.2261,Low
31877,0.2261,Low
20864,0.2261,Low
2694,0.2261,Low
15757,0.2261,Low
13095,0.2261,Low
37601,0.226,Low
34810,0.226,Low
39214,0.226,Low
8903,0.226,Low
13403,0.2259,Low
45904,0.2259,Low
7133,0.2259,Low
38951,0.2258,Low
28341,0.2258,Low
14125,0.2258,Low
19257,0.2258,Low
39611,0.2258,Low
40436,0.2258,Low
10021,0.2257,Low
134,0.2257,Low
26322,0.2257,Low
29384,0.2257,Low
1354,0.2257,Low
40359,0.2257,Low
7231,0.2256,Low
437,0.2256,Low
22460,0.2256,Low
44312,0.2256,Low
13994,0.2255,Low
12747,0.2255,Low
34424,0.2255,Low
43167,0.2255,Low
43482,0.2255,Low
35629,0.2255,Low
12167,0.2255,Low
22609,0.2255,Low
51410,0.2254,Low
8300,0.2254,Low
36251,0.2254,Low
4820,0.2254,Low
2359,0.2253,Low
35554,0.2253,Low
2330,0.2253,Low
30640,0.2253,Low
7248,0.2253,Low
43525,0.2253,Low
8158,0.2252,Low
48999,0.2252,Low
15194,0.2252,Low
50907,0.2252,Low
6556,0.2252,Low
26447,0.2252,Low
22703,0.2252,Low
4593,0.2252,Low
44252,0.2252,Low
623,0.2251,Low
50775,0.2251,Low
8080,0.2251,Low
16067,0.2251,Low
19076,0.2251,Low
732,0.2251,Low
37831,0.2251,Low
13060,0.2251,Low
45063,0.2251,Low
40864,0.2251,Low
20093,0.2249,Low
18033,0.2249,Low
25920,0.2249,Low
11023,0.2248,Low
36042,0.2248,Low
31151,0.2248,Low
39526,0.2248,Low
15893,0.2248,Low
6820,0.2248,Low
43002,0.2247,Low
3473,0.2247,Low
20534,0.2247,Low
50679,0.2247,Low
9147,0.2247,Low
12015,0.2247,Low
46361,0.2247,Low
6720,0.2247,Low
51074,0.2247,Low
11074,0.2246,Low
34200,0.2246,Low
38002,0.2246,Low
13017,0.2246,Low
11515,0.2246,Low
20958,0.2246,Low
8613,0.2245,Low
24991,0.2245,Low
44778,0.2245,Low
44823,0.2245,Low
39881,0.2245,Low
10629,0.2245,Low
3332,0.2244,Low
11645,0.2244,Low
6108,0.2244,Low
27981,0.2244,Low
5394,0.2244,Low
50192,0.2244,Low
42444,0.2243,Low
37616,0.2243,Low
29307,0.2243,Low
1668,0.2243,Low
9,0.2243,Low
42642,0.2242,Low
44406,0.2242,Low
18250,0.2242,Low
5491,0.2242,Low
40980,0.2242,Low
11262,0.2242,Low
2991,0.2241,Low
33612,0.2241,Low
30254,0.2241,Low
39983,0.2241,Low
35553,0.2241,Low
24183,0.2241,Low
38988,0.2241,Low
8922,0.2241,Low
14278,0.2241,Low
43858,0.2241,Low
32881,0.2241,Low
14358,0.2241,Low
36088,0.224,Low
43049,0.224,Low
35955,0.224,Low
35243,0.224,Low
13919,0.224,Low
37397,0.224,Low
37114,0.224,Low
51735,0.224,Low
30358,0.224,Low
2770,0.2239,Low
34585,0.2239,Low
14018,0.2239,Low
19302,0.2239,Low
26404,0.2239,Low
30243,0.2238,Low
25271,0.2238,Low
46821,0.2238,Low
39831,0.2238,Low
39258,0.2238,Low
7021,0.2238,Low
2421,0.2237,Low
27321,0.2237,Low
31433,0.2237,Low
18411,0.2237,Low
6081,0.2237,Low
45929,0.2237,Low
29196,0.2237,Low
25267,0.2236,Low
40662,0.2236,Low
14739,0.2236,Low
33179,0.2236,Low
45450,0.2236,Low
1582,0.2235,Low
45957,0.2235,Low
21398,0.2235,Low
14511,0.2234,Low
18675,0.2234,Low
16979,0.2234,Low
38830,0.2234,Low
33247,0.2234,Low
9176,0.2234,Low
47269,0.2234,Low
23512,0.2233,Low
25683,0.2233,Low
11122,0.2233,Low
29695,0.2233,Low
42697,0.2233,Low
45576,0.2233,Low
22061,0.2233,Low
33514,0.2233,Low
15598,0.2232,Low
15131,0.2232,Low
51940,0.2232,Low
51933,0.2232,Low
6235,0.2232,Low
50814,0.2232,Low
11038,0.2232,Low
11915,0.2232,Low
15948,0.2232,Low
9674,0.2232,Low
26246,0.2231,Low
34867,0.2231,Low
39472,0.2231,Low
51621,0.2231,Low
21801,0.223,Low
15181,0.223,Low
8467,0.223,Low
43431,0.223,Low
44675,0.2229,Low
7899,0.2229,Low
968,0.2229,Low
41561,0.2229,Low
17853,0.2229,Low
2003,0.2229,Low
21247,0.2228,Low
28741,0.2228,Low
25616,0.2228,Low
12691,0.2227,Low
51436,0.2227,Low
21474,0.2227,Low
6115,0.2226,Low
33666,0.2226,Low
50252,0.2226,Low
17156,0.2226,Low
35519,0.2226,Low
36362,0.2225,Low
43343,0.2225,Low
12437,0.2225,Low
34683,0.2225,Low
40395,0.2225,Low
18805,0.2225,Low
34570,0.2225,Low
9106,0.2225,Low
688,0.2225,Low
35171,0.2225,Low
46736,0.2224,Low
23234,0.2224,Low
24722,0.2224,Low
34690,0.2223,Low
44755,0.2223,Low
5292,0.2223,Low
28239,0.2222,Low
27746,0.2222,Low
46256,0.2222,Low
14431,0.2222,Low
51750,0.2221,Low
13714,0.2221,Low
23033,0.2221,Low
47571,0.222,Low
36705,0.222,Low
5015,0.222,Low
32124,0.222,Low
48145,0.222,Low
30944,0.222,Low
42574,0.222,Low
20621,0.222,Low
37262,0.2219,Low
11291,0.2219,Low
32429,0.2219,Low
25240,0.2218,Low
20951,0.2218,Low
14116,0.2218,Low
7881,0.2218,Low
49370,0.2217,Low
13170,0.2217,Low
27059,0.2217,Low
46895,0.2216,Low
42212,0.2216,Low
30001,0.2216,Low
19963,0.2216,Low
12371,0.2215,Low
40746,0.2215,Low
7536,0.2215,Low
3781,0.2215,Low
28153,0.2215,Low
45924,0.2215,Low
21429,0.2215,Low
16967,0.2215,Low
12125,0.2215,Low
28511,0.2214,Low
2779,0.2214,Low
1207,0.2214,Low
13285,0.2214,Low
7173,0.2213,Low
37090,0.2213,Low
49216,0.2213,Low
7315,0.2213,Low
46537,0.2213,Low
24536,0.2213,Low
22810,0.2212,Low
22719,0.2212,Low
1710,0.2212,Low
27445,0.2212,Low
33075,0.2212,Low
11896,0.2212,Low
28700,0.2212,Low
5046,0.2212,Low
44287,0.2211,Low
27683,0.2211,Low
40277,0.2211,Low
16734,0.2211,Low
31961,0.2211,Low
37382,0.2211,Low
41488,0.2211,Low
37358,0.2211,Low
2348,0.2211,Low
19045,0.2211,Low
45237,0.2211,Low
16759,0.2211,Low
24858,0.2211,Low
3006,0.221,Low
12312,0.221,Low
50046,0.221,Low
37476,0.221,Low
1686,0.2209,Low
38252,0.2209,Low
21615,0.2209,Low
46446,0.2209,Low
38485,0.2209,Low
39358,0.2209,Low
10583,0.2209,Low
14654,0.2209,Low
14632,0.2208,Low
35404,0.2208,Low
4469,0.2208,Low
29152,0.2208,Low
48941,0.2208,Low
22495,0.2208,Low
3088,0.2208,Low
17776,0.2208,Low
13171,0.2207,Low
42291,0.2207,Low
19086,0.2207,Low
31493,0.2206,Low
9248,0.2206,Low
12661,0.2206,Low
7686,0.2206,Low
1112,0.2206,Low
21262,0.2206,Low
42977,0.2206,Low
4670,0.2206,Low
25001,0.2206,Low
12072,0.2206,Low
28363,0.2206,Low
2503,0.2205,Low
35378,0.2205,Low
8101,0.2205,Low
51149,0.2205,Low
21983,0.2205,Low
30456,0.2205,Low
1905,0.2205,Low
51726,0.2204,Low
25901,0.2204,Low
5891,0.2204,Low
7705,0.2204,Low
51169,0.2204,Low
49942,0.2203,Low
25956,0.2203,Low
29539,0.2203,Low
15866,0.2203,Low
9683,0.2202,Low
49180,0.2202,Low
29436,0.2201,Low
48327,0.2201,Low
38733,0.2201,Low
3965,0.22,Low
18867,0.22,Low
21995,0.22,Low
48750,0.2199,Low
45335,0.2199,Low
46513,0.2199,Low
13875,0.2199,Low
46745,0.2199,Low
31675,0.2199,Low
47519,0.2199,Low
34015,0.2198,Low
27465,0.2198,Low
9281,0.2198,Low
40306,0.2198,Low
23249,0.2198,Low
13487,0.2197,Low
45110,0.2197,Low
44067,0.2197,Low
26982,0.2197,Low
29373,0.2197,Low
8202,0.2197,Low
13708,0.2197,Low
149,0.2197,Low
28523,0.2196,Low
5213,0.2196,Low
6147,0.2196,Low
15945,0.2196,Low
28631,0.2196,Low
47549,0.2195,Low
27552,0.2195,Low
7677,0.2195,Low
24939,0.2195,Low
28255,0.2195,Low
30067,0.2194,Low
27315,0.2194,Low
19317,0.2194,Low
20314,0.2194,Low
41540,0.2194,Low
39430,0.2194,Low
40232,0.2194,Low
42959,0.2194,Low
27864,0.2194,Low
11651,0.2193,Low
7692,0.2193,Low
31156,0.2193,Low
47551,0.2193,Low
998,0.2193,Low
827,0.2193,Low
5884,0.2192,Low
13013,0.2192,Low
379,0.2192,Low
19792,0.2192,Low
42407,0.2191,Low
3254,0.2191,Low
28770,0.2191,Low
41670,0.2191,Low
45943,0.219,Low
33478,0.219,Low
47731,0.219,Low
5613,0.219,Low
51901,0.219,Low
49756,0.219,Low
47183,0.219,Low
40019,0.219,Low
39923,0.2189,Low
34007,0.2189,Low
19234,0.2189,Low
19915,0.2189,Low
5423,0.2189,Low
40115,0.2189,Low
7708,0.2189,Low
17634,0.2188,Low
3845,0.2188,Low
15650,0.2188,Low
10540,0.2188,Low
27260,0.2188,Low
48780,0.2187,Low
14244,0.2187,Low
14625,0.2187,Low
16421,0.2186,Low
45394,0.2186,Low
10953,0.2186,Low
7990,0.2186,Low
10026,0.2186,Low
14969,0.2186,Low
24016,0.2186,Low
19933,0.2185,Low
44038,0.2185,Low
38406,0.2185,Low
25241,0.2185,Low
51885,0.2185,Low
51900,0.2185,Low
48959,0.2185,Low
2002,0.2184,Low
28280,0.2184,Low
49034,0.2184,Low
6373,0.2184,Low
34302,0.2183,Low
32581,0.2183,Low
48521,0.2183,Low
22591,0.2183,Low
28773,0.2183,Low
13261,0.2183,Low
11373,0.2182,Low
25690,0.2182,Low
2158,0.2182,Low
26721,0.2182,Low
17529,0.2182,Low
1547,0.2182,Low
24401,0.2182,Low
30082,0.2182,Low
43791,0.2181,Low
35030,0.218,Low
43813,0.218,Low
20493,0.218,Low
40420,0.218,Low
12219,0.218,Low
43384,0.218,Low
2233,0.2179,Low
4603,0.2179,Low
29291,0.2179,Low
42816,0.2179,Low
25064,0.2179,Low
10022,0.2179,Low
50420,0.2179,Low
26410,0.2179,Low
13230,0.2178,Low
26051,0.2178,Low
9111,0.2178,Low
28197,0.2178,Low
47467,0.2178,Low
12180,0.2178,Low
36561,0.2178,Low
48348,0.2178,Low
41789,0.2178,Low
11091,0.2177,Low
15612,0.2177,Low
1322,0.2177,Low
17624,0.2177,Low
43624,0.2177,Low
29540,0.2177,Low
34456,0.2177,Low
31587,0.2177,Low
36744,0.2176,Low
18705,0.2176,Low
2017,0.2176,Low
34492,0.2176,Low
48797,0.2176,Low
20580,0.2176,Low
24651,0.2176,Low
7140,0.2175,Low
38911,0.2175,Low
12211,0.2175,Low
4331,0.2175,Low
13158,0.2175,Low
47301,0.2175,Low
44612,0.2174,Low
28957,0.2174,Low
14769,0.2174,Low
32518,0.2174,Low
26701,0.2174,Low
39313,0.2174,Low
46318,0.2174,Low
14736,0.2174,Low
25955,0.2174,Low
32779,0.2174,Low
6724,0.2174,Low
4470,0.2174,Low
7562,0.2173,Low
45630,0.2173,Low
20069,0.2173,Low
940,0.2173,Low
24011,0.2173,Low
4596,0.2172,Low
29409,0.2172,Low
10305,0.2172,Low
49745,0.2172,Low
16767,0.2172,Low
8273,0.2172,Low
48073,0.2172,Low
49600,0.2172,Low
19930,0.2172,Low
36215,0.2172,Low
12434,0.2172,Low
46128,0.2171,Low
51360,0.2171,Low
20981,0.2171,Low
39255,0.2171,Low
37775,0.217,Low
45690,0.217,Low
39650,0.217,Low
46063,0.217,Low
1876,0.217,Low
43465,0.217,Low
8748,0.217,Low
28232,0.2169,Low
44971,0.2169,Low
33296,0.2169,Low
15805,0.2169,Low
14740,0.2169,Low
15469,0.2168,Low
2436,0.2167,Low
15878,0.2167,Low
6722,0.2167,Low
8035,0.2167,Low
22181,0.2167,Low
41314,0.2167,Low
40214,0.2167,Low
20112,0.2166,Low
28533,0.2166,Low
39021,0.2166,Low
42169,0.2166,Low
13917,0.2166,Low
24209,0.2166,Low
49654,0.2166,Low
30126,0.2165,Low
29915,0.2165,Low
981,0.2165,Low
29470,0.2164,Low
39969,0.2164,Low
35478,0.2164,Low
36162,0.2164,Low
20959,0.2164,Low
13922,0.2164,Low
22455,0.2163,Low
35353,0.2163,Low
18510,0.2163,Low
40918,0.2163,Low
36581,0.2163,Low
5783,0.2162,Low
42266,0.2162,Low
36108,0.2162,Low
1944,0.2162,Low
2610,0.2162,Low
40163,0.2162,Low
39938,0.2161,Low
2180,0.2161,Low
27873,0.2161,Low
41092,0.2161,Low
35217,0.2161,Low
39024,0.2161,Low
13232,0.2161,Low
38097,0.2161,Low
43336,0.2161,Low
24492,0.216,Low
23559,0.216,Low
42505,0.2159,Low
45588,0.2159,Low
30235,0.2159,Low
23457,0.2159,Low
5459,0.2159,Low
11201,0.2159,Low
38618,0.2159,Low
39756,0.2159,Low
21391,0.2159,Low
26680,0.2158,Low
9348,0.2158,Low
2117,0.2158,Low
31840,0.2158,Low
46773,0.2157,Low
1973,0.2157,Low
6580,0.2157,Low
18842,0.2156,Low
19709,0.2156,Low
27453,0.2156,Low
38215,0.2156,Low
24271,0.2156,Low
26849,0.2156,Low
3776,0.2156,Low
32403,0.2155,Low
50114,0.2155,Low
26053,0.2155,Low
19014,0.2155,Low
31180,0.2155,Low
21768,0.2155,Low
25448,0.2155,Low
42108,0.2155,Low
3370,0.2155,Low
33218,0.2154,Low
35818,0.2154,Low
46762,0.2154,Low
16980,0.2154,Low
24840,0.2154,Low
44542,0.2154,Low
25308,0.2154,Low
50211,0.2154,Low
3111,0.2154,Low
35841,0.2154,Low
10644,0.2154,Low
8607,0.2153,Low
49860,0.2153,Low
5486,0.2153,Low
6345,0.2153,Low
12822,0.2153,Low
29454,0.2153,Low
27275,0.2152,Low
1614,0.2152,Low
4794,0.2152,Low
15814,0.2152,Low
29289,0.2152,Low
11778,0.2152,Low
778,0.2152,Low
45608,0.2152,Low
43383,0.2152,Low
22655,0.2151,Low
12023,0.2151,Low
15630,0.215,Low
35334,0.215,Low
27679,0.215,Low
24177,0.215,Low
350,0.215,Low
6046,0.2149,Low
33261,0.2149,Low
3736,0.2149,Low
42612,0.2149,Low
13545,0.2149,Low
25036,0.2149,Low
5071,0.2149,Low
28108,0.2149,Low
3424,0.2149,Low
16937,0.2148,Low
37711,0.2148,Low
8277,0.2148,Low
51119,0.2148,Low
21421,0.2148,Low
32406,0.2147,Low
12479,0.2147,Low
14949,0.2147,Low
45197,0.2147,Low
11902,0.2146,Low
8442,0.2146,Low
39608,0.2145,Low
32154,0.2145,Low
43638,0.2144,Low
37069,0.2144,Low
47991,0.2144,Low
35007,0.2143,Low
34410,0.2143,Low
43710,0.2143,Low
49633,0.2143,Low
31012,0.2143,Low
34168,0.2143,Low
45796,0.2143,Low
19873,0.2143,Low
1403,0.2143,Low
40042,0.2143,Low
9538,0.2142,Low
10627,0.2142,Low
23648,0.2142,Low
50226,0.2142,Low
42844,0.2142,Low
7396,0.2141,Low
14786,0.2141,Low
10189,0.2141,Low
45419,0.2141,Low
36592,0.2141,Low
47647,0.2141,Low
20663,0.2141,Low
12524,0.2141,Low
19522,0.2141,Low
13579,0.214,Low
39285,0.214,Low
47861,0.214,Low
17815,0.214,Low
12495,0.214,Low
31706,0.214,Low
49579,0.214,Low
16687,0.214,Low
3269,0.2139,Low
16992,0.2139,Low
49900,0.2139,Low
25209,0.2139,Low
36876,0.2139,Low
42015,0.2139,Low
12372,0.2139,Low
51277,0.2138,Low
44290,0.2138,Low
2311,0.2138,Low
36837,0.2138,Low
40553,0.2138,Low
44466,0.2137,Low
47507,0.2137,Low
21097,0.2137,Low
19843,0.2137,Low
19355,0.2137,Low
44295,0.2137,Low
49211,0.2137,Low
23521,0.2136,Low
51923,0.2136,Low
49365,0.2136,Low
35546,0.2136,Low
11980,0.2136,Low
36694,0.2136,Low
47407,0.2135,Low
28728,0.2135,Low
44515,0.2135,Low
6577,0.2135,Low
9227,0.2135,Low
39612,0.2135,Low
3668,0.2134,Low
33540,0.2134,Low
8304,0.2134,Low
19941,0.2134,Low
29022,0.2134,Low
46354,0.2134,Low
49041,0.2133,Low
26959,0.2133,Low
3101,0.2133,Low
12542,0.2133,Low
37282,0.2133,Low
26058,0.2133,Low
48867,0.2133,Low
42725,0.2133,Low
42111,0.2133,Low
46447,0.2132,Low
29919,0.2132,Low
2537,0.2132,Low
34179,0.2132,Low
25588,0.2131,Low
15781,0.2131,Low
29071,0.2131,Low
20841,0.2131,Low
15864,0.2131,Low
9282,0.2131,Low
11930,0.2131,Low
4158,0.2131,Low
29625,0.213,Low
13572,0.213,Low
45318,0.213,Low
28804,0.213,Low
2080,0.213,Low
104,0.213,Low
19614,0.213,Low
32207,0.213,Low
17454,0.213,Low
9727,0.213,Low
49051,0.213,Low
12429,0.213,Low
6389,0.213,Low
36678,0.2129,Low
15708,0.2129,Low
29099,0.2129,Low
26889,0.2129,Low
44318,0.2129,Low
18244,0.2129,Low
9092,0.2128,Low
16248,0.2128,Low
24018,0.2128,Low
40442,0.2128,Low
4615,0.2128,Low
49748,0.2128,Low
23076,0.2128,Low
13567,0.2127,Low
27266,0.2127,Low
47775,0.2127,Low
31149,0.2127,Low
29222,0.2127,Low
611,0.2127,Low
17188,0.2127,Low
15827,0.2126,Low
7910,0.2126,Low
44805,0.2126,Low
42927,0.2125,Low
14229,0.2125,Low
48006,0.2125,Low
41933,0.2125,Low
2012,0.2125,Low
13844,0.2125,Low
14301,0.2125,Low
40327,0.2125,Low
50395,0.2125,Low
1671,0.2124,Low
48423,0.2124,Low
31075,0.2124,Low
1404,0.2124,Low
4464,0.2124,Low
18269,0.2124,Low
49757,0.2124,Low
32415,0.2123,Low
23983,0.2123,Low
40069,0.2123,Low
20379,0.2123,Low
30881,0.2123,Low
12076,0.2123,Low
38340,0.2123,Low
25292,0.2123,Low
27041,0.2123,Low
29878,0.2123,Low
32387,0.2122,Low
27775,0.2122,Low
36476,0.2121,Low
27682,0.2121,Low
14914,0.2121,Low
36106,0.2121,Low
48465,0.2121,Low
37656,0.2121,Low
44349,0.2121,Low
51606,0.2121,Low
14803,0.212,Low
38584,0.212,Low
31533,0.212,Low
50718,0.212,Low
8156,0.212,Low
51911,0.212,Low
13732,0.212,Low
47446,0.212,Low
32224,0.212,Low
33337,0.2119,Low
36008,0.2119,Low
31293,0.2119,Low
24509,0.2118,Low
51081,0.2118,Low
46925,0.2118,Low
39089,0.2118,Low
18138,0.2118,Low
50227,0.2118,Low
4627,0.2118,Low
49192,0.2118,Low
38984,0.2118,Low
50251,0.2118,Low
22979,0.2118,Low
16547,0.2118,Low
40025,0.2117,Low
20766,0.2117,Low
19964,0.2117,Low
5230,0.2117,Low
33527,0.2117,Low
42187,0.2117,Low
15496,0.2117,Low
15697,0.2117,Low
4918,0.2117,Low
14256,0.2117,Low
34396,0.2117,Low
12168,0.2117,Low
43226,0.2117,Low
47824,0.2116,Low
41354,0.2116,Low
8757,0.2116,Low
51230,0.2116,Low
5888,0.2116,Low
34870,0.2116,Low
1441,0.2116,Low
20315,0.2116,Low
46236,0.2116,Low
18760,0.2116,Low
13596,0.2116,Low
18207,0.2116,Low
50850,0.2115,Low
19864,0.2115,Low
48782,0.2115,Low
1407,0.2115,Low
20816,0.2115,Low
36087,0.2115,Low
30144,0.2114,Low
21772,0.2114,Low
18479,0.2114,Low
25980,0.2114,Low
21214,0.2114,Low
50902,0.2114,Low
45380,0.2114,Low
19747,0.2114,Low
42202,0.2114,Low
16551,0.2113,Low
6386,0.2113,Low
7130,0.2113,Low
27178,0.2113,Low
7437,0.2113,Low
49320,0.2113,Low
51765,0.2113,Low
8733,0.2112,Low
36791,0.2112,Low
5197,0.2112,Low
5087,0.2112,Low
44056,0.2112,Low
14137,0.2112,Low
21830,0.2111,Low
41738,0.2111,Low
41605,0.2111,Low
9663,0.2111,Low
15419,0.2111,Low
32167,0.2111,Low
11066,0.2111,Low
16006,0.2111,Low
7471,0.2111,Low
16999,0.2111,Low
38237,0.2111,Low
27530,0.211,Low
11075,0.211,Low
13049,0.211,Low
34090,0.211,Low
19429,0.211,Low
21071,0.211,Low
20972,0.211,Low
44702,0.2109,Low
30531,0.2109,Low
42545,0.2109,Low
23697,0.2109,Low
8268,0.2109,Low
40334,0.2109,Low
17283,0.2109,Low
39573,0.2109,Low
11713,0.2109,Low
18323,0.2109,Low
8536,0.2109,Low
48097,0.2109,Low
25760,0.2109,Low
8526,0.2108,Low
44176,0.2108,Low
10609,0.2108,Low
12721,0.2108,Low
2731,0.2108,Low
29269,0.2107,Low
5586,0.2107,Low
2453,0.2107,Low
42253,0.2107,Low
45273,0.2107,Low
2884,0.2107,Low
37971,0.2107,Low
527,0.2106,Low
42134,0.2106,Low
37216,0.2106,Low
8879,0.2106,Low
7029,0.2106,Low
25909,0.2106,Low
9181,0.2105,Low
26384,0.2105,Low
39993,0.2105,Low
35642,0.2105,Low
37593,0.2105,Low
31600,0.2105,Low
19887,0.2105,Low
6,0.2105,Low
21493,0.2104,Low
22990,0.2104,Low
48932,0.2104,Low
14910,0.2104,Low
15896,0.2104,Low
50810,0.2104,Low
23727,0.2104,Low
9398,0.2104,Low
40133,0.2104,Low
25754,0.2104,Low
32036,0.2104,Low
23419,0.2103,Low
43894,0.2103,Low
29673,0.2103,Low
9223,0.2103,Low
24055,0.2103,Low
13414,0.2103,Low
26727,0.2103,Low
42758,0.2103,Low
26811,0.2103,Low
26030,0.2103,Low
29119,0.2102,Low
37441,0.2102,Low
436,0.2101,Low
45878,0.2101,Low
26155,0.2101,Low
7096,0.2101,Low
40176,0.2101,Low
44473,0.21,Low
49985,0.21,Low
34726,0.21,Low
51614,0.21,Low
37062,0.21,Low
32357,0.21,Low
10952,0.2099,Low
50682,0.2099,Low
3962,0.2099,Low
49819,0.2099,Low
24870,0.2099,Low
19466,0.2099,Low
29576,0.2099,Low
45305,0.2099,Low
41424,0.2099,Low
33957,0.2099,Low
22531,0.2098,Low
16774,0.2098,Low
8727,0.2098,Low
23741,0.2098,Low
32583,0.2097,Low
51746,0.2097,Low
2360,0.2097,Low
16011,0.2097,Low
694,0.2097,Low
17905,0.2097,Low
47979,0.2097,Low
24538,0.2097,Low
224,0.2097,Low
42635,0.2097,Low
35354,0.2097,Low
21538,0.2096,Low
42247,0.2096,Low
10633,0.2096,Low
5837,0.2096,Low
50832,0.2096,Low
11452,0.2096,Low
27537,0.2096,Low
10369,0.2096,Low
39533,0.2096,Low
28611,0.2096,Low
30261,0.2095,Low
50568,0.2095,Low
3594,0.2095,Low
21107,0.2095,Low
12673,0.2095,Low
38309,0.2095,Low
49662,0.2095,Low
48522,0.2095,Low
49850,0.2094,Low
16812,0.2094,Low
40186,0.2094,Low
16343,0.2094,Low
6175,0.2093,Low
10838,0.2093,Low
3657,0.2093,Low
16682,0.2093,Low
38559,0.2093,Low
8945,0.2093,Low
2651,0.2093,Low
33849,0.2092,Low
25003,0.2092,Low
44539,0.2092,Low
51076,0.2092,Low
8772,0.2092,Low
50727,0.2092,Low
47825,0.2092,Low
1389,0.2092,Low
35502,0.2092,Low
22321,0.2091,Low
33629,0.2091,Low
14318,0.2091,Low
49118,0.2091,Low
34189,0.209,Low
34321,0.209,Low
19523,0.209,Low
30460,0.209,Low
613,0.209,Low
1035,0.209,Low
6952,0.2089,Low
47055,0.2089,Low
49882,0.2089,Low
7601,0.2089,Low
20369,0.2089,Low
23729,0.2089,Low
43247,0.2089,Low
49277,0.2089,Low
17101,0.2089,Low
2335,0.2089,Low
32875,0.2089,Low
30815,0.2089,Low
2122,0.2088,Low
12924,0.2088,Low
39686,0.2088,Low
30196,0.2088,Low
24867,0.2088,Low
46445,0.2088,Low
21498,0.2088,Low
3660,0.2088,Low
41431,0.2088,Low
4151,0.2088,Low
1335,0.2088,Low
13801,0.2087,Low
20996,0.2087,Low
31034,0.2087,Low
40773,0.2087,Low
810,0.2087,Low
44545,0.2087,Low
20473,0.2087,Low
5934,0.2087,Low
17457,0.2087,Low
22821,0.2086,Low
25415,0.2086,Low
1345,0.2086,Low
41956,0.2086,Low
43521,0.2086,Low
27998,0.2085,Low
19064,0.2085,Low
46871,0.2085,Low
22372,0.2085,Low
9143,0.2084,Low
19829,0.2084,Low
2297,0.2084,Low
30106,0.2084,Low
22312,0.2084,Low
10178,0.2084,Low
19272,0.2084,Low
30207,0.2084,Low
445,0.2083,Low
41283,0.2083,Low
6726,0.2083,Low
4726,0.2083,Low
13735,0.2083,Low
12930,0.2083,Low
32321,0.2083,Low
16949,0.2083,Low
14911,0.2083,Low
32355,0.2083,Low
5631,0.2083,Low
13974,0.2082,Low
35477,0.2082,Low
26259,0.2082,Low
44138,0.2082,Low
7175,0.2082,Low
32528,0.2082,Low
18273,0.2082,Low
15124,0.2082,Low
17190,0.2081,Low
24265,0.2081,Low
39828,0.2081,Low
39126,0.2081,Low
1042,0.2081,Low
19871,0.2081,Low
16207,0.208,Low
51025,0.208,Low
2701,0.208,Low
45279,0.208,Low
22503,0.208,Low
996,0.208,Low
29271,0.2079,Low
31638,0.2079,Low
14111,0.2079,Low
20396,0.2079,Low
20821,0.2079,Low
26699,0.2079,Low
10595,0.2079,Low
19463,0.2078,Low
13381,0.2078,Low
33672,0.2078,Low
40489,0.2078,Low
36865,0.2077,Low
3251,0.2077,Low
17411,0.2077,Low
47296,0.2077,Low
48352,0.2077,Low
43237,0.2077,Low
30943,0.2077,Low
26356,0.2077,Low
48687,0.2076,Low
5931,0.2076,Low
31522,0.2076,Low
4610,0.2076,Low
47215,0.2076,Low
43752,0.2075,Low
17071,0.2075,Low
32564,0.2075,Low
11418,0.2075,Low
5757,0.2075,Low
44300,0.2075,Low
6669,0.2074,Low
7362,0.2074,Low
10591,0.2074,Low
48399,0.2074,Low
23367,0.2074,Low
32914,0.2074,Low
51232,0.2074,Low
34082,0.2074,Low
10646,0.2073,Low
35209,0.2073,Low
18149,0.2073,Low
16549,0.2073,Low
30275,0.2072,Low
9031,0.2072,Low
25824,0.2072,Low
24521,0.2072,Low
31305,0.2071,Low
31323,0.2071,Low
14915,0.2071,Low
46531,0.2071,Low
9261,0.2071,Low
44669,0.2071,Low
9131,0.207,Low
46667,0.207,Low
7602,0.207,Low
29393,0.207,Low
25317,0.207,Low
37047,0.207,Low
19812,0.207,Low
40476,0.207,Low
35458,0.207,Low
10139,0.2069,Low
30471,0.2069,Low
31487,0.2069,Low
17926,0.2069,Low
3122,0.2069,Low
45066,0.2068,Low
11732,0.2068,Low
42401,0.2068,Low
38721,0.2068,Low
39749,0.2067,Low
822,0.2067,Low
16291,0.2067,Low
39669,0.2067,Low
49303,0.2067,Low
7846,0.2067,Low
45861,0.2066,Low
9374,0.2066,Low
14179,0.2066,Low
47220,0.2066,Low
11352,0.2066,Low
43761,0.2066,Low
23761,0.2066,Low
25763,0.2066,Low
1491,0.2065,Low
17910,0.2065,Low
14848,0.2065,Low
1283,0.2064,Low
32489,0.2064,Low
45748,0.2064,Low
40889,0.2064,Low
5540,0.2064,Low
48745,0.2064,Low
36609,0.2064,Low
41928,0.2063,Low
2065,0.2063,Low
30448,0.2063,Low
24369,0.2063,Low
17964,0.2062,Low
25689,0.2062,Low
12306,0.2062,Low
44780,0.2062,Low
40524,0.2062,Low
41612,0.2062,Low
38138,0.2062,Low
24727,0.2061,Low
28163,0.2061,Low
25042,0.2061,Low
39558,0.2061,Low
7478,0.2061,Low
24700,0.2061,Low
50593,0.2061,Low
15577,0.2061,Low
38640,0.206,Low
24297,0.206,Low
22629,0.206,Low
17686,0.206,Low
51991,0.206,Low
20762,0.206,Low
39097,0.206,Low
46722,0.206,Low
48588,0.206,Low
40606,0.206,Low
37005,0.206,Low
45853,0.206,Low
26283,0.206,Low
40092,0.2059,Low
16146,0.2059,Low
27047,0.2059,Low
3711,0.2059,Low
6749,0.2059,Low
34096,0.2059,Low
10295,0.2059,Low
27502,0.2058,Low
21140,0.2058,Low
17922,0.2058,Low
26152,0.2058,Low
15454,0.2058,Low
33886,0.2058,Low
19588,0.2058,Low
40124,0.2058,Low
47581,0.2058,Low
14701,0.2057,Low
9241,0.2057,Low
7300,0.2057,Low
14996,0.2057,Low
22880,0.2057,Low
11471,0.2057,Low
14315,0.2057,Low
42270,0.2057,Low
47513,0.2057,Low
34727,0.2057,Low
13668,0.2056,Low
31613,0.2056,Low
49623,0.2056,Low
11142,0.2056,Low
20501,0.2056,Low
28724,0.2056,Low
4782,0.2056,Low
29131,0.2056,Low
4953,0.2055,Low
9310,0.2055,Low
12724,0.2055,Low
50651,0.2055,Low
37440,0.2055,Low
17449,0.2055,Low
20088,0.2055,Low
3943,0.2054,Low
605,0.2054,Low
19899,0.2054,Low
47420,0.2054,Low
38960,0.2054,Low
6962,0.2054,Low
34450,0.2054,Low
6570,0.2053,Low
41252,0.2053,Low
46386,0.2053,Low
48222,0.2053,Low
45377,0.2053,Low
18156,0.2053,Low
24181,0.2053,Low
25504,0.2053,Low
36961,0.2053,Low
22275,0.2053,Low
43528,0.2053,Low
48831,0.2053,Low
29612,0.2053,Low
14444,0.2053,Low
25605,0.2052,Low
19485,0.2052,Low
43282,0.2052,Low
8768,0.2052,Low
14024,0.2052,Low
12418,0.2052,Low
5079,0.2052,Low
39836,0.2052,Low
14537,0.2052,Low
5798,0.2052,Low
16783,0.2051,Low
29443,0.2051,Low
32837,0.2051,Low
46778,0.2051,Low
9684,0.2051,Low
8019,0.2051,Low
42302,0.2051,Low
42550,0.2051,Low
39205,0.2051,Low
47849,0.2051,Low
28212,0.205,Low
14814,0.205,Low
14870,0.205,Low
47199,0.205,Low
16201,0.205,Low
48441,0.205,Low
7427,0.205,Low
22825,0.205,Low
20445,0.205,Low
446,0.205,Low
43942,0.2049,Low
11693,0.2049,Low
18920,0.2049,Low
35716,0.2049,Low
22300,0.2048,Low
29429,0.2048,Low
22333,0.2048,Low
35935,0.2048,Low
49066,0.2048,Low
41583,0.2048,Low
19639,0.2048,Low
14401,0.2047,Low
21986,0.2047,Low
4553,0.2047,Low
14067,0.2047,Low
19842,0.2047,Low
12538,0.2046,Low
51613,0.2046,Low
19213,0.2046,Low
43508,0.2045,Low
27661,0.2045,Low
51913,0.2045,Low
17897,0.2045,Low
21152,0.2045,Low
6834,0.2045,Low
4093,0.2045,Low
17828,0.2045,Low
49563,0.2045,Low
11549,0.2044,Low
15047,0.2044,Low
19874,0.2044,Low
24668,0.2044,Low
13692,0.2044,Low
43040,0.2044,Low
16666,0.2044,Low
7495,0.2043,Low
51325,0.2043,Low
38358,0.2043,Low
49067,0.2043,Low
34754,0.2043,Low
44808,0.2043,Low
23541,0.2043,Low
29442,0.2043,Low
40520,0.2043,Low
42213,0.2043,Low
14184,0.2042,Low
3015,0.2042,Low
26428,0.2042,Low
9279,0.2042,Low
13100,0.2042,Low
40691,0.2042,Low
47645,0.2042,Low
10564,0.2042,Low
33171,0.2042,Low
8916,0.2041,Low
41588,0.2041,Low
9245,0.2041,Low
17520,0.2041,Low
49535,0.2041,Low
685,0.204,Low
14675,0.204,Low
38740,0.204,Low
741,0.204,Low
27292,0.204,Low
28872,0.204,Low
40895,0.204,Low
22511,0.204,Low
32422,0.204,Low
29403,0.204,Low
26800,0.204,Low
1702,0.204,Low
39683,0.204,Low
6987,0.2039,Low
40948,0.2039,Low
13055,0.2039,Low
30772,0.2039,Low
47253,0.2039,Low
4879,0.2039,Low
34535,0.2039,Low
45961,0.2039,Low
22540,0.2038,Low
47023,0.2038,Low
22043,0.2038,Low
15140,0.2038,Low
41634,0.2038,Low
28644,0.2038,Low
37169,0.2038,Low
20043,0.2038,Low
31792,0.2038,Low
49591,0.2038,Low
5850,0.2038,Low
46673,0.2038,Low
12859,0.2038,Low
25244,0.2038,Low
49292,0.2038,Low
4650,0.2037,Low
26988,0.2037,Low
21586,0.2037,Low
38054,0.2037,Low
27797,0.2037,Low
12928,0.2037,Low
40994,0.2036,Low
17066,0.2036,Low
8621,0.2036,Low
3727,0.2036,Low
22280,0.2036,Low
43996,0.2036,Low
28332,0.2036,Low
10619,0.2035,Low
29988,0.2035,Low
35586,0.2035,Low
37425,0.2035,Low
19384,0.2034,Low
35679,0.2034,Low
6616,0.2034,Low
12299,0.2034,Low
41365,0.2034,Low
42145,0.2034,Low
557,0.2034,Low
2231,0.2034,Low
3713,0.2033,Low
7732,0.2033,Low
47287,0.2033,Low
42753,0.2033,Low
41487,0.2033,Low
38561,0.2033,Low
4795,0.2033,Low
18395,0.2033,Low
33920,0.2033,Low
36799,0.2032,Low
30009,0.2032,Low
18026,0.2032,Low
28331,0.2032,Low
45896,0.2032,Low
33703,0.2032,Low
16632,0.2032,Low
26379,0.2032,Low
10592,0.2032,Low
21766,0.2032,Low
47815,0.2031,Low
3511,0.2031,Low
43285,0.2031,Low
34454,0.2031,Low
46656,0.2031,Low
44774,0.2031,Low
2471,0.2031,Low
51776,0.203,Low
11583,0.203,Low
43348,0.203,Low
6805,0.203,Low
42532,0.203,Low
34693,0.203,Low
28106,0.203,Low
39339,0.2029,Low
5385,0.2029,Low
36090,0.2029,Low
5927,0.2029,Low
4790,0.2029,Low
4153,0.2029,Low
32122,0.2029,Low
42676,0.2028,Low
8636,0.2028,Low
28263,0.2028,Low
22358,0.2028,Low
46522,0.2028,Low
37791,0.2028,Low
38128,0.2028,Low
20783,0.2028,Low
31910,0.2027,Low
50603,0.2027,Low
28806,0.2027,Low
35051,0.2027,Low
36668,0.2026,Low
40236,0.2026,Low
4887,0.2026,Low
143,0.2026,Low
11015,0.2026,Low
37477,0.2026,Low
11835,0.2026,Low
10542,0.2026,Low
43881,0.2026,Low
22779,0.2026,Low
2069,0.2026,Low
37375,0.2026,Low
35711,0.2026,Low
23300,0.2026,Low
24350,0.2025,Low
37430,0.2025,Low
2175,0.2025,Low
49110,0.2025,Low
71,0.2025,Low
5952,0.2025,Low
40565,0.2025,Low
41189,0.2025,Low
26745,0.2024,Low
44498,0.2024,Low
35464,0.2024,Low
9602,0.2024,Low
23112,0.2024,Low
37703,0.2023,Low
34206,0.2023,Low
15795,0.2023,Low
38690,0.2023,Low
13578,0.2023,Low
12413,0.2023,Low
26588,0.2023,Low
13074,0.2023,Low
15123,0.2023,Low
38008,0.2023,Low
6129,0.2023,Low
33938,0.2023,Low
29541,0.2023,Low
40326,0.2023,Low
37634,0.2022,Low
8093,0.2022,Low
1047,0.2022,Low
10637,0.2022,Low
6998,0.2022,Low
39500,0.2022,Low
8361,0.2022,Low
19458,0.2021,Low
1779,0.2021,Low
26828,0.2021,Low
1972,0.2021,Low
6113,0.2021,Low
852,0.2021,Low
27815,0.2021,Low
41596,0.202,Low
15765,0.202,Low
39068,0.202,Low
12081,0.202,Low
43595,0.202,Low
15703,0.202,Low
28820,0.202,Low
12843,0.2019,Low
7465,0.2019,Low
11400,0.2019,Low
4779,0.2019,Low
45864,0.2019,Low
20127,0.2019,Low
49885,0.2019,Low
25787,0.2019,Low
51205,0.2018,Low
49014,0.2018,Low
23171,0.2018,Low
21012,0.2018,Low
47075,0.2018,Low
41459,0.2018,Low
28020,0.2018,Low
9965,0.2017,Low
24020,0.2017,Low
31698,0.2017,Low
34757,0.2017,Low
2791,0.2017,Low
21958,0.2016,Low
17806,0.2016,Low
30437,0.2016,Low
31716,0.2016,Low
150,0.2016,Low
1439,0.2016,Low
2570,0.2016,Low
30533,0.2015,Low
39325,0.2015,Low
19770,0.2015,Low
29245,0.2015,Low
20566,0.2015,Low
16214,0.2014,Low
37264,0.2014,Low
26493,0.2014,Low
21119,0.2014,Low
20370,0.2014,Low
46249,0.2014,Low
24615,0.2014,Low
44806,0.2014,Low
46225,0.2014,Low
42403,0.2014,Low
21240,0.2014,Low
48316,0.2014,Low
6051,0.2013,Low
26022,0.2013,Low
44946,0.2013,Low
45984,0.2013,Low
5368,0.2013,Low
2591,0.2013,Low
1412,0.2013,Low
38039,0.2013,Low
391,0.2013,Low
51351,0.2013,Low
51498,0.2013,Low
3693,0.2012,Low
41377,0.2012,Low
16314,0.2012,Low
35055,0.2012,Low
20806,0.2012,Low
4844,0.2012,Low
15997,0.2012,Low
19267,0.2012,Low
16118,0.2012,Low
5637,0.2012,Low
38625,0.2012,Low
23159,0.2012,Low
4924,0.2012,Low
36121,0.2012,Low
19793,0.2011,Low
1587,0.2011,Low
22125,0.2011,Low
25672,0.2011,Low
51525,0.2011,Low
25645,0.2011,Low
23425,0.2011,Low
46084,0.201,Low
15425,0.201,Low
7482,0.201,Low
47568,0.201,Low
45187,0.201,Low
43800,0.201,Low
9703,0.201,Low
1271,0.2009,Low
18076,0.2009,Low
36871,0.2009,Low
109,0.2009,Low
7681,0.2008,Low
16071,0.2008,Low
18895,0.2008,Low
2898,0.2008,Low
50644,0.2008,Low
1720,0.2008,Low
9519,0.2008,Low
29858,0.2008,Low
23230,0.2008,Low
14955,0.2007,Low
18609,0.2007,Low
15017,0.2007,Low
32585,0.2007,Low
39972,0.2007,Low
39340,0.2007,Low
18850,0.2007,Low
51178,0.2007,Low
18794,0.2007,Low
1277,0.2007,Low
29710,0.2007,Low
17522,0.2007,Low
21368,0.2006,Low
26941,0.2006,Low
2687,0.2006,Low
34196,0.2006,Low
41011,0.2006,Low
32401,0.2006,Low
44141,0.2006,Low
44710,0.2006,Low
17993,0.2006,Low
14863,0.2005,Low
40301,0.2005,Low
26331,0.2005,Low
32695,0.2005,Low
23190,0.2005,Low
43732,0.2005,Low
26778,0.2005,Low
49655,0.2005,Low
27149,0.2005,Low
42226,0.2005,Low
14197,0.2005,Low
39127,0.2004,Low
47156,0.2004,Low
12341,0.2004,Low
25226,0.2003,Low
44185,0.2003,Low
24387,0.2003,Low
33696,0.2003,Low
26396,0.2002,Low
14053,0.2002,Low
10947,0.2002,Low
31627,0.2002,Low
23642,0.2002,Low
26198,0.2002,Low
30238,0.2002,Low
32808,0.2002,Low
48357,0.2002,Low
43835,0.2002,Low
7134,0.2002,Low
1746,0.2002,Low
3041,0.2001,Low
9271,0.2001,Low
17734,0.2001,Low
4198,0.2001,Low
33655,0.2001,Low
4452,0.2001,Low
38715,0.2001,Low
10246,0.2001,Low
33520,0.2,Low
39287,0.2,Low
14931,0.2,Low
40728,0.2,Low
14512,0.2,Low
4614,0.2,Low
34755,0.1999,Low
30155,0.1999,Low
38654,0.1999,Low
50756,0.1999,Low
37774,0.1999,Low
33442,0.1999,Low
9916,0.1999,Low
23008,0.1999,Low
23725,0.1999,Low
1847,0.1999,Low
42772,0.1998,Low
42931,0.1998,Low
12391,0.1998,Low
51546,0.1998,Low
40710,0.1998,Low
5974,0.1998,Low
8663,0.1998,Low
1530,0.1998,Low
16831,0.1998,Low
17542,0.1998,Low
28540,0.1998,Low
10284,0.1998,Low
22688,0.1997,Low
5260,0.1997,Low
49565,0.1997,Low
24964,0.1997,Low
4955,0.1997,Low
48058,0.1997,Low
21045,0.1997,Low
26177,0.1997,Low
31423,0.1997,Low
34308,0.1997,Low
17536,0.1997,Low
36182,0.1997,Low
10481,0.1996,Low
26653,0.1996,Low
50487,0.1996,Low
3390,0.1996,Low
37287,0.1996,Low
5497,0.1996,Low
17158,0.1996,Low
38352,0.1996,Low
9568,0.1996,Low
24306,0.1996,Low
4292,0.1996,Low
2119,0.1995,Low
10210,0.1995,Low
27867,0.1995,Low
44577,0.1995,Low
46813,0.1995,Low
36740,0.1995,Low
27404,0.1995,Low
2836,0.1994,Low
8,0.1994,Low
40005,0.1994,Low
18272,0.1993,Low
32720,0.1993,Low
431,0.1993,Low
23523,0.1993,Low
19251,0.1993,Low
45851,0.1993,Low
26836,0.1993,Low
27409,0.1993,Low
51536,0.1992,Low
34358,0.1992,Low
33298,0.1992,Low
9994,0.1992,Low
25708,0.1992,Low
28807,0.1992,Low
51292,0.1992,Low
43035,0.1991,Low
26380,0.1991,Low
26205,0.1991,Low
7097,0.1991,Low
4289,0.1991,Low
24646,0.1991,Low
7879,0.1991,Low
9616,0.1991,Low
14859,0.1991,Low
2262,0.1991,Low
7487,0.199,Low
14607,0.199,Low
18369,0.199,Low
18532,0.199,Low
3124,0.199,Low
37801,0.199,Low
4488,0.199,Low
6613,0.199,Low
4543,0.199,Low
21714,0.199,Low
27394,0.199,Low
8522,0.199,Low
44926,0.1989,Low
8255,0.1989,Low
24124,0.1989,Low
19424,0.1989,Low
28177,0.1989,Low
31319,0.1988,Low
24167,0.1988,Low
15676,0.1988,Low
4674,0.1988,Low
46824,0.1988,Low
20003,0.1988,Low
38031,0.1988,Low
42517,0.1988,Low
17667,0.1988,Low
13972,0.1988,Low
31378,0.1988,Low
27840,0.1987,Low
22852,0.1987,Low
3950,0.1987,Low
27816,0.1987,Low
37863,0.1987,Low
40826,0.1986,Low
38082,0.1986,Low
27034,0.1986,Low
33626,0.1986,Low
22706,0.1986,Low
49349,0.1986,Low
2365,0.1986,Low
27882,0.1986,Low
36621,0.1986,Low
47874,0.1986,Low
49531,0.1986,Low
12754,0.1985,Low
37512,0.1985,Low
51870,0.1985,Low
1781,0.1985,Low
47911,0.1985,Low
12227,0.1985,Low
48292,0.1985,Low
45059,0.1985,Low
38903,0.1985,Low
44248,0.1985,Low
30228,0.1985,Low
20324,0.1985,Low
48483,0.1985,Low
34639,0.1984,Low
26912,0.1984,Low
21268,0.1984,Low
18080,0.1984,Low
5701,0.1984,Low
8210,0.1984,Low
26087,0.1984,Low
42535,0.1984,Low
9668,0.1984,Low
17551,0.1983,Low
10956,0.1983,Low
17582,0.1983,Low
17622,0.1983,Low
44647,0.1983,Low
14349,0.1983,Low
25767,0.1983,Low
19671,0.1983,Low
16953,0.1983,Low
44701,0.1982,Low
51557,0.1982,Low
28475,0.1982,Low
12890,0.1982,Low
37669,0.1982,Low
48188,0.1982,Low
8392,0.1982,Low
45521,0.1982,Low
7101,0.1981,Low
50415,0.1981,Low
41235,0.1981,Low
49870,0.1981,Low
35605,0.1981,Low
49446,0.1981,Low
18241,0.1981,Low
4073,0.1981,Low
27691,0.1981,Low
39399,0.1981,Low
21340,0.1981,Low
19927,0.198,Low
20385,0.198,Low
39750,0.198,Low
8229,0.198,Low
26957,0.198,Low
18747,0.198,Low
41808,0.198,Low
42320,0.198,Low
41355,0.198,Low
50486,0.1979,Low
1881,0.1979,Low
15623,0.1979,Low
3534,0.1979,Low
42688,0.1979,Low
2204,0.1979,Low
40609,0.1979,Low
9531,0.1979,Low
10875,0.1979,Low
11047,0.1978,Low
26347,0.1978,Low
37277,0.1978,Low
19607,0.1978,Low
8524,0.1978,Low
2703,0.1978,Low
15978,0.1978,Low
16003,0.1978,Low
29450,0.1977,Low
7780,0.1977,Low
16191,0.1977,Low
1762,0.1977,Low
51173,0.1976,Low
11557,0.1976,Low
49766,0.1976,Low
13624,0.1976,Low
47802,0.1976,Low
12565,0.1976,Low
44554,0.1976,Low
31327,0.1976,Low
40268,0.1976,Low
46801,0.1975,Low
3849,0.1975,Low
29770,0.1975,Low
1391,0.1975,Low
31163,0.1975,Low
1899,0.1975,Low
43856,0.1975,Low
37940,0.1975,Low
17745,0.1975,Low
18044,0.1975,Low
20729,0.1975,Low
47190,0.1975,Low
51547,0.1974,Low
9875,0.1974,Low
6844,0.1974,Low
22830,0.1974,Low
37611,0.1974,Low
27581,0.1974,Low
41684,0.1973,Low
12159,0.1973,Low
6946,0.1973,Low
35884,0.1973,Low
6359,0.1973,Low
15529,0.1973,Low
44155,0.1972,Low
31672,0.1972,Low
15022,0.1972,Low
48392,0.1972,Low
21210,0.1971,Low
20802,0.1971,Low
42297,0.1971,Low
6798,0.1971,Low
6016,0.1971,Low
47115,0.1971,Low
18286,0.197,Low
13415,0.197,Low
39735,0.197,Low
9766,0.197,Low
27668,0.197,Low
33652,0.1969,Low
1464,0.1969,Low
51667,0.1969,Low
9221,0.1969,Low
770,0.1969,Low
235,0.1969,Low
49576,0.1969,Low
6332,0.1968,Low
47158,0.1968,Low
22949,0.1968,Low
41043,0.1968,Low
30647,0.1968,Low
21428,0.1968,Low
11151,0.1967,Low
46757,0.1967,Low
2580,0.1967,Low
14219,0.1967,Low
5718,0.1967,Low
49909,0.1967,Low
3132,0.1967,Low
18852,0.1967,Low
38459,0.1966,Low
21568,0.1966,Low
6478,0.1966,Low
19372,0.1966,Low
1595,0.1966,Low
28238,0.1966,Low
45945,0.1966,Low
2918,0.1966,Low
26118,0.1966,Low
49031,0.1966,Low
15302,0.1966,Low
13169,0.1966,Low
50951,0.1966,Low
39465,0.1966,Low
6550,0.1965,Low
51317,0.1965,Low
20170,0.1965,Low
46766,0.1965,Low
41936,0.1965,Low
11181,0.1965,Low
4219,0.1964,Low
11757,0.1964,Low
2725,0.1964,Low
47001,0.1963,Low
49304,0.1963,Low
15606,0.1963,Low
11684,0.1963,Low
8212,0.1963,Low
48308,0.1963,Low
29964,0.1963,Low
9414,0.1963,Low
37073,0.1963,Low
44733,0.1963,Low
243,0.1963,Low
23880,0.1963,Low
37705,0.1962,Low
36607,0.1962,Low
35890,0.1962,Low
16169,0.1962,Low
44068,0.1962,Low
46679,0.1962,Low
28492,0.1962,Low
2137,0.1962,Low
19909,0.1961,Low
11567,0.1961,Low
25019,0.1961,Low
47466,0.1961,Low
17407,0.1961,Low
38548,0.1961,Low
6650,0.196,Low
37211,0.196,Low
15488,0.196,Low
15085,0.196,Low
10807,0.196,Low
46599,0.196,Low
49104,0.196,Low
36788,0.196,Low
45700,0.196,Low
14487,0.196,Low
50318,0.196,Low
39865,0.196,Low
27136,0.1959,Low
29227,0.1959,Low
42736,0.1959,Low
48991,0.1959,Low
2833,0.1959,Low
23188,0.1959,Low
8653,0.1959,Low
15619,0.1959,Low
42518,0.1959,Low
43331,0.1958,Low
41848,0.1958,Low
10212,0.1958,Low
23871,0.1958,Low
50848,0.1958,Low
19692,0.1958,Low
16490,0.1958,Low
3495,0.1958,Low
42757,0.1958,Low
39868,0.1958,Low
50108,0.1958,Low
7242,0.1957,Low
4002,0.1957,Low
43356,0.1957,Low
10945,0.1957,Low
32135,0.1957,Low
17969,0.1957,Low
25886,0.1957,Low
51484,0.1957,Low
1347,0.1957,Low
34560,0.1956,Low
471,0.1956,Low
5281,0.1956,Low
20002,0.1956,Low
48877,0.1956,Low
44908,0.1956,Low
51136,0.1956,Low
21324,0.1956,Low
5418,0.1955,Low
31687,0.1955,Low
26291,0.1955,Low
35579,0.1955,Low
22411,0.1955,Low
35507,0.1955,Low
29202,0.1954,Low
38463,0.1954,Low
26556,0.1954,Low
26835,0.1954,Low
49668,0.1954,Low
13288,0.1954,Low
4202,0.1954,Low
11427,0.1954,Low
30645,0.1953,Low
5185,0.1953,Low
15120,0.1953,Low
3641,0.1953,Low
36927,0.1953,Low
8898,0.1953,Low
49453,0.1953,Low
45317,0.1953,Low
17113,0.1953,Low
37190,0.1952,Low
7064,0.1952,Low
49027,0.1952,Low
23200,0.1952,Low
18463,0.1952,Low
13186,0.1952,Low
17056,0.1952,Low
4583,0.1952,Low
32444,0.1952,Low
10970,0.1952,Low
50533,0.1951,Low
50388,0.1951,Low
29167,0.1951,Low
9399,0.1951,Low
25429,0.1951,Low
37529,0.195,Low
34601,0.195,Low
25424,0.195,Low
42414,0.195,Low
541,0.195,Low
3317,0.195,Low
1260,0.195,Low
47373,0.195,Low
2535,0.195,Low
36588,0.195,Low
18370,0.195,Low
33513,0.195,Low
31432,0.1949,Low
624,0.1949,Low
20329,0.1949,Low
31867,0.1949,Low
20104,0.1949,Low
46235,0.1949,Low
20767,0.1949,Low
5906,0.1949,Low
44896,0.1949,Low
42556,0.1949,Low
27466,0.1949,Low
24868,0.1949,Low
33101,0.1949,Low
41121,0.1949,Low
25172,0.1948,Low
7270,0.1948,Low
39163,0.1948,Low
19571,0.1948,Low
13623,0.1948,Low
18494,0.1948,Low
35731,0.1948,Low
18530,0.1948,Low
50670,0.1948,Low
46284,0.1947,Low
22941,0.1947,Low
16187,0.1947,Low
44620,0.1947,Low
47434,0.1947,Low
20774,0.1947,Low
48673,0.1947,Low
34395,0.1947,Low
23025,0.1947,Low
49124,0.1946,Low
34177,0.1946,Low
38807,0.1946,Low
22484,0.1946,Low
25493,0.1946,Low
1402,0.1946,Low
20477,0.1946,Low
2291,0.1946,Low
10651,0.1946,Low
27426,0.1946,Low
34969,0.1946,Low
44994,0.1946,Low
24217,0.1945,Low
50977,0.1945,Low
23329,0.1945,Low
17193,0.1945,Low
21183,0.1945,Low
45747,0.1945,Low
35834,0.1945,Low
44149,0.1945,Low
12359,0.1945,Low
9049,0.1945,Low
33737,0.1945,Low
31252,0.1945,Low
30046,0.1945,Low
24517,0.1945,Low
22502,0.1944,Low
27536,0.1944,Low
13040,0.1944,Low
10777,0.1944,Low
44306,0.1944,Low
339,0.1944,Low
7953,0.1944,Low
29703,0.1944,Low
42387,0.1944,Low
3902,0.1944,Low
3282,0.1944,Low
41242,0.1944,Low
45949,0.1943,Low
51730,0.1943,Low
22903,0.1943,Low
8117,0.1943,Low
3865,0.1943,Low
11660,0.1943,Low
37951,0.1942,Low
13132,0.1942,Low
50925,0.1942,Low
51574,0.1942,Low
50551,0.1942,Low
40291,0.1942,Low
7887,0.1942,Low
10520,0.1942,Low
3208,0.1942,Low
38321,0.1942,Low
3853,0.1941,Low
3636,0.1941,Low
45191,0.1941,Low
21829,0.1941,Low
5953,0.1941,Low
18100,0.1941,Low
17787,0.194,Low
37628,0.194,Low
4850,0.194,Low
25268,0.194,Low
36996,0.194,Low
47988,0.194,Low
37563,0.1939,Low
18350,0.1939,Low
23483,0.1939,Low
15312,0.1939,Low
47018,0.1939,Low
35846,0.1939,Low
16648,0.1939,Low
813,0.1939,Low
51867,0.1939,Low
10570,0.1939,Low
29598,0.1938,Low
7649,0.1938,Low
47962,0.1938,Low
45699,0.1938,Low
43686,0.1937,Low
44832,0.1937,Low
32967,0.1937,Low
51464,0.1937,Low
42749,0.1937,Low
15494,0.1936,Low
16425,0.1936,Low
19423,0.1936,Low
11485,0.1936,Low
15304,0.1936,Low
28622,0.1936,Low
30488,0.1936,Low
6781,0.1936,Low
23499,0.1936,Low
42021,0.1936,Low
33969,0.1936,Low
14417,0.1935,Low
36750,0.1935,Low
14784,0.1935,Low
33721,0.1935,Low
29751,0.1935,Low
25343,0.1935,Low
15342,0.1935,Low
6347,0.1934,Low
534,0.1934,Low
18691,0.1934,Low
51829,0.1934,Low
46823,0.1934,Low
22022,0.1934,Low
32287,0.1934,Low
37177,0.1934,Low
15481,0.1934,Low
19385,0.1933,Low
27579,0.1933,Low
3072,0.1933,Low
2133,0.1933,Low
49976,0.1933,Low
13423,0.1933,Low
27758,0.1933,Low
43494,0.1933,Low
30505,0.1933,Low
31122,0.1933,Low
13390,0.1933,Low
21725,0.1933,Low
9744,0.1932,Low
20297,0.1932,Low
34262,0.1932,Low
29075,0.1932,Low
37007,0.1932,Low
13206,0.1932,Low
34645,0.1932,Low
14576,0.1932,Low
23802,0.1932,Low
38772,0.1932,Low
35647,0.1931,Low
35218,0.1931,Low
15422,0.1931,Low
26744,0.1931,Low
33165,0.1931,Low
9803,0.1931,Low
36336,0.193,Low
9065,0.193,Low
10245,0.193,Low
43555,0.193,Low
10870,0.193,Low
32794,0.193,Low
41707,0.193,Low
40793,0.1929,Low
50347,0.1929,Low
42923,0.1929,Low
464,0.1929,Low
20761,0.1929,Low
41940,0.1929,Low
4144,0.1929,Low
22217,0.1929,Low
29376,0.1929,Low
46857,0.1928,Low
51588,0.1928,Low
28409,0.1928,Low
34842,0.1928,Low
10124,0.1928,Low
47047,0.1928,Low
8858,0.1928,Low
37103,0.1928,Low
3284,0.1928,Low
31913,0.1928,Low
9712,0.1927,Low
4037,0.1927,Low
37198,0.1927,Low
10084,0.1927,Low
14854,0.1927,Low
8394,0.1927,Low
38680,0.1927,Low
20366,0.1927,Low
8514,0.1927,Low
26526,0.1927,Low
3857,0.1927,Low
8091,0.1926,Low
49592,0.1926,Low
51659,0.1926,Low
40639,0.1926,Low
26475,0.1926,Low
17005,0.1926,Low
46277,0.1925,Low
43227,0.1925,Low
38991,0.1925,Low
30756,0.1925,Low
11278,0.1924,Low
29049,0.1924,Low
49688,0.1924,Low
51225,0.1924,Low
25650,0.1924,Low
49708,0.1924,Low
7166,0.1924,Low
18053,0.1923,Low
46964,0.1923,Low
42841,0.1923,Low
5399,0.1923,Low
9382,0.1923,Low
9647,0.1923,Low
9554,0.1923,Low
37317,0.1923,Low
16801,0.1923,Low
45846,0.1923,Low
51201,0.1923,Low
17771,0.1923,Low
47491,0.1923,Low
21821,0.1922,Low
30112,0.1922,Low
47808,0.1922,Low
33747,0.1922,Low
16429,0.1922,Low
16804,0.1922,Low
10511,0.1922,Low
13431,0.1921,Low
38090,0.1921,Low
5088,0.1921,Low
5852,0.1921,Low
34742,0.1921,Low
23765,0.1921,Low
26154,0.1921,Low
41969,0.1921,Low
46101,0.1921,Low
6100,0.1921,Low
9073,0.1921,Low
5329,0.192,Low
21189,0.192,Low
19556,0.192,Low
2708,0.192,Low
32769,0.192,Low
47099,0.192,Low
7861,0.192,Low
30830,0.192,Low
8978,0.192,Low
47866,0.192,Low
432,0.192,Low
40683,0.192,Low
24968,0.1919,Low
46597,0.1919,Low
22180,0.1919,Low
35082,0.1919,Low
14095,0.1919,Low
31887,0.1919,Low
45512,0.1919,Low
43399,0.1919,Low
3312,0.1918,Low
26125,0.1918,Low
39905,0.1918,Low
26973,0.1918,Low
36461,0.1917,Low
19149,0.1917,Low
48730,0.1917,Low
16406,0.1916,Low
16087,0.1916,Low
5231,0.1916,Low
24452,0.1916,Low
38846,0.1916,Low
32051,0.1916,Low
38354,0.1916,Low
2491,0.1916,Low
30219,0.1916,Low
6956,0.1916,Low
32483,0.1916,Low
25731,0.1916,Low
9481,0.1915,Low
11333,0.1915,Low
17884,0.1915,Low
38281,0.1915,Low
22669,0.1915,Low
15560,0.1915,Low
45302,0.1915,Low
42073,0.1915,Low
38480,0.1915,Low
15934,0.1915,Low
33453,0.1915,Low
49019,0.1914,Low
1250,0.1914,Low
12177,0.1914,Low
18871,0.1914,Low
23668,0.1914,Low
8220,0.1914,Low
29533,0.1914,Low
27398,0.1914,Low
28406,0.1913,Low
36235,0.1913,Low
1599,0.1913,Low
10070,0.1913,Low
1642,0.1913,Low
5204,0.1913,Low
10768,0.1913,Low
44728,0.1913,Low
5183,0.1913,Low
14586,0.1912,Low
9620,0.1912,Low
14317,0.1912,Low
40888,0.1912,Low
2255,0.1912,Low
51156,0.1912,Low
4984,0.1912,Low
11117,0.1912,Low
13380,0.1912,Low
20870,0.1912,Low
24132,0.1912,Low
15925,0.1912,Low
8468,0.1911,Low
4764,0.1911,Low
25370,0.1911,Low
43402,0.1911,Low
50926,0.1911,Low
24907,0.1911,Low
25921,0.1911,Low
10049,0.1911,Low
22835,0.1911,Low
24905,0.1911,Low
30524,0.191,Low
23919,0.191,Low
33000,0.191,Low
7031,0.191,Low
4496,0.191,Low
44159,0.191,Low
2615,0.1909,Low
51006,0.1909,Low
28115,0.1909,Low
31985,0.1909,Low
47227,0.1909,Low
45711,0.1909,Low
31296,0.1909,Low
6297,0.1909,Low
30615,0.1909,Low
6759,0.1909,Low
25062,0.1909,Low
18495,0.1909,Low
51850,0.1909,Low
42690,0.1908,Low
44985,0.1908,Low
24025,0.1908,Low
5493,0.1908,Low
50785,0.1908,Low
44630,0.1908,Low
14234,0.1908,Low
47563,0.1908,Low
4856,0.1908,Low
40861,0.1908,Low
21534,0.1908,Low
21212,0.1908,Low
40989,0.1908,Low
1518,0.1908,Low
43770,0.1908,Low
17602,0.1907,Low
9048,0.1907,Low
41493,0.1907,Low
13722,0.1907,Low
24192,0.1907,Low
19162,0.1907,Low
29892,0.1907,Low
33833,0.1906,Low
31579,0.1906,Low
25191,0.1906,Low
22497,0.1906,Low
15760,0.1906,Low
4411,0.1906,Low
51019,0.1906,Low
33309,0.1906,Low
9151,0.1906,Low
36487,0.1906,Low
24443,0.1906,Low
37687,0.1905,Low
24333,0.1905,Low
50145,0.1905,Low
30809,0.1905,Low
20520,0.1905,Low
25108,0.1905,Low
32630,0.1905,Low
6543,0.1905,Low
1272,0.1905,Low
35985,0.1904,Low
18615,0.1904,Low
32221,0.1904,Low
2794,0.1904,Low
30995,0.1904,Low
47776,0.1904,Low
46968,0.1904,Low
8710,0.1904,Low
49387,0.1904,Low
41929,0.1904,Low
22718,0.1904,Low
5790,0.1903,Low
30076,0.1903,Low
16278,0.1903,Low
12175,0.1903,Low
8062,0.1903,Low
43079,0.1903,Low
40196,0.1903,Low
17822,0.1903,Low
47981,0.1902,Low
3171,0.1902,Low
5643,0.1902,Low
33117,0.1902,Low
6406,0.1902,Low
4135,0.1902,Low
1600,0.1902,Low
5528,0.1902,Low
42705,0.1902,Low
26603,0.1902,Low
40995,0.1902,Low
47132,0.1901,Low
29620,0.1901,Low
34748,0.1901,Low
48553,0.1901,Low
32028,0.1901,Low
7074,0.1901,Low
36230,0.1901,Low
34469,0.1901,Low
51182,0.1901,Low
8267,0.1901,Low
40284,0.1901,Low
41028,0.19,Low
22089,0.19,Low
21377,0.19,Low
37011,0.19,Low
31730,0.19,Low
15148,0.19,Low
30447,0.1899,Low
41316,0.1899,Low
14871,0.1899,Low
9667,0.1899,Low
20550,0.1899,Low
14252,0.1899,Low
30758,0.1899,Low
3153,0.1899,Low
41313,0.1899,Low
46970,0.1898,Low
124,0.1898,Low
38759,0.1898,Low
37459,0.1898,Low
22569,0.1898,Low
47632,0.1898,Low
24059,0.1898,Low
29566,0.1898,Low
18132,0.1898,Low
37779,0.1898,Low
13035,0.1897,Low
24126,0.1897,Low
42164,0.1897,Low
45928,0.1897,Low
15833,0.1897,Low
47612,0.1897,Low
36168,0.1897,Low
5334,0.1896,Low
44037,0.1896,Low
31140,0.1896,Low
32960,0.1896,Low
11192,0.1896,Low
7296,0.1896,Low
11802,0.1896,Low
47765,0.1896,Low
16316,0.1896,Low
44760,0.1896,Low
42551,0.1896,Low
40658,0.1896,Low
22964,0.1895,Low
38446,0.1895,Low
3380,0.1895,Low
32054,0.1895,Low
17095,0.1895,Low
1573,0.1895,Low
45288,0.1895,Low
15214,0.1895,Low
37795,0.1895,Low
36886,0.1895,Low
14167,0.1895,Low
11121,0.1895,Low
21860,0.1895,Low
32618,0.1894,Low
16435,0.1894,Low
42465,0.1894,Low
23908,0.1894,Low
27216,0.1894,Low
17870,0.1894,Low
33627,0.1894,Low
9357,0.1894,Low
2034,0.1894,Low
24707,0.1894,Low
12900,0.1893,Low
37380,0.1893,Low
6205,0.1893,Low
46507,0.1893,Low
29577,0.1893,Low
5130,0.1893,Low
7882,0.1893,Low
1956,0.1893,Low
24795,0.1893,Low
44186,0.1893,Low
24822,0.1893,Low
21591,0.1892,Low
27694,0.1892,Low
34853,0.1892,Low
51029,0.1892,Low
38774,0.1892,Low
16127,0.1892,Low
38345,0.1892,Low
9217,0.1892,Low
8519,0.1892,Low
37585,0.1892,Low
9751,0.1892,Low
8816,0.1892,Low
42618,0.1892,Low
37844,0.1891,Low
4587,0.1891,Low
48711,0.1891,Low
46352,0.1891,Low
18159,0.1891,Low
13632,0.1891,Low
33838,0.1891,Low
28294,0.1891,Low
45152,0.1891,Low
30095,0.1891,Low
10428,0.189,Low
12462,0.189,Low
17002,0.189,Low
279,0.189,Low
32266,0.189,Low
42107,0.189,Low
37871,0.189,Low
7329,0.189,Low
46155,0.189,Low
2078,0.189,Low
41821,0.189,Low
12620,0.189,Low
16927,0.189,Low
22932,0.189,Low
37446,0.1889,Low
22483,0.1889,Low
28563,0.1889,Low
8046,0.1889,Low
2600,0.1889,Low
21671,0.1889,Low
9252,0.1889,Low
1993,0.1889,Low
8721,0.1889,Low
34789,0.1889,Low
38557,0.1889,Low
28113,0.1888,Low
49011,0.1888,Low
19827,0.1888,Low
47665,0.1888,Low
37506,0.1888,Low
33088,0.1888,Low
11999,0.1888,Low
33250,0.1888,Low
313,0.1888,Low
37284,0.1887,Low
41536,0.1887,Low
32952,0.1887,Low
22115,0.1887,Low
15651,0.1887,Low
44481,0.1887,Low
22556,0.1887,Low
4792,0.1887,Low
39912,0.1887,Low
12475,0.1887,Low
35371,0.1886,Low
24854,0.1886,Low
21822,0.1886,Low
7662,0.1886,Low
13653,0.1886,Low
17765,0.1886,Low
46582,0.1885,Low
37095,0.1885,Low
12968,0.1885,Low
30326,0.1885,Low
11450,0.1885,Low
48691,0.1885,Low
42012,0.1885,Low
30734,0.1885,Low
40287,0.1885,Low
38145,0.1884,Low
45376,0.1884,Low
45804,0.1884,Low
49392,0.1884,Low
49673,0.1884,Low
13260,0.1884,Low
39979,0.1884,Low
13305,0.1884,Low
17674,0.1884,Low
9022,0.1884,Low
11174,0.1884,Low
10679,0.1883,Low
46935,0.1883,Low
15617,0.1883,Low
3803,0.1883,Low
19738,0.1883,Low
28348,0.1883,Low
17813,0.1883,Low
32646,0.1883,Low
25005,0.1883,Low
12422,0.1883,Low
44388,0.1882,Low
46480,0.1882,Low
28598,0.1882,Low
30795,0.1882,Low
27349,0.1882,Low
13065,0.1882,Low
9791,0.1882,Low
2528,0.1882,Low
36221,0.1882,Low
6712,0.1882,Low
25174,0.1882,Low
21092,0.1882,Low
21031,0.1881,Low
4000,0.1881,Low
25355,0.1881,Low
7428,0.1881,Low
24628,0.1881,Low
20020,0.1881,Low
23301,0.1881,Low
2609,0.1881,Low
10268,0.1881,Low
9191,0.1881,Low
12552,0.188,Low
33488,0.188,Low
14902,0.188,Low
44172,0.188,Low
23940,0.188,Low
20986,0.188,Low
24497,0.188,Low
38655,0.188,Low
50658,0.188,Low
36506,0.188,Low
49232,0.188,Low
45338,0.188,Low
11079,0.188,Low
34796,0.1879,Low
10468,0.1879,Low
26388,0.1879,Low
34911,0.1879,Low
5620,0.1879,Low
2045,0.1879,Low
20223,0.1879,Low
26498,0.1879,Low
4109,0.1879,Low
47368,0.1879,Low
772,0.1878,Low
22896,0.1878,Low
15716,0.1878,Low
31473,0.1878,Low
19910,0.1878,Low
25098,0.1878,Low
27619,0.1878,Low
24506,0.1878,Low
6300,0.1878,Low
4393,0.1878,Low
21117,0.1877,Low
8828,0.1877,Low
42480,0.1877,Low
49582,0.1877,Low
29929,0.1877,Low
20953,0.1877,Low
27026,0.1877,Low
34141,0.1877,Low
30289,0.1877,Low
27248,0.1877,Low
51467,0.1877,Low
8988,0.1877,Low
10656,0.1877,Low
50382,0.1877,Low
50610,0.1877,Low
531,0.1877,Low
40998,0.1876,Low
43068,0.1876,Low
27475,0.1876,Low
16208,0.1876,Low
4954,0.1876,Low
43546,0.1876,Low
2271,0.1876,Low
180,0.1876,Low
8692,0.1876,Low
43653,0.1875,Low
26036,0.1875,Low
12894,0.1875,Low
26838,0.1875,Low
33482,0.1875,Low
41682,0.1875,Low
11967,0.1875,Low
6765,0.1875,Low
29395,0.1875,Low
20113,0.1874,Low
23517,0.1874,Low
38141,0.1874,Low
10942,0.1874,Low
14409,0.1874,Low
28883,0.1874,Low
6355,0.1874,Low
20356,0.1873,Low
11856,0.1873,Low
16699,0.1873,Low
18715,0.1873,Low
51350,0.1873,Low
13413,0.1873,Low
39121,0.1873,Low
31739,0.1872,Low
28676,0.1872,Low
34844,0.1872,Low
48117,0.1872,Low
6603,0.1872,Low
36139,0.1872,Low
23221,0.1872,Low
22776,0.1872,Low
20614,0.1871,Low
10976,0.1871,Low
31468,0.1871,Low
17988,0.1871,Low
39013,0.1871,Low
44814,0.1871,Low
9958,0.1871,Low
28628,0.1871,Low
39941,0.1871,Low
7656,0.1871,Low
39562,0.1871,Low
10167,0.1871,Low
22020,0.1871,Low
29286,0.1871,Low
44520,0.1871,Low
22131,0.1871,Low
26357,0.187,Low
16181,0.187,Low
22215,0.187,Low
15264,0.187,Low
5345,0.187,Low
19491,0.187,Low
24476,0.187,Low
48070,0.187,Low
26415,0.1869,Low
12055,0.1869,Low
45786,0.1869,Low
21361,0.1869,Low
4261,0.1869,Low
4624,0.1869,Low
18743,0.1869,Low
27659,0.1869,Low
10436,0.1869,Low
31918,0.1869,Low
5896,0.1868,Low
41919,0.1868,Low
14946,0.1868,Low
48175,0.1868,Low
26455,0.1868,Low
8804,0.1868,Low
12284,0.1868,Low
38135,0.1867,Low
33902,0.1867,Low
226,0.1867,Low
34932,0.1867,Low
48301,0.1866,Low
20372,0.1866,Low
29591,0.1866,Low
51345,0.1866,Low
42476,0.1866,Low
19669,0.1866,Low
42124,0.1866,Low
9962,0.1865,Low
31628,0.1865,Low
47994,0.1865,Low
2049,0.1865,Low
50998,0.1865,Low
27642,0.1865,Low
39381,0.1865,Low
2895,0.1865,Low
6640,0.1865,Low
1363,0.1864,Low
25389,0.1864,Low
25971,0.1864,Low
35817,0.1864,Low
40262,0.1863,Low
33830,0.1863,Low
24574,0.1863,Low
41361,0.1863,Low
18979,0.1863,Low
2412,0.1863,Low
27203,0.1863,Low
39318,0.1863,Low
15730,0.1863,Low
2962,0.1863,Low
29648,0.1863,Low
32130,0.1863,Low
40879,0.1862,Low
22588,0.1862,Low
12037,0.1862,Low
40713,0.1862,Low
48391,0.1862,Low
4326,0.1862,Low
15005,0.1862,Low
38005,0.1862,Low
8484,0.1862,Low
24799,0.1862,Low
6322,0.1862,Low
29392,0.1861,Low
42533,0.1861,Low
45274,0.1861,Low
4714,0.1861,Low
16378,0.1861,Low
16906,0.1861,Low
7542,0.1861,Low
38000,0.1861,Low
21434,0.1861,Low
44119,0.1861,Low
42586,0.1861,Low
18845,0.1861,Low
11374,0.1861,Low
37403,0.1861,Low
999,0.1861,Low
10497,0.1861,Low
11982,0.186,Low
20561,0.186,Low
32538,0.186,Low
1918,0.186,Low
33987,0.186,Low
10912,0.186,Low
30566,0.186,Low
5356,0.186,Low
36253,0.186,Low
2617,0.186,Low
11383,0.186,Low
35580,0.186,Low
4508,0.1859,Low
43173,0.1859,Low
44759,0.1859,Low
9300,0.1859,Low
18374,0.1859,Low
1188,0.1859,Low
28369,0.1859,Low
14250,0.1859,Low
42722,0.1859,Low
11814,0.1859,Low
23437,0.1859,Low
37328,0.1859,Low
18218,0.1858,Low
11797,0.1858,Low
43649,0.1858,Low
27325,0.1858,Low
33518,0.1858,Low
1550,0.1858,Low
29141,0.1858,Low
22650,0.1858,Low
41437,0.1857,Low
26002,0.1857,Low
9513,0.1857,Low
9541,0.1857,Low
31444,0.1857,Low
48295,0.1857,Low
4017,0.1857,Low
20975,0.1857,Low
40270,0.1857,Low
46362,0.1857,Low
3135,0.1857,Low
33180,0.1857,Low
47829,0.1857,Low
36954,0.1857,Low
30807,0.1857,Low
39038,0.1857,Low
19765,0.1857,Low
43874,0.1856,Low
17702,0.1856,Low
30697,0.1856,Low
23150,0.1856,Low
17251,0.1856,Low
47403,0.1856,Low
23037,0.1856,Low
19616,0.1856,Low
10489,0.1856,Low
32809,0.1856,Low
37427,0.1856,Low
22697,0.1856,Low
34992,0.1855,Low
46038,0.1855,Low
25615,0.1855,Low
33357,0.1855,Low
40500,0.1855,Low
20172,0.1855,Low
47553,0.1855,Low
24833,0.1855,Low
14657,0.1855,Low
29405,0.1855,Low
11334,0.1855,Low
37182,0.1855,Low
49447,0.1855,Low
10740,0.1855,Low
25460,0.1854,Low
51444,0.1854,Low
19426,0.1854,Low
37870,0.1854,Low
51269,0.1854,Low
36004,0.1854,Low
13859,0.1854,Low
27511,0.1854,Low
40581,0.1854,Low
43305,0.1854,Low
44461,0.1854,Low
7768,0.1854,Low
27657,0.1854,Low
10361,0.1854,Low
13105,0.1853,Low
6153,0.1853,Low
8801,0.1853,Low
50409,0.1853,Low
8118,0.1853,Low
27474,0.1853,Low
44397,0.1853,Low
25602,0.1853,Low
32326,0.1853,Low
45577,0.1853,Low
25342,0.1853,Low
47728,0.1853,Low
49007,0.1853,Low
31080,0.1853,Low
51603,0.1852,Low
4654,0.1852,Low
2142,0.1852,Low
46526,0.1852,Low
43803,0.1852,Low
37449,0.1852,Low
11972,0.1852,Low
10208,0.1852,Low
51530,0.1852,Low
15291,0.1851,Low
5250,0.1851,Low
21135,0.1851,Low
39847,0.1851,Low
50937,0.1851,Low
29353,0.1851,Low
31424,0.1851,Low
11648,0.185,Low
40866,0.185,Low
4350,0.185,Low
14906,0.185,Low
42875,0.185,Low
38758,0.185,Low
10964,0.185,Low
26891,0.185,Low
17435,0.185,Low
47910,0.1849,Low
9323,0.1849,Low
12082,0.1849,Low
10012,0.1849,Low
23886,0.1849,Low
35151,0.1849,Low
29478,0.1849,Low
34746,0.1849,Low
49218,0.1849,Low
27114,0.1849,Low
1821,0.1849,Low
51676,0.1849,Low
20822,0.1848,Low
16926,0.1848,Low
32196,0.1848,Low
21673,0.1848,Low
33582,0.1848,Low
50371,0.1848,Low
10925,0.1847,Low
37451,0.1847,Low
38218,0.1847,Low
35439,0.1847,Low
26139,0.1847,Low
10027,0.1847,Low
45877,0.1847,Low
23445,0.1847,Low
27774,0.1846,Low
16565,0.1846,Low
11336,0.1846,Low
13924,0.1846,Low
29208,0.1846,Low
6511,0.1846,Low
38504,0.1846,Low
29545,0.1846,Low
15018,0.1846,Low
37932,0.1846,Low
5633,0.1845,Low
34654,0.1845,Low
36649,0.1845,Low
26088,0.1845,Low
22745,0.1845,Low
37064,0.1845,Low
27210,0.1845,Low
46218,0.1845,Low
31895,0.1845,Low
30986,0.1845,Low
9242,0.1845,Low
18851,0.1845,Low
39468,0.1845,Low
27214,0.1845,Low
31115,0.1845,Low
8351,0.1845,Low
1082,0.1845,Low
45132,0.1844,Low
5462,0.1844,Low
45506,0.1844,Low
42,0.1844,Low
9460,0.1844,Low
3925,0.1844,Low
37253,0.1844,Low
4344,0.1844,Low
19542,0.1843,Low
31742,0.1843,Low
1492,0.1843,Low
3971,0.1843,Low
8167,0.1843,Low
44166,0.1843,Low
40620,0.1843,Low
38134,0.1843,Low
6204,0.1843,Low
28732,0.1843,Low
22530,0.1843,Low
31276,0.1842,Low
6930,0.1842,Low
46049,0.1842,Low
6595,0.1842,Low
2458,0.1842,Low
7299,0.1842,Low
35561,0.1842,Low
28389,0.1842,Low
36916,0.1842,Low
10593,0.1842,Low
39685,0.1842,Low
3688,0.1842,Low
6079,0.1841,Low
19123,0.1841,Low
8642,0.1841,Low
49511,0.1841,Low
42572,0.1841,Low
51663,0.1841,Low
7607,0.1841,Low
31908,0.1841,Low
494,0.1841,Low
41857,0.1841,Low
50696,0.1841,Low
39528,0.1841,Low
14204,0.1841,Low
22199,0.1841,Low
51419,0.184,Low
51451,0.184,Low
48161,0.184,Low
5133,0.184,Low
2495,0.184,Low
22587,0.184,Low
8681,0.184,Low
199,0.184,Low
8380,0.184,Low
35270,0.184,Low
11138,0.184,Low
33735,0.184,Low
2510,0.184,Low
11042,0.184,Low
47552,0.1839,Low
22725,0.1839,Low
32417,0.1839,Low
31105,0.1839,Low
35449,0.1839,Low
34925,0.1839,Low
22000,0.1839,Low
42310,0.1839,Low
47517,0.1839,Low
9626,0.1838,Low
9152,0.1838,Low
18821,0.1838,Low
27072,0.1838,Low
16020,0.1838,Low
46275,0.1838,Low
33305,0.1838,Low
49183,0.1838,Low
28550,0.1838,Low
26594,0.1838,Low
9050,0.1837,Low
686,0.1837,Low
2405,0.1837,Low
39727,0.1837,Low
4051,0.1837,Low
26446,0.1837,Low
22500,0.1837,Low
1105,0.1837,Low
41380,0.1837,Low
40913,0.1836,Low
19377,0.1836,Low
4024,0.1836,Low
9991,0.1836,Low
13121,0.1836,Low
14281,0.1836,Low
49951,0.1836,Low
6256,0.1836,Low
31110,0.1836,Low
46818,0.1836,Low
12615,0.1836,Low
49998,0.1836,Low
823,0.1835,Low
18896,0.1835,Low
46804,0.1835,Low
26659,0.1835,Low
23226,0.1835,Low
5635,0.1835,Low
18449,0.1835,Low
12536,0.1835,Low
15507,0.1834,Low
6706,0.1834,Low
24746,0.1834,Low
16898,0.1834,Low
16773,0.1834,Low
10773,0.1834,Low
5427,0.1834,Low
41732,0.1834,Low
15620,0.1834,Low
37057,0.1834,Low
32112,0.1833,Low
26443,0.1833,Low
46367,0.1833,Low
13645,0.1833,Low
12071,0.1833,Low
41601,0.1833,Low
47882,0.1833,Low
11586,0.1833,Low
8206,0.1833,Low
400,0.1833,Low
20377,0.1833,Low
49868,0.1833,Low
47998,0.1833,Low
51712,0.1833,Low
7452,0.1832,Low
32828,0.1832,Low
31355,0.1832,Low
38829,0.1832,Low
51632,0.1832,Low
28517,0.1832,Low
38979,0.1832,Low
19625,0.1832,Low
38347,0.1832,Low
3780,0.1832,Low
7455,0.1832,Low
40887,0.1832,Low
5483,0.1831,Low
4577,0.1831,Low
31654,0.1831,Low
39997,0.1831,Low
8331,0.1831,Low
46245,0.1831,Low
35062,0.1831,Low
32177,0.1831,Low
46561,0.1831,Low
44964,0.1831,Low
4649,0.1831,Low
4173,0.1831,Low
8314,0.183,Low
44416,0.183,Low
31234,0.183,Low
9873,0.183,Low
16864,0.183,Low
22256,0.183,Low
25733,0.183,Low
45727,0.183,Low
5446,0.1829,Low
40542,0.1829,Low
4842,0.1829,Low
29653,0.1829,Low
47100,0.1829,Low
32663,0.1828,Low
15381,0.1828,Low
6852,0.1828,Low
14604,0.1828,Low
43179,0.1828,Low
1590,0.1827,Low
21730,0.1827,Low
49176,0.1827,Low
5966,0.1827,Low
51680,0.1827,Low
20851,0.1827,Low
51034,0.1827,Low
32900,0.1826,Low
35572,0.1826,Low
8554,0.1826,Low
44233,0.1826,Low
35672,0.1826,Low
46400,0.1826,Low
11756,0.1826,Low
23327,0.1826,Low
22393,0.1826,Low
1066,0.1826,Low
48936,0.1826,Low
15130,0.1826,Low
39716,0.1826,Low
13657,0.1825,Low
43755,0.1825,Low
9696,0.1825,Low
6313,0.1825,Low
5466,0.1825,Low
6521,0.1825,Low
37155,0.1825,Low
32819,0.1825,Low
26234,0.1825,Low
47189,0.1824,Low
427,0.1824,Low
9259,0.1824,Low
33032,0.1824,Low
20869,0.1824,Low
34966,0.1824,Low
10789,0.1824,Low
13527,0.1824,Low
38384,0.1824,Low
26368,0.1824,Low
7810,0.1823,Low
49437,0.1823,Low
33782,0.1823,Low
13490,0.1823,Low
49791,0.1823,Low
39032,0.1823,Low
23915,0.1823,Low
12360,0.1823,Low
10487,0.1823,Low
35972,0.1823,Low
39475,0.1823,Low
29351,0.1823,Low
51038,0.1823,Low
31670,0.1823,Low
5933,0.1822,Low
24674,0.1822,Low
12497,0.1822,Low
46139,0.1822,Low
17961,0.1822,Low
8961,0.1822,Low
36172,0.1822,Low
49855,0.1822,Low
1385,0.1822,Low
25072,0.1822,Low
44784,0.1822,Low
5768,0.1822,Low
51204,0.1822,Low
41663,0.1821,Low
17074,0.1821,Low
8205,0.1821,Low
10607,0.1821,Low
3854,0.1821,Low
45972,0.1821,Low
174,0.1821,Low
41147,0.1821,Low
39076,0.1821,Low
38735,0.1821,Low
26336,0.1821,Low
21834,0.182,Low
17100,0.182,Low
38110,0.182,Low
10290,0.182,Low
11044,0.182,Low
35054,0.182,Low
46532,0.182,Low
23905,0.182,Low
18073,0.182,Low
42109,0.182,Low
27617,0.182,Low
31973,0.182,Low
15857,0.1819,Low
7179,0.1819,Low
10394,0.1819,Low
25387,0.1819,Low
33635,0.1819,Low
29685,0.1819,Low
29008,0.1819,Low
928,0.1819,Low
23527,0.1819,Low
17974,0.1819,Low
12176,0.1819,Low
7203,0.1819,Low
35560,0.1818,Low
12173,0.1818,Low
22011,0.1818,Low
36174,0.1818,Low
27711,0.1818,Low
6422,0.1818,Low
15961,0.1818,Low
25324,0.1818,Low
18959,0.1818,Low
28753,0.1818,Low
38526,0.1818,Low
35898,0.1818,Low
26061,0.1818,Low
14804,0.1817,Low
11506,0.1817,Low
14402,0.1817,Low
17392,0.1817,Low
50508,0.1817,Low
3509,0.1817,Low
2497,0.1817,Low
27049,0.1817,Low
1716,0.1817,Low
3895,0.1817,Low
28000,0.1817,Low
37530,0.1817,Low
10865,0.1817,Low
25501,0.1816,Low
34583,0.1816,Low
38950,0.1816,Low
48113,0.1816,Low
13839,0.1816,Low
1061,0.1816,Low
547,0.1816,Low
38972,0.1816,Low
21338,0.1815,Low
51862,0.1815,Low
50808,0.1815,Low
388,0.1815,Low
37478,0.1815,Low
9229,0.1815,Low
20371,0.1815,Low
15879,0.1815,Low
21803,0.1815,Low
50826,0.1815,Low
48983,0.1815,Low
47393,0.1815,Low
50979,0.1815,Low
48406,0.1815,Low
19521,0.1815,Low
43288,0.1814,Low
30704,0.1814,Low
45622,0.1814,Low
27736,0.1814,Low
49327,0.1814,Low
9128,0.1814,Low
35758,0.1813,Low
13517,0.1813,Low
45146,0.1813,Low
29907,0.1813,Low
18216,0.1813,Low
23907,0.1813,Low
23294,0.1813,Low
31371,0.1813,Low
31448,0.1813,Low
20306,0.1813,Low
23836,0.1813,Low
23192,0.1813,Low
14571,0.1813,Low
4276,0.1813,Low
18032,0.1813,Low
45743,0.1813,Low
26676,0.1812,Low
13063,0.1812,Low
50198,0.1812,Low
48634,0.1812,Low
4864,0.1812,Low
4538,0.1812,Low
44338,0.1812,Low
47050,0.1812,Low
2205,0.1812,Low
33446,0.1812,Low
9698,0.1812,Low
42527,0.1812,Low
36804,0.1812,Low
15232,0.1812,Low
4554,0.1812,Low
46626,0.1812,Low
46941,0.1812,Low
41120,0.1811,Low
10971,0.1811,Low
29831,0.1811,Low
31868,0.1811,Low
39622,0.1811,Low
8902,0.1811,Low
20156,0.181,Low
33579,0.181,Low
18528,0.181,Low
20589,0.181,Low
5390,0.181,Low
4480,0.181,Low
42446,0.181,Low
12836,0.181,Low
22018,0.181,Low
27805,0.181,Low
20226,0.181,Low
40591,0.181,Low
3185,0.181,Low
42162,0.181,Low
39545,0.1809,Low
21408,0.1809,Low
417,0.1809,Low
37513,0.1809,Low
196,0.1809,Low
3798,0.1809,Low
9968,0.1809,Low
35886,0.1809,Low
34528,0.1809,Low
39671,0.1809,Low
24683,0.1809,Low
20529,0.1809,Low
51982,0.1809,Low
47664,0.1809,Low
25381,0.1809,Low
47291,0.1809,Low
40568,0.1809,Low
34303,0.1809,Low
30775,0.1809,Low
14342,0.1808,Low
47120,0.1808,Low
44265,0.1808,Low
29632,0.1808,Low
34327,0.1808,Low
44925,0.1807,Low
23320,0.1807,Low
7504,0.1807,Low
34708,0.1807,Low
27649,0.1807,Low
35917,0.1807,Low
35220,0.1807,Low
14722,0.1807,Low
4342,0.1807,Low
6278,0.1807,Low
48822,0.1806,Low
15633,0.1806,Low
4706,0.1806,Low
42669,0.1806,Low
944,0.1806,Low
7714,0.1806,Low
3143,0.1806,Low
47251,0.1806,Low
17548,0.1806,Low
22307,0.1806,Low
15811,0.1806,Low
36485,0.1806,Low
35598,0.1806,Low
9333,0.1806,Low
49846,0.1805,Low
42159,0.1805,Low
3609,0.1805,Low
18137,0.1805,Low
17159,0.1805,Low
29210,0.1805,Low
4567,0.1805,Low
30457,0.1805,Low
19109,0.1805,Low
39582,0.1805,Low
2716,0.1805,Low
24552,0.1805,Low
26254,0.1805,Low
38105,0.1805,Low
35381,0.1805,Low
44979,0.1804,Low
43485,0.1804,Low
49413,0.1804,Low
12026,0.1804,Low
29372,0.1804,Low
5270,0.1804,Low
2347,0.1804,Low
10216,0.1803,Low
2998,0.1803,Low
14495,0.1803,Low
46159,0.1803,Low
33702,0.1803,Low
27111,0.1803,Low
33185,0.1803,Low
42479,0.1803,Low
24573,0.1803,Low
18913,0.1803,Low
48004,0.1803,Low
27063,0.1803,Low
18806,0.1803,Low
44220,0.1803,Low
23734,0.1803,Low
15300,0.1803,Low
29785,0.1803,Low
42859,0.1802,Low
30024,0.1802,Low
22365,0.1802,Low
6106,0.1802,Low
41960,0.1802,Low
3409,0.1802,Low
49787,0.1802,Low
5971,0.1802,Low
23925,0.1802,Low
33660,0.1802,Low
35525,0.1802,Low
49250,0.1801,Low
49958,0.1801,Low
15964,0.1801,Low
39949,0.1801,Low
7287,0.1801,Low
29560,0.1801,Low
48187,0.1801,Low
46147,0.1801,Low
5812,0.1801,Low
49143,0.1801,Low
39335,0.1801,Low
30044,0.1801,Low
19305,0.1801,Low
48887,0.18,Low
50063,0.18,Low
50162,0.18,Low
7741,0.18,Low
33834,0.18,Low
33559,0.18,Low
16933,0.18,Low
5539,0.18,Low
25939,0.18,Low
43950,0.1799,Low
50094,0.1799,Low
2484,0.1799,Low
41791,0.1799,Low
38790,0.1799,Low
16671,0.1799,Low
36400,0.1799,Low
29363,0.1798,Low
22469,0.1798,Low
22299,0.1798,Low
4781,0.1798,Low
51874,0.1798,Low
1659,0.1798,Low
35712,0.1798,Low
30971,0.1798,Low
8558,0.1798,Low
3653,0.1798,Low
6040,0.1798,Low
15508,0.1797,Low
44566,0.1797,Low
38779,0.1797,Low
15223,0.1797,Low
51963,0.1797,Low
41139,0.1797,Low
14961,0.1797,Low
10441,0.1797,Low
15807,0.1797,Low
5529,0.1797,Low
45586,0.1797,Low
45717,0.1796,Low
23009,0.1796,Low
50147,0.1796,Low
26123,0.1796,Low
48204,0.1796,Low
44043,0.1796,Low
2441,0.1796,Low
14096,0.1796,Low
36777,0.1796,Low
31530,0.1795,Low
30601,0.1795,Low
1713,0.1795,Low
17586,0.1795,Low
42584,0.1795,Low
11302,0.1795,Low
35696,0.1795,Low
8979,0.1794,Low
1717,0.1794,Low
20849,0.1794,Low
1539,0.1794,Low
18181,0.1794,Low
6598,0.1794,Low
47098,0.1794,Low
15275,0.1794,Low
34959,0.1794,Low
5033,0.1794,Low
3578,0.1794,Low
9511,0.1794,Low
24655,0.1794,Low
13586,0.1794,Low
25367,0.1794,Low
32944,0.1793,Low
10785,0.1793,Low
43235,0.1793,Low
31833,0.1793,Low
47272,0.1793,Low
396,0.1793,Low
45493,0.1793,Low
29637,0.1793,Low
2560,0.1793,Low
28852,0.1793,Low
4810,0.1793,Low
25872,0.1793,Low
34769,0.1793,Low
4964,0.1792,Low
8849,0.1792,Low
6624,0.1792,Low
47081,0.1792,Low
38275,0.1792,Low
42276,0.1792,Low
45795,0.1792,Low
51916,0.1792,Low
32877,0.1792,Low
16468,0.1792,Low
41941,0.1792,Low
6615,0.1792,Low
35155,0.1791,Low
14062,0.1791,Low
4898,0.1791,Low
3666,0.1791,Low
10044,0.1791,Low
20790,0.1791,Low
26084,0.1791,Low
32344,0.1791,Low
25212,0.1791,Low
24344,0.1791,Low
33233,0.1791,Low
332,0.1791,Low
26700,0.179,Low
44795,0.179,Low
36524,0.179,Low
24108,0.179,Low
22734,0.179,Low
2387,0.179,Low
29268,0.179,Low
24441,0.179,Low
31066,0.179,Low
41238,0.179,Low
29847,0.179,Low
16598,0.179,Low
5285,0.1789,Low
7554,0.1789,Low
30827,0.1789,Low
51611,0.1789,Low
38689,0.1789,Low
50600,0.1789,Low
22242,0.1789,Low
10642,0.1789,Low
5045,0.1789,Low
44135,0.1789,Low
26231,0.1789,Low
51807,0.1789,Low
28981,0.1789,Low
7652,0.1789,Low
29111,0.1789,Low
22554,0.1789,Low
30935,0.1789,Low
33346,0.1788,Low
28900,0.1788,Low
49918,0.1788,Low
272,0.1788,Low
6446,0.1788,Low
19651,0.1788,Low
1898,0.1788,Low
36296,0.1788,Low
29471,0.1788,Low
37782,0.1788,Low
13011,0.1788,Low
12138,0.1788,Low
34610,0.1788,Low
39751,0.1787,Low
29046,0.1787,Low
3468,0.1787,Low
25554,0.1787,Low
31054,0.1787,Low
41422,0.1787,Low
30346,0.1787,Low
23062,0.1787,Low
45792,0.1787,Low
32493,0.1787,Low
967,0.1787,Low
8029,0.1787,Low
45358,0.1786,Low
31919,0.1786,Low
33578,0.1786,Low
36714,0.1786,Low
51703,0.1786,Low
38127,0.1786,Low
12648,0.1786,Low
26478,0.1786,Low
24499,0.1786,Low
43718,0.1786,Low
11884,0.1786,Low
2107,0.1785,Low
24316,0.1785,Low
14698,0.1785,Low
2148,0.1785,Low
29573,0.1785,Low
33958,0.1785,Low
34592,0.1785,Low
14713,0.1785,Low
2113,0.1785,Low
37788,0.1785,Low
6041,0.1785,Low
12442,0.1785,Low
5651,0.1785,Low
18441,0.1784,Low
23443,0.1784,Low
20237,0.1784,Low
33529,0.1784,Low
39739,0.1784,Low
20254,0.1784,Low
38954,0.1784,Low
18387,0.1784,Low
40335,0.1784,Low
35305,0.1784,Low
35924,0.1784,Low
45031,0.1784,Low
50878,0.1784,Low
28144,0.1784,Low
7916,0.1784,Low
3827,0.1783,Low
47525,0.1783,Low
26541,0.1783,Low
51396,0.1783,Low
306,0.1783,Low
3338,0.1783,Low
32568,0.1783,Low
30759,0.1783,Low
41497,0.1783,Low
38235,0.1783,Low
48180,0.1783,Low
22308,0.1783,Low
44621,0.1783,Low
29069,0.1783,Low
19658,0.1782,Low
8054,0.1782,Low
26962,0.1782,Low
14610,0.1782,Low
28204,0.1782,Low
10345,0.1782,Low
11272,0.1782,Low
3349,0.1782,Low
2508,0.1782,Low
26690,0.1782,Low
14455,0.1782,Low
32628,0.1781,Low
29733,0.1781,Low
16575,0.1781,Low
14329,0.1781,Low
8012,0.1781,Low
23216,0.1781,Low
38776,0.1781,Low
16637,0.1781,Low
40572,0.1781,Low
26703,0.1781,Low
49116,0.178,Low
37962,0.178,Low
28260,0.178,Low
10314,0.178,Low
43260,0.178,Low
28647,0.178,Low
33403,0.178,Low
39584,0.178,Low
14557,0.178,Low
42279,0.178,Low
22119,0.178,Low
15178,0.178,Low
12854,0.178,Low
50479,0.178,Low
30532,0.178,Low
22872,0.178,Low
21426,0.1779,Low
21007,0.1779,Low
47422,0.1779,Low
6441,0.1779,Low
23956,0.1779,Low
47745,0.1779,Low
25853,0.1779,Low
7803,0.1779,Low
40338,0.1779,Low
39029,0.1779,Low
39302,0.1779,Low
41059,0.1779,Low
671,0.1779,Low
26785,0.1779,Low
4107,0.1779,Low
47125,0.1778,Low
44872,0.1778,Low
44389,0.1778,Low
23264,0.1778,Low
28424,0.1778,Low
41922,0.1778,Low
34044,0.1778,Low
37052,0.1778,Low
44058,0.1778,Low
6247,0.1778,Low
44719,0.1778,Low
28715,0.1778,Low
1085,0.1778,Low
40237,0.1778,Low
19100,0.1778,Low
38578,0.1778,Low
7243,0.1778,Low
9980,0.1778,Low
27955,0.1778,Low
33061,0.1777,Low
36849,0.1777,Low
29197,0.1777,Low
51893,0.1777,Low
32096,0.1777,Low
44191,0.1777,Low
9542,0.1777,Low
10265,0.1777,Low
15151,0.1777,Low
23595,0.1777,Low
7673,0.1777,Low
46744,0.1777,Low
14659,0.1776,Low
2755,0.1776,Low
11179,0.1776,Low
7800,0.1776,Low
30770,0.1776,Low
16461,0.1776,Low
3605,0.1776,Low
9068,0.1776,Low
34073,0.1776,Low
12988,0.1776,Low
49179,0.1776,Low
25831,0.1776,Low
18966,0.1775,Low
29618,0.1775,Low
9533,0.1775,Low
20108,0.1775,Low
38814,0.1775,Low
22262,0.1775,Low
45378,0.1775,Low
49629,0.1775,Low
16122,0.1775,Low
21660,0.1775,Low
23883,0.1775,Low
42823,0.1775,Low
16061,0.1775,Low
3596,0.1775,Low
10142,0.1774,Low
27463,0.1774,Low
23358,0.1774,Low
51060,0.1774,Low
22210,0.1774,Low
11518,0.1773,Low
40910,0.1773,Low
16929,0.1773,Low
19649,0.1773,Low
18529,0.1773,Low
29816,0.1773,Low
6196,0.1773,Low
8517,0.1773,Low
12186,0.1772,Low
9284,0.1772,Low
592,0.1772,Low
51118,0.1772,Low
9521,0.1772,Low
30145,0.1772,Low
36960,0.1772,Low
44167,0.1772,Low
9258,0.1772,Low
48557,0.1772,Low
41484,0.1772,Low
5447,0.1772,Low
43714,0.1772,Low
19260,0.1772,Low
4431,0.1772,Low
35259,0.1771,Low
36600,0.1771,Low
43003,0.1771,Low
25543,0.1771,Low
25067,0.1771,Low
28140,0.1771,Low
20990,0.1771,Low
39667,0.1771,Low
42338,0.1771,Low
13551,0.1771,Low
3453,0.1771,Low
40393,0.1771,Low
17951,0.1771,Low
3989,0.1771,Low
27721,0.1771,Low
36249,0.177,Low
45244,0.177,Low
35551,0.177,Low
50134,0.177,Low
33638,0.177,Low
9292,0.177,Low
46330,0.177,Low
49608,0.177,Low
41550,0.177,Low
5275,0.177,Low
33793,0.177,Low
47520,0.177,Low
18099,0.1769,Low
47454,0.1769,Low
5373,0.1769,Low
24345,0.1769,Low
36769,0.1769,Low
3724,0.1769,Low
25033,0.1769,Low
51989,0.1769,Low
30366,0.1769,Low
43610,0.1769,Low
234,0.1769,Low
37138,0.1768,Low
24138,0.1768,Low
31083,0.1768,Low
34980,0.1768,Low
26092,0.1768,Low
5217,0.1768,Low
20227,0.1768,Low
38302,0.1768,Low
51441,0.1768,Low
37777,0.1768,Low
24559,0.1768,Low
28017,0.1768,Low
48633,0.1768,Low
28419,0.1768,Low
50062,0.1768,Low
49301,0.1767,Low
22040,0.1767,Low
7785,0.1767,Low
34956,0.1767,Low
3669,0.1767,Low
22220,0.1767,Low
4631,0.1767,Low
33989,0.1767,Low
20166,0.1767,Low
17134,0.1767,Low
17914,0.1766,Low
40984,0.1766,Low
12247,0.1766,Low
35838,0.1766,Low
39514,0.1766,Low
42792,0.1766,Low
23176,0.1766,Low
24768,0.1766,Low
14515,0.1766,Low
8666,0.1766,Low
50671,0.1766,Low
42426,0.1766,Low
27822,0.1766,Low
34388,0.1766,Low
33388,0.1765,Low
5417,0.1765,Low
18796,0.1765,Low
12004,0.1765,Low
10708,0.1765,Low
14021,0.1765,Low
16235,0.1765,Low
10010,0.1765,Low
35708,0.1765,Low
34593,0.1765,Low
51794,0.1765,Low
5365,0.1765,Low
3697,0.1764,Low
13467,0.1764,Low
4472,0.1764,Low
26275,0.1764,Low
35992,0.1764,Low
27544,0.1764,Low
23029,0.1764,Low
51762,0.1764,Low
48583,0.1764,Low
25456,0.1764,Low
16463,0.1764,Low
42655,0.1764,Low
34626,0.1764,Low
45675,0.1764,Low
23093,0.1764,Low
13482,0.1764,Low
43614,0.1763,Low
7380,0.1763,Low
44511,0.1763,Low
19668,0.1763,Low
37720,0.1763,Low
21959,0.1763,Low
30749,0.1763,Low
5832,0.1763,Low
14371,0.1763,Low
43221,0.1763,Low
12365,0.1762,Low
18688,0.1762,Low
36058,0.1762,Low
22249,0.1762,Low
4162,0.1762,Low
49943,0.1762,Low
30294,0.1762,Low
43625,0.1762,Low
7888,0.1762,Low
2237,0.1762,Low
36552,0.1762,Low
13444,0.1762,Low
32734,0.1761,Low
42268,0.1761,Low
25472,0.1761,Low
14054,0.1761,Low
12619,0.1761,Low
3787,0.1761,Low
12488,0.1761,Low
35765,0.1761,Low
45509,0.1761,Low
38124,0.1761,Low
34129,0.1761,Low
13041,0.1761,Low
39099,0.1761,Low
50516,0.1761,Low
12444,0.1761,Low
758,0.1761,Low
44237,0.1761,Low
5408,0.176,Low
6467,0.176,Low
27267,0.176,Low
25893,0.176,Low
26158,0.176,Low
16919,0.176,Low
28291,0.176,Low
28926,0.176,Low
137,0.176,Low
40635,0.176,Low
32088,0.176,Low
18399,0.176,Low
40282,0.176,Low
31464,0.176,Low
39697,0.1759,Low
36220,0.1759,Low
6672,0.1759,Low
33118,0.1759,Low
29922,0.1759,Low
35352,0.1759,Low
49065,0.1759,Low
17521,0.1759,Low
6231,0.1759,Low
30635,0.1759,Low
8094,0.1759,Low
33657,0.1759,Low
32595,0.1758,Low
39653,0.1758,Low
51031,0.1758,Low
2494,0.1758,Low
12803,0.1758,Low
35824,0.1758,Low
48951,0.1758,Low
33523,0.1758,Low
40679,0.1758,Low
37978,0.1758,Low
23866,0.1758,Low
31478,0.1758,Low
10066,0.1757,Low
7759,0.1757,Low
41076,0.1757,Low
49722,0.1757,Low
18981,0.1757,Low
15545,0.1757,Low
26115,0.1757,Low
7420,0.1757,Low
17035,0.1757,Low
13421,0.1757,Low
17930,0.1757,Low
46956,0.1757,Low
9008,0.1757,Low
29375,0.1757,Low
22226,0.1757,Low
43681,0.1757,Low
30296,0.1757,Low
44028,0.1756,Low
17625,0.1756,Low
34188,0.1756,Low
13531,0.1756,Low
49652,0.1756,Low
31150,0.1756,Low
47673,0.1756,Low
5762,0.1756,Low
48954,0.1756,Low
3842,0.1756,Low
49272,0.1755,Low
8184,0.1755,Low
39144,0.1755,Low
25850,0.1755,Low
29408,0.1755,Low
50239,0.1755,Low
21770,0.1755,Low
24042,0.1754,Low
47311,0.1754,Low
13277,0.1754,Low
20349,0.1754,Low
30646,0.1754,Low
7984,0.1754,Low
13008,0.1754,Low
33019,0.1754,Low
10937,0.1754,Low
42542,0.1754,Low
37771,0.1754,Low
2704,0.1754,Low
5577,0.1754,Low
51196,0.1753,Low
50499,0.1753,Low
31564,0.1753,Low
12618,0.1753,Low
44693,0.1753,Low
43271,0.1753,Low
35936,0.1753,Low
31924,0.1753,Low
41961,0.1753,Low
51692,0.1753,Low
29522,0.1753,Low
48490,0.1752,Low
1836,0.1752,Low
41021,0.1752,Low
17432,0.1752,Low
183,0.1752,Low
13274,0.1752,Low
23128,0.1752,Low
35058,0.1752,Low
15712,0.1752,Low
11330,0.1751,Low
48146,0.1751,Low
28521,0.1751,Low
39946,0.1751,Low
19468,0.1751,Low
30699,0.1751,Low
31869,0.1751,Low
49378,0.1751,Low
24343,0.1751,Low
34826,0.1751,Low
19321,0.1751,Low
46202,0.1751,Low
5722,0.1751,Low
13052,0.175,Low
780,0.175,Low
369,0.175,Low
8318,0.175,Low
45352,0.175,Low
16103,0.175,Low
26830,0.175,Low
39226,0.175,Low
15692,0.175,Low
11468,0.175,Low
43102,0.175,Low
6602,0.1749,Low
38656,0.1749,Low
9045,0.1749,Low
37017,0.1749,Low
41564,0.1749,Low
39464,0.1749,Low
22728,0.1749,Low
24963,0.1749,Low
27279,0.1749,Low
39578,0.1749,Low
20398,0.1749,Low
37807,0.1749,Low
45842,0.1749,Low
39084,0.1748,Low
51321,0.1748,Low
16824,0.1748,Low
18287,0.1748,Low
34244,0.1748,Low
37384,0.1748,Low
29984,0.1748,Low
15040,0.1748,Low
23179,0.1748,Low
29920,0.1748,Low
13172,0.1748,Low
10554,0.1748,Low
17549,0.1748,Low
48416,0.1748,Low
23747,0.1748,Low
31236,0.1748,Low
31832,0.1748,Low
20327,0.1748,Low
4748,0.1747,Low
8812,0.1747,Low
37525,0.1747,Low
11276,0.1747,Low
10605,0.1747,Low
15778,0.1747,Low
44852,0.1747,Low
16564,0.1747,Low
40206,0.1747,Low
17699,0.1747,Low
3623,0.1747,Low
35720,0.1747,Low
44841,0.1747,Low
45326,0.1747,Low
37136,0.1747,Low
51243,0.1747,Low
42864,0.1746,Low
24516,0.1746,Low
48589,0.1746,Low
44568,0.1746,Low
43868,0.1746,Low
23459,0.1746,Low
12592,0.1746,Low
48467,0.1746,Low
39482,0.1746,Low
45617,0.1745,Low
12120,0.1745,Low
20060,0.1745,Low
39477,0.1745,Low
10537,0.1745,Low
50989,0.1745,Low
22608,0.1745,Low
23266,0.1744,Low
6841,0.1744,Low
48323,0.1744,Low
31482,0.1744,Low
6822,0.1744,Low
19911,0.1744,Low
22079,0.1744,Low
4731,0.1744,Low
18948,0.1744,Low
9555,0.1744,Low
49711,0.1744,Low
48214,0.1744,Low
21094,0.1744,Low
33964,0.1744,Low
10901,0.1744,Low
13760,0.1744,Low
20380,0.1744,Low
377,0.1744,Low
36069,0.1744,Low
4493,0.1744,Low
24805,0.1743,Low
47249,0.1743,Low
50616,0.1743,Low
33693,0.1743,Low
51116,0.1743,Low
13056,0.1743,Low
7866,0.1743,Low
30940,0.1743,Low
47977,0.1743,Low
9457,0.1743,Low
38627,0.1743,Low
43233,0.1743,Low
17097,0.1743,Low
25157,0.1742,Low
42524,0.1742,Low
38969,0.1742,Low
13480,0.1742,Low
27432,0.1742,Low
35851,0.1742,Low
25658,0.1742,Low
9697,0.1742,Low
47770,0.1742,Low
28646,0.1742,Low
11120,0.1742,Low
34414,0.1742,Low
3995,0.1742,Low
13887,0.1741,Low
27520,0.1741,Low
46991,0.1741,Low
49659,0.1741,Low
44776,0.1741,Low
12155,0.1741,Low
47719,0.1741,Low
43833,0.1741,Low
6118,0.1741,Low
46694,0.1741,Low
18939,0.1741,Low
34283,0.1741,Low
14289,0.1741,Low
40745,0.1741,Low
29950,0.1741,Low
41914,0.1741,Low
25002,0.174,Low
12501,0.174,Low
17004,0.174,Low
22538,0.174,Low
15379,0.174,Low
23030,0.174,Low
12491,0.174,Low
18768,0.174,Low
2976,0.174,Low
23366,0.174,Low
24435,0.174,Low
28009,0.174,Low
32219,0.174,Low
42868,0.174,Low
49396,0.1739,Low
20033,0.1739,Low
4194,0.1739,Low
6559,0.1739,Low
13655,0.1739,Low
51367,0.1739,Low
603,0.1739,Low
33288,0.1739,Low
38827,0.1739,Low
1451,0.1738,Low
4528,0.1738,Low
43254,0.1738,Low
7533,0.1738,Low
30455,0.1738,Low
44428,0.1738,Low
50374,0.1738,Low
13584,0.1738,Low
25455,0.1738,Low
31902,0.1738,Low
8715,0.1738,Low
1846,0.1738,Low
28687,0.1738,Low
26651,0.1737,Low
3634,0.1737,Low
2338,0.1737,Low
41606,0.1737,Low
44811,0.1737,Low
6107,0.1737,Low
678,0.1737,Low
20618,0.1737,Low
17225,0.1737,Low
19977,0.1737,Low
24908,0.1737,Low
25151,0.1736,Low
7528,0.1736,Low
25362,0.1736,Low
5429,0.1736,Low
34183,0.1736,Low
8565,0.1736,Low
29651,0.1736,Low
45910,0.1736,Low
13194,0.1736,Low
15941,0.1736,Low
50523,0.1736,Low
7374,0.1736,Low
19328,0.1736,Low
40555,0.1735,Low
27958,0.1735,Low
21046,0.1735,Low
38081,0.1735,Low
36201,0.1735,Low
43509,0.1735,Low
41683,0.1735,Low
50896,0.1735,Low
14353,0.1735,Low
37583,0.1735,Low
16679,0.1735,Low
13462,0.1735,Low
21133,0.1735,Low
20469,0.1735,Low
8853,0.1735,Low
12998,0.1735,Low
37266,0.1735,Low
49419,0.1735,Low
9119,0.1735,Low
45400,0.1735,Low
50403,0.1734,Low
4330,0.1734,Low
34320,0.1734,Low
16450,0.1734,Low
5123,0.1734,Low
50225,0.1734,Low
46601,0.1734,Low
41434,0.1734,Low
29368,0.1734,Low
31608,0.1734,Low
27898,0.1734,Low
39260,0.1734,Low
34667,0.1733,Low
9204,0.1733,Low
4912,0.1733,Low
33049,0.1733,Low
5161,0.1733,Low
25864,0.1733,Low
51653,0.1733,Low
26866,0.1733,Low
12185,0.1733,Low
3548,0.1733,Low
3470,0.1732,Low
16438,0.1732,Low
45172,0.1732,Low
41661,0.1732,Low
48394,0.1732,Low
15513,0.1732,Low
33836,0.1732,Low
42453,0.1732,Low
11868,0.1731,Low
21682,0.1731,Low
21746,0.1731,Low
49152,0.1731,Low
43456,0.1731,Low
358,0.1731,Low
24562,0.1731,Low
24748,0.1731,Low
10509,0.1731,Low
26578,0.1731,Low
10690,0.1731,Low
5879,0.173,Low
8773,0.173,Low
20179,0.173,Low
43212,0.173,Low
37308,0.173,Low
6861,0.173,Low
51729,0.173,Low
29170,0.173,Low
7980,0.173,Low
38916,0.173,Low
34996,0.173,Low
33588,0.1729,Low
15031,0.1729,Low
26144,0.1729,Low
18127,0.1729,Low
14253,0.1729,Low
31176,0.1729,Low
30591,0.1729,Low
20337,0.1729,Low
41646,0.1729,Low
26626,0.1729,Low
29886,0.1729,Low
40376,0.1729,Low
20945,0.1729,Low
27204,0.1729,Low
4357,0.1729,Low
24373,0.1728,Low
3501,0.1728,Low
32903,0.1728,Low
35341,0.1728,Low
36363,0.1728,Low
13243,0.1728,Low
31289,0.1728,Low
11125,0.1728,Low
30420,0.1728,Low
3102,0.1728,Low
36191,0.1728,Low
19603,0.1727,Low
19442,0.1727,Low
42596,0.1727,Low
51876,0.1727,Low
26367,0.1727,Low
37087,0.1727,Low
41415,0.1727,Low
46119,0.1727,Low
756,0.1726,Low
49356,0.1726,Low
34337,0.1726,Low
39780,0.1726,Low
3816,0.1726,Low
44041,0.1726,Low
13851,0.1726,Low
18247,0.1726,Low
19283,0.1726,Low
13217,0.1726,Low
293,0.1726,Low
33239,0.1726,Low
32131,0.1726,Low
3396,0.1726,Low
36420,0.1726,Low
33717,0.1725,Low
29705,0.1725,Low
5755,0.1725,Low
44361,0.1725,Low
26739,0.1725,Low
1024,0.1725,Low
19074,0.1725,Low
35744,0.1725,Low
12280,0.1725,Low
10510,0.1725,Low
672,0.1725,Low
30619,0.1725,Low
34946,0.1725,Low
42090,0.1725,Low
47144,0.1725,Low
40600,0.1725,Low
13361,0.1725,Low
8719,0.1725,Low
21108,0.1725,Low
36970,0.1725,Low
14132,0.1724,Low
23823,0.1724,Low
50547,0.1724,Low
47509,0.1724,Low
13509,0.1724,Low
8764,0.1724,Low
16397,0.1724,Low
674,0.1724,Low
39470,0.1724,Low
18249,0.1724,Low
42538,0.1723,Low
6005,0.1723,Low
3833,0.1723,Low
1071,0.1723,Low
15341,0.1723,Low
12251,0.1723,Low
27400,0.1723,Low
26197,0.1723,Low
10601,0.1723,Low
1134,0.1723,Low
15533,0.1723,Low
3042,0.1723,Low
42470,0.1723,Low
16155,0.1723,Low
3090,0.1723,Low
6909,0.1722,Low
20750,0.1722,Low
25310,0.1722,Low
19369,0.1722,Low
43552,0.1722,Low
15758,0.1722,Low
30947,0.1722,Low
21946,0.1722,Low
26206,0.1722,Low
2357,0.1722,Low
51872,0.1721,Low
26217,0.1721,Low
32436,0.1721,Low
42394,0.1721,Low
18990,0.1721,Low
35298,0.1721,Low
40417,0.1721,Low
35896,0.1721,Low
30188,0.1721,Low
16957,0.1721,Low
19990,0.1721,Low
34223,0.1721,Low
21771,0.1721,Low
23440,0.1721,Low
17744,0.172,Low
38242,0.172,Low
37350,0.172,Low
9489,0.172,Low
39096,0.172,Low
2193,0.172,Low
28693,0.172,Low
8104,0.172,Low
48853,0.172,Low
4108,0.172,Low
41771,0.172,Low
15935,0.172,Low
13516,0.172,Low
12117,0.172,Low
39363,0.1719,Low
5209,0.1719,Low
1096,0.1719,Low
14593,0.1719,Low
41030,0.1719,Low
36897,0.1719,Low
50984,0.1719,Low
31353,0.1719,Low
14884,0.1719,Low
1715,0.1719,Low
26441,0.1719,Low
36043,0.1719,Low
5372,0.1719,Low
11498,0.1719,Low
51109,0.1719,Low
15691,0.1719,Low
7792,0.1719,Low
27666,0.1719,Low
7582,0.1719,Low
48858,0.1719,Low
43087,0.1719,Low
36679,0.1719,Low
36656,0.1719,Low
42179,0.1719,Low
15079,0.1718,Low
49085,0.1718,Low
6526,0.1718,Low
49099,0.1718,Low
1375,0.1718,Low
44381,0.1718,Low
40299,0.1718,Low
29510,0.1718,Low
4271,0.1718,Low
19931,0.1718,Low
45354,0.1718,Low
36850,0.1718,Low
26906,0.1718,Low
14984,0.1718,Low
34940,0.1718,Low
44846,0.1718,Low
27480,0.1718,Low
24068,0.1717,Low
48414,0.1717,Low
46625,0.1717,Low
31516,0.1717,Low
8039,0.1717,Low
43984,0.1717,Low
33641,0.1717,Low
44187,0.1717,Low
19483,0.1717,Low
16597,0.1717,Low
24698,0.1717,Low
40182,0.1717,Low
41255,0.1717,Low
39331,0.1717,Low
24603,0.1716,Low
5525,0.1716,Low
31421,0.1716,Low
39712,0.1716,Low
7945,0.1716,Low
22595,0.1716,Low
26352,0.1716,Low
35926,0.1716,Low
18294,0.1716,Low
3387,0.1716,Low
31114,0.1716,Low
23406,0.1715,Low
49405,0.1715,Low
30974,0.1715,Low
48195,0.1715,Low
6388,0.1715,Low
21339,0.1715,Low
14175,0.1715,Low
39301,0.1715,Low
27559,0.1715,Low
1524,0.1715,Low
11719,0.1715,Low
32846,0.1715,Low
41230,0.1715,Low
43001,0.1715,Low
41368,0.1715,Low
12916,0.1715,Low
29468,0.1714,Low
16352,0.1714,Low
20489,0.1714,Low
35364,0.1714,Low
8746,0.1714,Low
20518,0.1714,Low
47198,0.1714,Low
17331,0.1714,Low
17131,0.1714,Low
33022,0.1714,Low
44125,0.1714,Low
51772,0.1714,Low
27911,0.1714,Low
33344,0.1714,Low
46992,0.1714,Low
4546,0.1714,Low
43236,0.1714,Low
48106,0.1714,Low
10399,0.1713,Low
4652,0.1713,Low
42829,0.1713,Low
37887,0.1713,Low
51786,0.1713,Low
4970,0.1713,Low
33328,0.1713,Low
33972,0.1713,Low
35979,0.1713,Low
45025,0.1712,Low
10455,0.1712,Low
51080,0.1712,Low
31283,0.1712,Low
32649,0.1712,Low
4124,0.1712,Low
33317,0.1712,Low
6078,0.1712,Low
41934,0.1712,Low
50348,0.1712,Low
18220,0.1712,Low
29992,0.1712,Low
26821,0.1711,Low
34157,0.1711,Low
2767,0.1711,Low
50117,0.1711,Low
13966,0.1711,Low
45572,0.1711,Low
13481,0.1711,Low
47920,0.1711,Low
11628,0.1711,Low
47030,0.1711,Low
48090,0.1711,Low
8033,0.1711,Low
36267,0.1711,Low
2104,0.1711,Low
48863,0.1711,Low
24389,0.1711,Low
34430,0.1711,Low
23051,0.1711,Low
26602,0.1711,Low
12382,0.1711,Low
20058,0.1711,Low
26963,0.1711,Low
19834,0.1711,Low
7347,0.1711,Low
45341,0.1711,Low
6048,0.1711,Low
19549,0.171,Low
49115,0.171,Low
393,0.171,Low
51823,0.171,Low
15592,0.171,Low
34792,0.171,Low
37161,0.171,Low
25116,0.171,Low
43592,0.1709,Low
32701,0.1709,Low
27519,0.1709,Low
8892,0.1709,Low
2905,0.1709,Low
46512,0.1709,Low
47915,0.1709,Low
37621,0.1709,Low
4125,0.1709,Low
31023,0.1709,Low
32330,0.1709,Low
3999,0.1709,Low
25052,0.1709,Low
47216,0.1709,Low
17703,0.1709,Low
44697,0.1709,Low
45540,0.1709,Low
22166,0.1709,Low
41026,0.1708,Low
34687,0.1708,Low
2969,0.1708,Low
23161,0.1708,Low
22436,0.1708,Low
2154,0.1708,Low
49148,0.1708,Low
16178,0.1708,Low
32029,0.1708,Low
32217,0.1708,Low
11620,0.1708,Low
29146,0.1708,Low
50531,0.1708,Low
7808,0.1708,Low
6272,0.1708,Low
15392,0.1708,Low
39587,0.1707,Low
32943,0.1707,Low
30174,0.1707,Low
42706,0.1707,Low
4761,0.1707,Low
42838,0.1707,Low
45371,0.1707,Low
35360,0.1707,Low
15702,0.1707,Low
35909,0.1706,Low
3878,0.1706,Low
7777,0.1706,Low
26464,0.1706,Low
41662,0.1706,Low
19939,0.1706,Low
23074,0.1706,Low
22413,0.1706,Low
2417,0.1706,Low
34254,0.1706,Low
2433,0.1706,Low
23552,0.1706,Low
10815,0.1706,Low
28989,0.1706,Low
29244,0.1706,Low
6813,0.1705,Low
30590,0.1705,Low
31588,0.1705,Low
33030,0.1705,Low
25875,0.1705,Low
17125,0.1705,Low
1434,0.1705,Low
19285,0.1705,Low
43188,0.1705,Low
23331,0.1705,Low
22598,0.1705,Low
21403,0.1705,Low
49912,0.1705,Low
11119,0.1705,Low
46876,0.1704,Low
7148,0.1704,Low
25697,0.1704,Low
23,0.1704,Low
14619,0.1704,Low
28877,0.1704,Low
24022,0.1704,Low
23745,0.1704,Low
9240,0.1704,Low
20298,0.1704,Low
38223,0.1704,Low
26338,0.1704,Low
38335,0.1704,Low
19238,0.1703,Low
32015,0.1703,Low
6985,0.1703,Low
24898,0.1703,Low
21307,0.1703,Low
11033,0.1703,Low
23015,0.1703,Low
12944,0.1703,Low
9798,0.1703,Low
37837,0.1703,Low
9877,0.1702,Low
31549,0.1702,Low
35446,0.1702,Low
11954,0.1702,Low
46073,0.1702,Low
7077,0.1702,Low
10040,0.1702,Low
15541,0.1702,Low
8424,0.1702,Low
14525,0.1702,Low
14959,0.1702,Low
33462,0.1702,Low
38751,0.1702,Low
30913,0.1702,Low
30556,0.1701,Low
12283,0.1701,Low
21449,0.1701,Low
46583,0.1701,Low
2655,0.1701,Low
18109,0.1701,Low
1788,0.1701,Low
45527,0.1701,Low
25117,0.1701,Low
46800,0.1701,Low
34374,0.1701,Low
34840,0.1701,Low
36895,0.1701,Low
46505,0.17,Low
728,0.17,Low
17352,0.17,Low
4973,0.17,Low
39050,0.17,Low
35508,0.17,Low
22002,0.17,Low
7336,0.17,Low
5107,0.17,Low
49679,0.17,Low
43207,0.17,Low
19412,0.17,Low
23433,0.17,Low
5241,0.1699,Low
47187,0.1699,Low
29932,0.1699,Low
29640,0.1699,Low
50738,0.1699,Low
35514,0.1699,Low
7583,0.1699,Low
28679,0.1699,Low
6163,0.1699,Low
51284,0.1699,Low
40919,0.1699,Low
811,0.1698,Low
34478,0.1698,Low
16566,0.1698,Low
18726,0.1698,Low
10085,0.1698,Low
26859,0.1698,Low
16000,0.1698,Low
15558,0.1698,Low
29349,0.1698,Low
8906,0.1698,Low
50912,0.1698,Low
40574,0.1698,Low
33236,0.1697,Low
17589,0.1697,Low
38831,0.1697,Low
17818,0.1697,Low
31253,0.1697,Low
35244,0.1697,Low
14917,0.1697,Low
45107,0.1697,Low
44465,0.1697,Low
22189,0.1697,Low
25973,0.1697,Low
22701,0.1697,Low
9989,0.1697,Low
16545,0.1697,Low
12324,0.1696,Low
12584,0.1696,Low
27508,0.1696,Low
15936,0.1696,Low
1235,0.1696,Low
7781,0.1696,Low
5065,0.1696,Low
8911,0.1696,Low
32905,0.1696,Low
45301,0.1696,Low
43074,0.1696,Low
921,0.1696,Low
30766,0.1696,Low
42102,0.1696,Low
2622,0.1696,Low
41853,0.1696,Low
18457,0.1696,Low
19780,0.1696,Low
532,0.1696,Low
44570,0.1696,Low
30747,0.1696,Low
38153,0.1695,Low
17128,0.1695,Low
1095,0.1695,Low
39617,0.1695,Low
46234,0.1695,Low
4938,0.1695,Low
7629,0.1695,Low
6753,0.1695,Low
26638,0.1695,Low
25206,0.1694,Low
26370,0.1694,Low
39880,0.1694,Low
14290,0.1694,Low
44267,0.1694,Low
11219,0.1694,Low
18518,0.1694,Low
47875,0.1694,Low
24243,0.1694,Low
10250,0.1694,Low
9477,0.1694,Low
5154,0.1694,Low
48513,0.1694,Low
2596,0.1694,Low
50895,0.1694,Low
37677,0.1693,Low
9733,0.1693,Low
38511,0.1693,Low
31676,0.1693,Low
28672,0.1693,Low
32426,0.1693,Low
8182,0.1693,Low
48744,0.1693,Low
19532,0.1693,Low
45691,0.1693,Low
12044,0.1693,Low
3777,0.1693,Low
9811,0.1693,Low
17711,0.1693,Low
21132,0.1693,Low
40501,0.1693,Low
37501,0.1693,Low
39263,0.1693,Low
24505,0.1693,Low
16050,0.1692,Low
3952,0.1692,Low
13736,0.1692,Low
12498,0.1692,Low
35374,0.1692,Low
8806,0.1692,Low
24856,0.1692,Low
14376,0.1692,Low
5869,0.1692,Low
39822,0.1692,Low
17645,0.1692,Low
5298,0.1692,Low
45369,0.1692,Low
32592,0.1692,Low
22542,0.1692,Low
35248,0.1691,Low
7573,0.1691,Low
16025,0.1691,Low
6321,0.1691,Low
14553,0.1691,Low
26900,0.1691,Low
2234,0.1691,Low
32838,0.1691,Low
37,0.1691,Low
18592,0.1691,Low
2091,0.1691,Low
9463,0.1691,Low
859,0.1691,Low
17262,0.1691,Low
38567,0.1691,Low
26432,0.1691,Low
7342,0.1691,Low
40979,0.1691,Low
25378,0.169,Low
6868,0.169,Low
45611,0.169,Low
49134,0.169,Low
44480,0.169,Low
28377,0.169,Low
41718,0.169,Low
17887,0.169,Low
24141,0.169,Low
9939,0.169,Low
25339,0.169,Low
31578,0.169,Low
11990,0.169,Low
45529,0.169,Low
24482,0.169,Low
35006,0.169,Low
36674,0.1689,Low
45903,0.1689,Low
50173,0.1689,Low
13676,0.1689,Low
19745,0.1689,Low
15522,0.1689,Low
26258,0.1689,Low
41778,0.1689,Low
6622,0.1689,Low
38429,0.1689,Low
27575,0.1689,Low
528,0.1688,Low
25706,0.1688,Low
33944,0.1688,Low
24313,0.1688,Low
50030,0.1688,Low
34702,0.1688,Low
41001,0.1688,Low
7146,0.1688,Low
35612,0.1688,Low
2531,0.1688,Low
29876,0.1688,Low
21855,0.1688,Low
45036,0.1688,Low
40702,0.1688,Low
45386,0.1688,Low
26525,0.1688,Low
48830,0.1688,Low
20673,0.1688,Low
13184,0.1687,Low
39446,0.1687,Low
21951,0.1687,Low
47275,0.1687,Low
41741,0.1687,Low
13427,0.1687,Low
11603,0.1687,Low
30909,0.1687,Low
24596,0.1687,Low
43210,0.1687,Low
30887,0.1687,Low
39829,0.1687,Low
48873,0.1687,Low
10946,0.1687,Low
12008,0.1687,Low
22315,0.1687,Low
1292,0.1686,Low
21022,0.1686,Low
20577,0.1686,Low
4562,0.1686,Low
48614,0.1686,Low
6804,0.1686,Low
26614,0.1686,Low
49155,0.1686,Low
2489,0.1686,Low
38114,0.1686,Low
31277,0.1686,Low
20238,0.1686,Low
32057,0.1686,Low
44062,0.1686,Low
13410,0.1686,Low
39026,0.1686,Low
8295,0.1686,Low
24376,0.1686,Low
7162,0.1685,Low
33661,0.1685,Low
14609,0.1685,Low
32372,0.1685,Low
34807,0.1685,Low
13440,0.1685,Low
6584,0.1685,Low
49062,0.1685,Low
47246,0.1685,Low
21588,0.1685,Low
44840,0.1685,Low
20554,0.1684,Low
36923,0.1684,Low
35637,0.1684,Low
33598,0.1684,Low
5098,0.1684,Low
27989,0.1684,Low
38748,0.1684,Low
23930,0.1684,Low
25540,0.1684,Low
31979,0.1684,Low
27886,0.1684,Low
22175,0.1684,Low
26731,0.1684,Low
29154,0.1684,Low
3186,0.1684,Low
1115,0.1684,Low
17708,0.1684,Low
6494,0.1683,Low
36424,0.1683,Low
25466,0.1683,Low
51657,0.1683,Low
5435,0.1683,Low
12097,0.1683,Low
20943,0.1683,Low
6212,0.1683,Low
7743,0.1683,Low
40894,0.1683,Low
50556,0.1683,Low
29830,0.1683,Low
49864,0.1683,Low
18179,0.1683,Low
50905,0.1682,Low
11983,0.1682,Low
1467,0.1682,Low
10128,0.1682,Low
30683,0.1682,Low
26431,0.1682,Low
30031,0.1682,Low
18748,0.1682,Low
42354,0.1682,Low
1436,0.1682,Low
19749,0.1682,Low
29176,0.1682,Low
32411,0.1682,Low
24829,0.1682,Low
14037,0.1682,Low
27220,0.1681,Low
18580,0.1681,Low
12466,0.1681,Low
24406,0.1681,Low
37946,0.1681,Low
17456,0.1681,Low
1496,0.1681,Low
5575,0.1681,Low
24485,0.1681,Low
29130,0.1681,Low
49480,0.1681,Low
28313,0.1681,Low
31926,0.1681,Low
36796,0.168,Low
4944,0.168,Low
20662,0.168,Low
27117,0.168,Low
38891,0.168,Low
21750,0.168,Low
33240,0.168,Low
5868,0.168,Low
21233,0.168,Low
50609,0.168,Low
17935,0.168,Low
1080,0.168,Low
3198,0.168,Low
31017,0.168,Low
37072,0.168,Low
2650,0.1679,Low
15439,0.1679,Low
25032,0.1679,Low
49395,0.1679,Low
8011,0.1679,Low
26460,0.1679,Low
47830,0.1679,Low
3020,0.1679,Low
18023,0.1679,Low
15900,0.1679,Low
43828,0.1679,Low
16081,0.1679,Low
23922,0.1679,Low
48600,0.1679,Low
14594,0.1679,Low
5728,0.1679,Low
7355,0.1679,Low
8839,0.1679,Low
30692,0.1679,Low
31923,0.1678,Low
26052,0.1678,Low
45393,0.1678,Low
15149,0.1678,Low
16713,0.1678,Low
31018,0.1678,Low
12623,0.1678,Low
34165,0.1678,Low
46869,0.1678,Low
35233,0.1678,Low
2855,0.1678,Low
44810,0.1678,Low
31881,0.1678,Low
36371,0.1678,Low
32925,0.1677,Low
47963,0.1677,Low
10632,0.1677,Low
35241,0.1677,Low
13278,0.1677,Low
43308,0.1677,Low
12827,0.1677,Low
21167,0.1677,Low
11842,0.1677,Low
26820,0.1677,Low
26972,0.1677,Low
1504,0.1677,Low
3620,0.1677,Low
7456,0.1676,Low
12975,0.1676,Low
8538,0.1676,Low
31651,0.1676,Low
2456,0.1676,Low
575,0.1676,Low
2931,0.1676,Low
40640,0.1676,Low
43439,0.1676,Low
36945,0.1676,Low
48958,0.1676,Low
34843,0.1676,Low
50255,0.1676,Low
37192,0.1676,Low
45289,0.1675,Low
39385,0.1675,Low
5506,0.1675,Low
41036,0.1675,Low
1240,0.1675,Low
27969,0.1675,Low
16887,0.1675,Low
349,0.1675,Low
51700,0.1675,Low
39708,0.1675,Low
17760,0.1675,Low
39786,0.1675,Low
10312,0.1675,Low
44110,0.1675,Low
49177,0.1675,Low
9604,0.1675,Low
14319,0.1674,Low
34442,0.1674,Low
35043,0.1674,Low
3297,0.1674,Low
46486,0.1674,Low
17736,0.1674,Low
34627,0.1674,Low
36317,0.1674,Low
46781,0.1674,Low
46735,0.1674,Low
25494,0.1673,Low
22786,0.1673,Low
1605,0.1673,Low
44687,0.1673,Low
5975,0.1673,Low
30381,0.1673,Low
39670,0.1673,Low
25746,0.1673,Low
19650,0.1673,Low
29322,0.1673,Low
17468,0.1673,Low
47360,0.1673,Low
27386,0.1673,Low
4732,0.1673,Low
14637,0.1673,Low
873,0.1673,Low
35609,0.1673,Low
43131,0.1672,Low
51490,0.1672,Low
13764,0.1672,Low
22493,0.1672,Low
48158,0.1672,Low
12965,0.1672,Low
3258,0.1672,Low
15179,0.1672,Low
44230,0.1672,Low
9649,0.1672,Low
43516,0.1672,Low
26978,0.1672,Low
8628,0.1672,Low
26489,0.1672,Low
48397,0.1672,Low
8862,0.1672,Low
48480,0.1672,Low
39274,0.1672,Low
43008,0.1671,Low
7207,0.1671,Low
51661,0.1671,Low
17836,0.1671,Low
38391,0.1671,Low
40844,0.1671,Low
22276,0.1671,Low
21384,0.1671,Low
16069,0.1671,Low
28695,0.1671,Low
21763,0.1671,Low
14047,0.1671,Low
51844,0.1671,Low
49119,0.1671,Low
24391,0.1671,Low
8845,0.167,Low
5944,0.167,Low
50715,0.167,Low
24616,0.167,Low
27868,0.167,Low
47285,0.167,Low
5899,0.167,Low
10174,0.167,Low
50028,0.167,Low
44676,0.167,Low
15548,0.1669,Low
29738,0.1669,Low
51815,0.1669,Low
23182,0.1669,Low
42383,0.1669,Low
1606,0.1669,Low
16825,0.1669,Low
23700,0.1669,Low
3412,0.1669,Low
46589,0.1669,Low
45294,0.1669,Low
47294,0.1669,Low
14514,0.1669,Low
28595,0.1669,Low
40706,0.1669,Low
45660,0.1669,Low
37218,0.1668,Low
17375,0.1668,Low
49827,0.1668,Low
21511,0.1668,Low
12751,0.1668,Low
22966,0.1668,Low
32742,0.1668,Low
10684,0.1668,Low
1087,0.1668,Low
2048,0.1668,Low
48283,0.1668,Low
44853,0.1667,Low
40508,0.1667,Low
36908,0.1667,Low
36508,0.1667,Low
945,0.1667,Low
22234,0.1667,Low
2053,0.1667,Low
7671,0.1667,Low
18881,0.1667,Low
43939,0.1667,Low
7377,0.1667,Low
5432,0.1667,Low
22713,0.1667,Low
32132,0.1667,Low
42037,0.1667,Low
38338,0.1667,Low
50449,0.1667,Low
1998,0.1667,Low
29077,0.1667,Low
19400,0.1667,Low
9998,0.1667,Low
34886,0.1667,Low
964,0.1667,Low
22027,0.1666,Low
15314,0.1666,Low
6188,0.1666,Low
51890,0.1666,Low
44559,0.1666,Low
8723,0.1666,Low
994,0.1666,Low
16361,0.1666,Low
43489,0.1666,Low
12007,0.1666,Low
3046,0.1666,Low
39261,0.1665,Low
7919,0.1665,Low
37785,0.1665,Low
35466,0.1665,Low
4231,0.1665,Low
24809,0.1665,Low
10474,0.1665,Low
12869,0.1665,Low
44783,0.1665,Low
4461,0.1665,Low
34413,0.1665,Low
38674,0.1665,Low
40316,0.1665,Low
40401,0.1665,Low
2068,0.1665,Low
36929,0.1664,Low
14452,0.1664,Low
23969,0.1664,Low
3499,0.1664,Low
31696,0.1664,Low
13780,0.1664,Low
12683,0.1664,Low
4437,0.1663,Low
29745,0.1663,Low
39624,0.1663,Low
2974,0.1663,Low
9846,0.1663,Low
23991,0.1663,Low
35831,0.1663,Low
38971,0.1663,Low
45823,0.1663,Low
14248,0.1663,Low
27834,0.1662,Low
41379,0.1662,Low
5048,0.1662,Low
47925,0.1662,Low
9088,0.1662,Low
17338,0.1662,Low
3161,0.1662,Low
24355,0.1662,Low
7544,0.1662,Low
19576,0.1661,Low
7129,0.1661,Low
22186,0.1661,Low
957,0.1661,Low
15849,0.1661,Low
11160,0.1661,Low
46518,0.1661,Low
2543,0.1661,Low
35671,0.1661,Low
51616,0.1661,Low
517,0.1661,Low
51934,0.1661,Low
49015,0.1661,Low
5317,0.1661,Low
19725,0.1661,Low
26166,0.1661,Low
28208,0.1661,Low
10315,0.166,Low
51214,0.166,Low
37481,0.166,Low
27753,0.166,Low
29904,0.166,Low
51967,0.166,Low
45750,0.166,Low
17817,0.166,Low
33940,0.166,Low
30836,0.1659,Low
10896,0.1659,Low
17931,0.1659,Low
7986,0.1659,Low
19225,0.1659,Low
39740,0.1659,Low
26878,0.1659,Low
43715,0.1659,Low
33392,0.1659,Low
3715,0.1659,Low
30512,0.1659,Low
50311,0.1659,Low
50817,0.1659,Low
26568,0.1659,Low
16281,0.1658,Low
20072,0.1658,Low
17253,0.1658,Low
30354,0.1658,Low
45360,0.1658,Low
24720,0.1658,Low
33139,0.1658,Low
21963,0.1658,Low
34251,0.1658,Low
23210,0.1658,Low
50146,0.1658,Low
536,0.1658,Low
21852,0.1658,Low
39165,0.1657,Low
3243,0.1657,Low
735,0.1657,Low
13183,0.1657,Low
42429,0.1657,Low
10500,0.1657,Low
50665,0.1657,Low
18161,0.1657,Low
23675,0.1657,Low
47222,0.1657,Low
47746,0.1657,Low
37505,0.1657,Low
4440,0.1657,Low
23500,0.1657,Low
3733,0.1657,Low
24436,0.1656,Low
37503,0.1656,Low
5127,0.1656,Low
30669,0.1656,Low
15813,0.1656,Low
27924,0.1656,Low
29997,0.1656,Low
31752,0.1656,Low
27605,0.1656,Low
8114,0.1656,Low
32946,0.1656,Low
43913,0.1656,Low
51397,0.1656,Low
35657,0.1656,Low
11943,0.1656,Low
44664,0.1656,Low
24697,0.1656,Low
48519,0.1655,Low
30251,0.1655,Low
537,0.1655,Low
31684,0.1655,Low
40841,0.1655,Low
20017,0.1655,Low
299,0.1655,Low
3118,0.1655,Low
26522,0.1655,Low
6999,0.1655,Low
41613,0.1655,Low
20545,0.1655,Low
34803,0.1655,Low
23178,0.1655,Low
27825,0.1654,Low
8930,0.1654,Low
816,0.1654,Low
21981,0.1654,Low
50329,0.1654,Low
25014,0.1654,Low
31324,0.1654,Low
4463,0.1654,Low
4854,0.1654,Low
44194,0.1654,Low
38245,0.1654,Low
3465,0.1654,Low
38668,0.1654,Low
11626,0.1654,Low
11510,0.1653,Low
38501,0.1653,Low
35666,0.1653,Low
1419,0.1653,Low
16608,0.1653,Low
28846,0.1653,Low
23494,0.1653,Low
31512,0.1653,Low
21815,0.1653,Low
10608,0.1653,Low
36615,0.1653,Low
49686,0.1652,Low
44438,0.1652,Low
25425,0.1652,Low
40296,0.1652,Low
47607,0.1652,Low
30412,0.1652,Low
1093,0.1652,Low
32605,0.1652,Low
18785,0.1652,Low
34656,0.1652,Low
47131,0.1652,Low
2281,0.1652,Low
28241,0.1652,Low
20191,0.1651,Low
27097,0.1651,Low
51455,0.1651,Low
29467,0.1651,Low
23254,0.1651,Low
40409,0.1651,Low
37154,0.1651,Low
7445,0.1651,Low
37994,0.1651,Low
33522,0.1651,Low
23990,0.1651,Low
31844,0.1651,Low
30451,0.1651,Low
16365,0.1651,Low
1204,0.1651,Low
19379,0.1651,Low
576,0.1651,Low
42230,0.1651,Low
22792,0.165,Low
49167,0.165,Low
7,0.165,Low
40342,0.165,Low
1924,0.165,Low
45830,0.165,Low
24650,0.165,Low
30041,0.165,Low
32570,0.165,Low
43543,0.165,Low
14615,0.165,Low
36692,0.165,Low
37625,0.165,Low
18505,0.165,Low
34971,0.165,Low
5307,0.1649,Low
32821,0.1649,Low
24008,0.1649,Low
5998,0.1649,Low
1875,0.1649,Low
1212,0.1649,Low
13749,0.1649,Low
6187,0.1649,Low
22631,0.1649,Low
10988,0.1649,Low
32823,0.1649,Low
33224,0.1649,Low
4983,0.1649,Low
41239,0.1649,Low
155,0.1648,Low
2549,0.1648,Low
49227,0.1648,Low
25993,0.1648,Low
40076,0.1648,Low
7869,0.1648,Low
47346,0.1648,Low
3290,0.1648,Low
50123,0.1648,Low
5495,0.1648,Low
51082,0.1648,Low
32402,0.1648,Low
24802,0.1648,Low
43097,0.1648,Low
16499,0.1648,Low
48108,0.1648,Low
8827,0.1648,Low
1465,0.1648,Low
48966,0.1648,Low
3266,0.1648,Low
2843,0.1648,Low
27367,0.1648,Low
44929,0.1647,Low
51713,0.1647,Low
47928,0.1647,Low
1049,0.1647,Low
37666,0.1647,Low
46883,0.1647,Low
35492,0.1647,Low
43408,0.1647,Low
28303,0.1647,Low
43043,0.1647,Low
37342,0.1647,Low
43663,0.1647,Low
2134,0.1647,Low
260,0.1646,Low
10734,0.1646,Low
3292,0.1646,Low
774,0.1646,Low
19975,0.1646,Low
51221,0.1646,Low
19350,0.1646,Low
49394,0.1646,Low
30604,0.1646,Low
38593,0.1646,Low
6316,0.1646,Low
1548,0.1646,Low
1251,0.1646,Low
7664,0.1645,Low
2224,0.1645,Low
13438,0.1645,Low
40831,0.1645,Low
5196,0.1645,Low
47660,0.1645,Low
6233,0.1645,Low
19498,0.1645,Low
14767,0.1645,Low
42723,0.1645,Low
12571,0.1645,Low
8503,0.1645,Low
2967,0.1645,Low
17027,0.1645,Low
23089,0.1644,Low
14752,0.1644,Low
5499,0.1644,Low
5860,0.1644,Low
9366,0.1644,Low
43166,0.1644,Low
37461,0.1644,Low
36171,0.1644,Low
50435,0.1644,Low
31619,0.1644,Low
31769,0.1644,Low
27928,0.1644,Low
19404,0.1644,Low
1014,0.1644,Low
34403,0.1644,Low
41516,0.1644,Low
32140,0.1644,Low
410,0.1644,Low
12417,0.1644,Low
2326,0.1644,Low
48303,0.1644,Low
19661,0.1644,Low
28444,0.1644,Low
6542,0.1643,Low
43537,0.1643,Low
30225,0.1643,Low
30504,0.1643,Low
9032,0.1643,Low
45778,0.1643,Low
24367,0.1643,Low
38517,0.1643,Low
23531,0.1643,Low
12669,0.1643,Low
29316,0.1643,Low
31852,0.1643,Low
23479,0.1643,Low
22422,0.1643,Low
44952,0.1643,Low
7931,0.1643,Low
50016,0.1643,Low
38465,0.1643,Low
23682,0.1642,Low
12384,0.1642,Low
9353,0.1642,Low
9722,0.1642,Low
3335,0.1642,Low
18962,0.1642,Low
47049,0.1642,Low
41765,0.1642,Low
12966,0.1642,Low
51548,0.1642,Low
13126,0.1642,Low
34750,0.1642,Low
29390,0.1642,Low
51673,0.1642,Low
7274,0.1642,Low
32073,0.1642,Low
48400,0.1642,Low
37679,0.1642,Low
9952,0.1642,Low
25806,0.1642,Low
15504,0.1641,Low
35444,0.1641,Low
4700,0.1641,Low
33209,0.1641,Low
12678,0.1641,Low
29547,0.1641,Low
28221,0.1641,Low
16221,0.1641,Low
12567,0.1641,Low
37082,0.1641,Low
15166,0.1641,Low
16476,0.1641,Low
49265,0.1641,Low
48261,0.164,Low
20460,0.164,Low
18956,0.164,Low
48525,0.164,Low
51954,0.164,Low
21507,0.164,Low
38373,0.164,Low
35864,0.164,Low
49533,0.164,Low
33645,0.164,Low
12929,0.164,Low
23061,0.164,Low
26381,0.164,Low
51154,0.164,Low
402,0.1639,Low
2551,0.1639,Low
32477,0.1639,Low
4927,0.1639,Low
29086,0.1639,Low
22841,0.1639,Low
33356,0.1639,Low
13831,0.1639,Low
23976,0.1639,Low
20092,0.1639,Low
32783,0.1639,Low
46299,0.1638,Low
35726,0.1638,Low
14408,0.1638,Low
18251,0.1638,Low
22316,0.1638,Low
41480,0.1638,Low
49415,0.1638,Low
23215,0.1638,Low
26613,0.1638,Low
2927,0.1638,Low
33971,0.1638,Low
30661,0.1638,Low
25665,0.1638,Low
7304,0.1638,Low
2513,0.1638,Low
6202,0.1638,Low
10818,0.1637,Low
36844,0.1637,Low
30258,0.1637,Low
50903,0.1637,Low
4758,0.1637,Low
45862,0.1637,Low
232,0.1637,Low
36136,0.1637,Low
41226,0.1637,Low
30889,0.1637,Low
44800,0.1637,Low
50137,0.1637,Low
15305,0.1637,Low
51357,0.1637,Low
49873,0.1637,Low
28329,0.1637,Low
45082,0.1637,Low
44126,0.1637,Low
46385,0.1637,Low
32499,0.1637,Low
49816,0.1636,Low
14500,0.1636,Low
29218,0.1636,Low
9909,0.1636,Low
41668,0.1636,Low
47074,0.1636,Low
17583,0.1636,Low
41986,0.1636,Low
29730,0.1636,Low
13713,0.1636,Low
27284,0.1636,Low
3928,0.1636,Low
49181,0.1636,Low
36159,0.1636,Low
45310,0.1636,Low
42003,0.1636,Low
31368,0.1636,Low
11287,0.1635,Low
38789,0.1635,Low
30919,0.1635,Low
20594,0.1635,Low
30399,0.1635,Low
31610,0.1635,Low
43568,0.1635,Low
33207,0.1635,Low
26706,0.1635,Low
4180,0.1635,Low
43919,0.1635,Low
34602,0.1635,Low
49664,0.1635,Low
23400,0.1635,Low
14958,0.1634,Low
25979,0.1634,Low
44658,0.1634,Low
9677,0.1634,Low
29029,0.1634,Low
16364,0.1634,Low
45105,0.1634,Low
50791,0.1634,Low
49144,0.1634,Low
13743,0.1634,Low
6416,0.1634,Low
24548,0.1634,Low
39761,0.1634,Low
29647,0.1634,Low
20387,0.1633,Low
3991,0.1633,Low
14964,0.1633,Low
38928,0.1633,Low
28306,0.1633,Low
51383,0.1633,Low
40322,0.1633,Low
46508,0.1633,Low
51035,0.1633,Low
40743,0.1633,Low
18041,0.1633,Low
36303,0.1633,Low
27948,0.1633,Low
36842,0.1633,Low
26477,0.1633,Low
27464,0.1633,Low
35939,0.1633,Low
4398,0.1633,Low
49752,0.1633,Low
30316,0.1633,Low
36062,0.1633,Low
924,0.1633,Low
36268,0.1633,Low
1486,0.1633,Low
28338,0.1633,Low
48573,0.1633,Low
41642,0.1633,Low
20537,0.1633,Low
47634,0.1632,Low
9494,0.1632,Low
35169,0.1632,Low
44747,0.1632,Low
16652,0.1632,Low
21531,0.1632,Low
5190,0.1632,Low
19320,0.1632,Low
1294,0.1632,Low
35496,0.1632,Low
34874,0.1632,Low
10024,0.1631,Low
29869,0.1631,Low
35592,0.1631,Low
42679,0.1631,Low
6729,0.1631,Low
9655,0.1631,Low
39023,0.1631,Low
44839,0.1631,Low
4951,0.1631,Low
17785,0.1631,Low
41184,0.1631,Low
24377,0.1631,Low
26041,0.1631,Low
49954,0.1631,Low
45181,0.1631,Low
13821,0.1631,Low
24690,0.1631,Low
43932,0.163,Low
37552,0.163,Low
3241,0.163,Low
10386,0.163,Low
5737,0.163,Low
34919,0.163,Low
31935,0.163,Low
11919,0.163,Low
47932,0.1629,Low
9389,0.1629,Low
13652,0.1629,Low
7359,0.1629,Low
9139,0.1629,Low
10243,0.1629,Low
38798,0.1629,Low
17108,0.1629,Low
6857,0.1629,Low
32007,0.1628,Low
50079,0.1628,Low
31885,0.1628,Low
25436,0.1628,Low
13290,0.1628,Low
38622,0.1628,Low
1472,0.1628,Low
47265,0.1628,Low
10465,0.1628,Low
4297,0.1628,Low
20596,0.1628,Low
30822,0.1628,Low
10801,0.1628,Low
18334,0.1628,Low
18123,0.1628,Low
10188,0.1628,Low
26,0.1628,Low
32623,0.1628,Low
8836,0.1628,Low
40936,0.1628,Low
36650,0.1627,Low
13582,0.1627,Low
37201,0.1627,Low
50721,0.1627,Low
46808,0.1627,Low
48971,0.1627,Low
40392,0.1627,Low
43912,0.1627,Low
43318,0.1627,Low
29420,0.1627,Low
29044,0.1627,Low
368,0.1627,Low
19264,0.1627,Low
34898,0.1626,Low
32315,0.1626,Low
20710,0.1626,Low
35329,0.1626,Low
40903,0.1626,Low
23957,0.1626,Low
15395,0.1626,Low
40940,0.1626,Low
41383,0.1626,Low
41475,0.1626,Low
51492,0.1626,Low
32735,0.1626,Low
3618,0.1626,Low
20612,0.1626,Low
51505,0.1626,Low
16844,0.1626,Low
15280,0.1626,Low
3061,0.1626,Low
49056,0.1626,Low
36767,0.1626,Low
30550,0.1626,Low
14403,0.1625,Low
27540,0.1625,Low
14539,0.1625,Low
40771,0.1625,Low
1946,0.1625,Low
23954,0.1625,Low
7552,0.1625,Low
17218,0.1625,Low
9304,0.1625,Low
10300,0.1625,Low
25630,0.1625,Low
2223,0.1625,Low
26086,0.1625,Low
31011,0.1625,Low
39162,0.1625,Low
10833,0.1625,Low
33295,0.1625,Low
18443,0.1625,Low
45535,0.1624,Low
39043,0.1624,Low
19740,0.1624,Low
45030,0.1624,Low
44844,0.1624,Low
5547,0.1624,Low
28987,0.1624,Low
42731,0.1624,Low
6273,0.1624,Low
51618,0.1624,Low
24540,0.1624,Low
10359,0.1624,Low
38729,0.1624,Low
48921,0.1623,Low
19354,0.1623,Low
27770,0.1623,Low
14582,0.1623,Low
43628,0.1623,Low
39596,0.1623,Low
17971,0.1623,Low
44890,0.1623,Low
22453,0.1623,Low
9027,0.1623,Low
30449,0.1623,Low
47707,0.1622,Low
24413,0.1622,Low
43082,0.1622,Low
44935,0.1622,Low
48957,0.1622,Low
40228,0.1622,Low
22689,0.1622,Low
7667,0.1622,Low
25534,0.1622,Low
16534,0.1622,Low
50154,0.1622,Low
27582,0.1622,Low
16321,0.1622,Low
42189,0.1622,Low
48439,0.1622,Low
8790,0.1622,Low
43577,0.1621,Low
14923,0.1621,Low
3602,0.1621,Low
18708,0.1621,Low
1131,0.1621,Low
36110,0.1621,Low
13284,0.1621,Low
19569,0.1621,Low
11368,0.1621,Low
44507,0.1621,Low
36610,0.1621,Low
12938,0.1621,Low
27970,0.1621,Low
43410,0.162,Low
43110,0.162,Low
41522,0.162,Low
12888,0.162,Low
3207,0.162,Low
10329,0.162,Low
40324,0.162,Low
51342,0.162,Low
24955,0.162,Low
20772,0.162,Low
43405,0.162,Low
23442,0.162,Low
45136,0.162,Low
23224,0.162,Low
2511,0.162,Low
37706,0.162,Low
10416,0.1619,Low
28697,0.1619,Low
38587,0.1619,Low
26515,0.1619,Low
37296,0.1619,Low
4536,0.1619,Low
171,0.1619,Low
27046,0.1619,Low
31893,0.1619,Low
41908,0.1619,Low
9505,0.1619,Low
44843,0.1619,Low
51752,0.1619,Low
28345,0.1619,Low
7155,0.1619,Low
10926,0.1618,Low
20691,0.1618,Low
33720,0.1618,Low
36489,0.1618,Low
7430,0.1618,Low
30821,0.1618,Low
21176,0.1618,Low
13037,0.1618,Low
50773,0.1618,Low
46989,0.1618,Low
45348,0.1618,Low
30151,0.1618,Low
35623,0.1618,Low
45423,0.1618,Low
12940,0.1618,Low
26545,0.1617,Low
38930,0.1617,Low
23470,0.1617,Low
40293,0.1617,Low
9109,0.1617,Low
14697,0.1617,Low
13339,0.1617,Low
34539,0.1617,Low
3032,0.1617,Low
35304,0.1617,Low
21194,0.1617,Low
19236,0.1617,Low
43643,0.1616,Low
32072,0.1616,Low
29226,0.1616,Low
2206,0.1616,Low
29836,0.1616,Low
39734,0.1616,Low
50221,0.1616,Low
29421,0.1616,Low
35316,0.1616,Low
711,0.1616,Low
33422,0.1616,Low
23851,0.1616,Low
32716,0.1616,Low
10846,0.1615,Low
1646,0.1615,Low
17891,0.1615,Low
19435,0.1615,Low
39136,0.1615,Low
28772,0.1615,Low
50304,0.1615,Low
16026,0.1615,Low
8786,0.1615,Low
31944,0.1615,Low
12182,0.1615,Low
21413,0.1615,Low
36419,0.1615,Low
32076,0.1615,Low
2846,0.1615,Low
42834,0.1615,Low
21842,0.1615,Low
12660,0.1615,Low
50586,0.1615,Low
41676,0.1614,Low
1108,0.1614,Low
34569,0.1614,Low
50178,0.1614,Low
19161,0.1614,Low
47611,0.1614,Low
8851,0.1614,Low
38912,0.1614,Low
4400,0.1614,Low
42101,0.1614,Low
25319,0.1614,Low
50627,0.1614,Low
2386,0.1614,Low
38336,0.1614,Low
29305,0.1614,Low
15107,0.1613,Low
46488,0.1613,Low
15473,0.1613,Low
34990,0.1613,Low
41225,0.1613,Low
42860,0.1613,Low
7893,0.1613,Low
7051,0.1613,Low
8874,0.1613,Low
10573,0.1613,Low
95,0.1613,Low
35122,0.1613,Low
51936,0.1613,Low
18989,0.1613,Low
40052,0.1613,Low
41639,0.1612,Low
35116,0.1612,Low
9849,0.1612,Low
14275,0.1612,Low
28024,0.1612,Low
47045,0.1612,Low
21343,0.1612,Low
50880,0.1612,Low
1640,0.1612,Low
20333,0.1612,Low
34194,0.1612,Low
25718,0.1612,Low
3936,0.1612,Low
23679,0.1612,Low
51609,0.1612,Low
3405,0.1612,Low
34173,0.1612,Low
47204,0.1612,Low
42468,0.1612,Low
2989,0.1611,Low
36026,0.1611,Low
7158,0.1611,Low
20461,0.1611,Low
25839,0.1611,Low
14716,0.1611,Low
34415,0.1611,Low
38811,0.1611,Low
22983,0.1611,Low
5175,0.1611,Low
11904,0.1611,Low
14520,0.1611,Low
33609,0.1611,Low
27663,0.1611,Low
15428,0.1611,Low
23653,0.1611,Low
23885,0.161,Low
51333,0.161,Low
14422,0.161,Low
28288,0.161,Low
18659,0.161,Low
4206,0.161,Low
33355,0.161,Low
20219,0.161,Low
3492,0.161,Low
38696,0.161,Low
45533,0.161,Low
23199,0.161,Low
28087,0.161,Low
10603,0.161,Low
36359,0.161,Low
34979,0.161,Low
46047,0.161,Low
9230,0.161,Low
4963,0.161,Low
42304,0.161,Low
5412,0.161,Low
51142,0.161,Low
14377,0.161,Low
16032,0.161,Low
16638,0.1609,Low
1974,0.1609,Low
3773,0.1609,Low
12904,0.1609,Low
33864,0.1609,Low
35545,0.1609,Low
48437,0.1609,Low
27053,0.1609,Low
50469,0.1609,Low
50769,0.1609,Low
46655,0.1609,Low
23333,0.1609,Low
4122,0.1609,Low
47764,0.1609,Low
16695,0.1609,Low
2625,0.1609,Low
30893,0.1609,Low
34823,0.1609,Low
12996,0.1609,Low
9391,0.1609,Low
10954,0.1609,Low
15418,0.1608,Low
27227,0.1608,Low
3772,0.1608,Low
50894,0.1608,Low
30389,0.1608,Low
24823,0.1608,Low
18222,0.1608,Low
37906,0.1608,Low
26691,0.1608,Low
15817,0.1608,Low
29259,0.1608,Low
46298,0.1608,Low
38370,0.1608,Low
34151,0.1608,Low
5492,0.1608,Low
37931,0.1607,Low
51841,0.1607,Low
25678,0.1607,Low
6071,0.1607,Low
46613,0.1607,Low
45579,0.1607,Low
42319,0.1607,Low
35911,0.1607,Low
42634,0.1607,Low
10031,0.1607,Low
13686,0.1607,Low
36671,0.1607,Low
19999,0.1607,Low
15397,0.1607,Low
39654,0.1607,Low
36123,0.1606,Low
2401,0.1606,Low
15790,0.1606,Low
18773,0.1606,Low
30643,0.1606,Low
529,0.1606,Low
30414,0.1606,Low
18003,0.1606,Low
25566,0.1606,Low
14690,0.1606,Low
50441,0.1606,Low
7065,0.1606,Low
9528,0.1606,Low
49509,0.1606,Low
45331,0.1606,Low
40634,0.1606,Low
31563,0.1605,Low
10982,0.1605,Low
45444,0.1605,Low
51079,0.1605,Low
6740,0.1605,Low
11876,0.1605,Low
12768,0.1605,Low
38745,0.1605,Low
36823,0.1605,Low
7469,0.1605,Low
10381,0.1605,Low
48741,0.1605,Low
18512,0.1605,Low
4287,0.1605,Low
25243,0.1605,Low
10144,0.1604,Low
14089,0.1604,Low
12622,0.1604,Low
30937,0.1604,Low
7483,0.1604,Low
34686,0.1604,Low
30549,0.1604,Low
11469,0.1604,Low
23364,0.1604,Low
5431,0.1604,Low
26341,0.1604,Low
10471,0.1604,Low
2534,0.1604,Low
51355,0.1604,Low
44239,0.1604,Low
50396,0.1604,Low
18560,0.1604,Low
10033,0.1604,Low
34051,0.1604,Low
14373,0.1604,Low
25541,0.1604,Low
15538,0.1603,Low
11413,0.1603,Low
13326,0.1603,Low
36070,0.1603,Low
45328,0.1603,Low
19052,0.1603,Low
30184,0.1603,Low
19308,0.1603,Low
2518,0.1603,Low
13790,0.1603,Low
45703,0.1603,Low
18445,0.1603,Low
15976,0.1603,Low
2806,0.1603,Low
22160,0.1603,Low
45215,0.1603,Low
10728,0.1603,Low
41917,0.1603,Low
361,0.1602,Low
36794,0.1602,Low
48289,0.1602,Low
51012,0.1602,Low
46555,0.1602,Low
36009,0.1602,Low
50513,0.1602,Low
17377,0.1602,Low
5638,0.1602,Low
19034,0.1602,Low
14548,0.1602,Low
20791,0.1602,Low
27254,0.1602,Low
2264,0.1602,Low
22498,0.1602,Low
27087,0.1602,Low
30397,0.1602,Low
7507,0.1602,Low
17307,0.1601,Low
49734,0.1601,Low
35668,0.1601,Low
41327,0.1601,Low
29207,0.1601,Low
6058,0.1601,Low
15836,0.1601,Low
34606,0.1601,Low
25725,0.1601,Low
13344,0.1601,Low
31246,0.1601,Low
1667,0.1601,Low
10849,0.1601,Low
28654,0.1601,Low
8252,0.1601,Low
45064,0.1601,Low
20514,0.1601,Low
31298,0.1601,Low
49703,0.1601,Low
5682,0.16,Low
10490,0.16,Low
16588,0.16,Low
10664,0.16,Low
33381,0.16,Low
42640,0.16,Low
28941,0.16,Low
34270,0.16,Low
51878,0.16,Low
7326,0.16,Low
24137,0.16,Low
42260,0.16,Low
8124,0.16,Low
44351,0.16,Low
8778,0.16,Low
7283,0.1599,Low
46476,0.1599,Low
38189,0.1599,Low
17289,0.1599,Low
42710,0.1599,Low
13424,0.1599,Low
11687,0.1599,Low
49595,0.1599,Low
47810,0.1599,Low
5273,0.1599,Low
20808,0.1599,Low
3191,0.1598,Low
19067,0.1598,Low
39918,0.1598,Low
37495,0.1598,Low
10045,0.1598,Low
31403,0.1598,Low
45591,0.1598,Low
38760,0.1598,Low
16523,0.1598,Low
13847,0.1598,Low
28271,0.1598,Low
2020,0.1598,Low
47096,0.1598,Low
48760,0.1598,Low
27773,0.1598,Low
47749,0.1597,Low
38796,0.1597,Low
39299,0.1597,Low
1417,0.1597,Low
47987,0.1597,Low
11194,0.1597,Low
5032,0.1597,Low
13247,0.1597,Low
51863,0.1597,Low
16969,0.1597,Low
34317,0.1597,Low
42839,0.1597,Low
19617,0.1597,Low
46566,0.1597,Low
28526,0.1597,Low
31520,0.1596,Low
27943,0.1596,Low
34115,0.1596,Low
34101,0.1596,Low
44692,0.1596,Low
33821,0.1596,Low
38664,0.1596,Low
45749,0.1596,Low
36418,0.1596,Low
18728,0.1596,Low
28196,0.1596,Low
21149,0.1596,Low
46714,0.1596,Low
51715,0.1596,Low
38631,0.1596,Low
13039,0.1596,Low
41282,0.1596,Low
50676,0.1596,Low
48702,0.1596,Low
49714,0.1596,Low
49583,0.1596,Low
25318,0.1596,Low
16074,0.1596,Low
51133,0.1596,Low
24832,0.1595,Low
40000,0.1595,Low
32123,0.1595,Low
23574,0.1595,Low
43123,0.1595,Low
39478,0.1595,Low
19254,0.1595,Low
8155,0.1595,Low
1703,0.1595,Low
35956,0.1595,Low
24591,0.1595,Low
5553,0.1595,Low
40435,0.1595,Low
18259,0.1595,Low
15203,0.1595,Low
14639,0.1595,Low
45223,0.1595,Low
31000,0.1595,Low
39129,0.1594,Low
33223,0.1594,Low
27246,0.1594,Low
26289,0.1594,Low
45017,0.1594,Low
47039,0.1594,Low
45518,0.1594,Low
49676,0.1594,Low
28530,0.1594,Low
12541,0.1594,Low
16808,0.1594,Low
43683,0.1594,Low
6154,0.1594,Low
15845,0.1594,Low
4545,0.1594,Low
51810,0.1594,Low
13090,0.1594,Low
31092,0.1594,Low
17357,0.1594,Low
45401,0.1594,Low
25045,0.1593,Low
35431,0.1593,Low
32447,0.1593,Low
43698,0.1593,Low
39283,0.1593,Low
42652,0.1593,Low
16080,0.1593,Low
19006,0.1593,Low
12223,0.1593,Low
32361,0.1593,Low
40134,0.1593,Low
5339,0.1593,Low
10837,0.1592,Low
42681,0.1592,Low
32049,0.1592,Low
5438,0.1592,Low
40112,0.1592,Low
9100,0.1592,Low
41659,0.1592,Low
7088,0.1592,Low
19559,0.1592,Low
51041,0.1592,Low
14092,0.1592,Low
21993,0.1592,Low
11551,0.1592,Low
18172,0.1592,Low
24358,0.1591,Low
22195,0.1591,Low
38973,0.1591,Low
46421,0.1591,Low
45809,0.1591,Low
40993,0.1591,Low
32786,0.1591,Low
24277,0.1591,Low
3639,0.1591,Low
47362,0.1591,Low
460,0.1591,Low
19545,0.1591,Low
34212,0.1591,Low
37265,0.1591,Low
4454,0.1591,Low
21670,0.1591,Low
12271,0.1591,Low
41617,0.1591,Low
47566,0.1591,Low
13717,0.1591,Low
31964,0.1591,Low
27476,0.159,Low
21070,0.159,Low
29511,0.159,Low
24933,0.159,Low
40238,0.159,Low
7160,0.159,Low
11025,0.159,Low
26451,0.159,Low
10327,0.159,Low
562,0.159,Low
13124,0.159,Low
39597,0.159,Low
21798,0.159,Low
21903,0.159,Low
36526,0.159,Low
38754,0.159,Low
37604,0.159,Low
7996,0.159,Low
27611,0.159,Low
11050,0.159,Low
8751,0.159,Low
31036,0.159,Low
26983,0.1589,Low
17618,0.1589,Low
40624,0.1589,Low
13929,0.1589,Low
9630,0.1589,Low
13493,0.1589,Low
42976,0.1589,Low
27171,0.1589,Low
50626,0.1589,Low
35655,0.1589,Low
23031,0.1589,Low
17773,0.1589,Low
40961,0.1588,Low
33753,0.1588,Low
31946,0.1588,Low
41690,0.1588,Low
4401,0.1588,Low
33314,0.1588,Low
15861,0.1588,Low
2273,0.1588,Low
17984,0.1588,Low
50994,0.1588,Low
11599,0.1588,Low
17620,0.1588,Low
20613,0.1588,Low
1554,0.1588,Low
7500,0.1588,Low
41433,0.1588,Low
9545,0.1588,Low
23978,0.1588,Low
15762,0.1588,Low
45875,0.1588,Low
18799,0.1588,Low
18477,0.1587,Low
20631,0.1587,Low
33300,0.1587,Low
3245,0.1587,Low
48988,0.1587,Low
32144,0.1587,Low
40497,0.1587,Low
14889,0.1587,Low
27944,0.1587,Low
41386,0.1587,Low
29711,0.1587,Low
1633,0.1587,Low
50301,0.1587,Low
35072,0.1586,Low
36827,0.1586,Low
21232,0.1586,Low
41845,0.1586,Low
178,0.1586,Low
3077,0.1586,Low
23633,0.1586,Low
15659,0.1586,Low
43386,0.1586,Low
31427,0.1586,Low
50009,0.1586,Low
9781,0.1586,Low
7010,0.1586,Low
47452,0.1586,Low
13187,0.1586,Low
20258,0.1586,Low
14449,0.1586,Low
15055,0.1585,Low
2067,0.1585,Low
46360,0.1585,Low
23589,0.1585,Low
50961,0.1585,Low
4916,0.1585,Low
19723,0.1585,Low
21283,0.1585,Low
26436,0.1585,Low
15265,0.1585,Low
5659,0.1585,Low
489,0.1585,Low
135,0.1585,Low
16436,0.1585,Low
11801,0.1585,Low
11303,0.1585,Low
25557,0.1585,Low
17832,0.1585,Low
29955,0.1585,Low
38519,0.1585,Low
19325,0.1585,Low
42732,0.1584,Low
23972,0.1584,Low
32502,0.1584,Low
28112,0.1584,Low
5099,0.1584,Low
36629,0.1584,Low
44990,0.1584,Low
2693,0.1584,Low
31351,0.1584,Low
15325,0.1584,Low
12937,0.1584,Low
7779,0.1584,Low
51946,0.1584,Low
12085,0.1584,Low
8305,0.1584,Low
5795,0.1584,Low
42488,0.1584,Low
51668,0.1584,Low
27371,0.1584,Low
27030,0.1584,Low
3575,0.1584,Low
28437,0.1584,Low
36434,0.1584,Low
41746,0.1583,Low
38166,0.1583,Low
45856,0.1583,Low
3829,0.1583,Low
42089,0.1583,Low
44129,0.1583,Low
36356,0.1583,Low
48656,0.1583,Low
30317,0.1583,Low
45498,0.1583,Low
35107,0.1583,Low
7236,0.1583,Low
33191,0.1583,Low
30923,0.1583,Low
21328,0.1583,Low
10590,0.1583,Low
23683,0.1583,Low
38327,0.1583,Low
31971,0.1583,Low
11464,0.1583,Low
24671,0.1582,Low
22862,0.1582,Low
48733,0.1582,Low
1332,0.1582,Low
39666,0.1582,Low
33831,0.1582,Low
31815,0.1582,Low
41500,0.1582,Low
27514,0.1582,Low
45516,0.1582,Low
3342,0.1582,Low
7756,0.1582,Low
3558,0.1582,Low
44298,0.1582,Low
3341,0.1582,Low
1896,0.1581,Low
39011,0.1581,Low
19405,0.1581,Low
42541,0.1581,Low
35602,0.1581,Low
16092,0.1581,Low
29875,0.1581,Low
20628,0.1581,Low
4796,0.1581,Low
8073,0.1581,Low
23347,0.1581,Low
47054,0.1581,Low
18818,0.1581,Low
29284,0.1581,Low
48717,0.1581,Low
47456,0.158,Low
38825,0.158,Low
8691,0.158,Low
39987,0.158,Low
47580,0.158,Low
23256,0.158,Low
36973,0.158,Low
6651,0.158,Low
42827,0.158,Low
43353,0.158,Low
32178,0.158,Low
18000,0.158,Low
19818,0.158,Low
32246,0.158,Low
33160,0.158,Low
3281,0.158,Low
42687,0.158,Low
27224,0.158,Low
21333,0.158,Low
51488,0.1579,Low
7244,0.1579,Low
47388,0.1579,Low
45825,0.1579,Low
38095,0.1579,Low
15218,0.1579,Low
19407,0.1579,Low
34449,0.1579,Low
3206,0.1579,Low
17907,0.1579,Low
29410,0.1579,Low
16951,0.1579,Low
21756,0.1579,Low
14522,0.1579,Low
14363,0.1579,Low
16310,0.1578,Low
3351,0.1578,Low
37783,0.1578,Low
5991,0.1578,Low
11934,0.1578,Low
12776,0.1578,Low
11376,0.1578,Low
44325,0.1578,Low
13664,0.1578,Low
47118,0.1578,Low
41830,0.1578,Low
7795,0.1578,Low
29310,0.1578,Low
2213,0.1578,Low
28279,0.1578,Low
17046,0.1577,Low
20466,0.1577,Low
49053,0.1577,Low
24163,0.1577,Low
29306,0.1577,Low
17119,0.1577,Low
17968,0.1577,Low
13863,0.1577,Low
21393,0.1577,Low
3228,0.1577,Low
51052,0.1577,Low
41182,0.1577,Low
13856,0.1577,Low
27119,0.1577,Low
12290,0.1577,Low
24759,0.1577,Low
32825,0.1577,Low
49719,0.1577,Low
40778,0.1577,Low
37408,0.1577,Low
11041,0.1577,Low
27370,0.1576,Low
21376,0.1576,Low
18246,0.1576,Low
32772,0.1576,Low
11417,0.1576,Low
42269,0.1576,Low
20789,0.1576,Low
28296,0.1576,Low
27563,0.1576,Low
10568,0.1575,Low
2735,0.1575,Low
9320,0.1575,Low
47159,0.1575,Low
4409,0.1575,Low
48155,0.1575,Low
18695,0.1575,Low
48777,0.1575,Low
25462,0.1575,Low
30446,0.1575,Low
106,0.1575,Low
50747,0.1575,Low
26974,0.1574,Low
7599,0.1574,Low
7422,0.1574,Low
21895,0.1574,Low
8646,0.1574,Low
37417,0.1574,Low
28252,0.1574,Low
24233,0.1574,Low
17065,0.1574,Low
39714,0.1574,Low
13109,0.1574,Low
13959,0.1574,Low
49140,0.1574,Low
3145,0.1574,Low
49814,0.1574,Low
26628,0.1574,Low
10413,0.1574,Low
7075,0.1574,Low
29006,0.1574,Low
8724,0.1574,Low
26435,0.1574,Low
11128,0.1574,Low
23465,0.1574,Low
6085,0.1574,Low
15618,0.1574,Low
51195,0.1574,Low
5649,0.1573,Low
36332,0.1573,Low
3677,0.1573,Low
48096,0.1573,Low
20910,0.1573,Low
17992,0.1573,Low
25467,0.1573,Low
43510,0.1573,Low
19761,0.1573,Low
28963,0.1573,Low
13110,0.1573,Low
1350,0.1573,Low
18653,0.1573,Low
1225,0.1573,Low
34091,0.1573,Low
16478,0.1573,Low
7580,0.1573,Low
16204,0.1573,Low
7053,0.1573,Low
25205,0.1573,Low
10,0.1572,Low
45720,0.1572,Low
24001,0.1572,Low
24643,0.1572,Low
11136,0.1572,Low
18640,0.1572,Low
29054,0.1572,Low
36991,0.1572,Low
39298,0.1572,Low
32311,0.1572,Low
25093,0.1572,Low
19416,0.1572,Low
46183,0.1572,Low
49822,0.1571,Low
315,0.1571,Low
4141,0.1571,Low
42657,0.1571,Low
34040,0.1571,Low
20006,0.1571,Low
6492,0.1571,Low
49689,0.1571,Low
16936,0.1571,Low
24878,0.1571,Low
6378,0.1571,Low
48679,0.157,Low
40593,0.157,Low
43946,0.157,Low
3113,0.157,Low
14104,0.157,Low
15909,0.157,Low
8116,0.157,Low
42626,0.157,Low
20634,0.157,Low
20602,0.157,Low
40701,0.157,Low
23995,0.157,Low
39445,0.157,Low
16484,0.157,Low
2620,0.157,Low
6842,0.157,Low
25041,0.157,Low
41916,0.157,Low
10331,0.157,Low
18191,0.157,Low
48321,0.157,Low
40242,0.157,Low
41201,0.1569,Low
33126,0.1569,Low
21228,0.1569,Low
23330,0.1569,Low
36300,0.1569,Low
14710,0.1569,Low
7073,0.1569,Low
43860,0.1569,Low
14433,0.1569,Low
41824,0.1569,Low
10176,0.1569,Low
35253,0.1569,Low
660,0.1569,Low
11899,0.1569,Low
21733,0.1569,Low
15396,0.1569,Low
29516,0.1569,Low
12036,0.1569,Low
11913,0.1568,Low
28082,0.1568,Low
11779,0.1568,Low
22568,0.1568,Low
51532,0.1568,Low
46805,0.1568,Low
6696,0.1568,Low
27073,0.1568,Low
7924,0.1568,Low
41867,0.1568,Low
51745,0.1568,Low
8914,0.1568,Low
12308,0.1568,Low
23652,0.1568,Low
49284,0.1568,Low
23735,0.1568,Low
48138,0.1567,Low
48447,0.1567,Low
49544,0.1567,Low
16175,0.1567,Low
14113,0.1567,Low
8239,0.1567,Low
29852,0.1567,Low
151,0.1567,Low
38430,0.1567,Low
39095,0.1567,Low
47344,0.1567,Low
7410,0.1567,Low
12067,0.1567,Low
21662,0.1567,Low
13825,0.1567,Low
34036,0.1567,Low
1945,0.1567,Low
7046,0.1567,Low
40677,0.1566,Low
39379,0.1566,Low
8971,0.1566,Low
46338,0.1566,Low
2395,0.1566,Low
1549,0.1566,Low
18262,0.1566,Low
13430,0.1566,Low
18450,0.1566,Low
49892,0.1566,Low
22584,0.1566,Low
8412,0.1566,Low
27900,0.1566,Low
30479,0.1566,Low
755,0.1566,Low
41837,0.1566,Low
5100,0.1566,Low
23768,0.1566,Low
20689,0.1566,Low
19042,0.1566,Low
17013,0.1565,Low
32418,0.1565,Low
28898,0.1565,Low
48970,0.1565,Low
14354,0.1565,Low
25173,0.1565,Low
29855,0.1565,Low
40924,0.1565,Low
13963,0.1565,Low
31494,0.1565,Low
23197,0.1565,Low
20661,0.1565,Low
14516,0.1565,Low
40162,0.1565,Low
10437,0.1565,Low
12815,0.1565,Low
48184,0.1565,Low
10234,0.1565,Low
21238,0.1565,Low
29976,0.1565,Low
33648,0.1565,Low
5457,0.1565,Low
15295,0.1565,Low
29473,0.1564,Low
3774,0.1564,Low
26717,0.1564,Low
5901,0.1564,Low
2953,0.1564,Low
5664,0.1564,Low
32764,0.1564,Low
9669,0.1564,Low
3599,0.1564,Low
47696,0.1564,Low
6714,0.1564,Low
47423,0.1564,Low
13281,0.1564,Low
11909,0.1564,Low
19023,0.1564,Low
5411,0.1563,Low
24736,0.1563,Low
6288,0.1563,Low
10286,0.1563,Low
22804,0.1563,Low
6939,0.1563,Low
35091,0.1563,Low
38895,0.1563,Low
14866,0.1563,Low
51167,0.1563,Low
40715,0.1563,Low
49351,0.1563,Low
22230,0.1563,Low
44742,0.1563,Low
5740,0.1563,Low
18114,0.1563,Low
6109,0.1563,Low
4082,0.1563,Low
1484,0.1563,Low
5122,0.1563,Low
39508,0.1562,Low
14450,0.1562,Low
39636,0.1562,Low
21525,0.1562,Low
19204,0.1562,Low
4268,0.1562,Low
127,0.1562,Low
17675,0.1562,Low
28305,0.1562,Low
24165,0.1562,Low
20888,0.1561,Low
12390,0.1561,Low
31093,0.1561,Low
20530,0.1561,Low
15370,0.1561,Low
10073,0.1561,Low
45967,0.1561,Low
29940,0.1561,Low
3700,0.1561,Low
37881,0.1561,Low
10063,0.1561,Low
50956,0.1561,Low
14094,0.1561,Low
6437,0.1561,Low
51099,0.1561,Low
34078,0.1561,Low
43213,0.1561,Low
28862,0.1561,Low
45662,0.1561,Low
13639,0.1561,Low
12470,0.1561,Low
48098,0.1561,Low
5828,0.1561,Low
49666,0.1561,Low
46568,0.1561,Low
27808,0.1561,Low
39035,0.156,Low
15048,0.156,Low
19303,0.156,Low
26175,0.156,Low
9474,0.156,Low
41229,0.156,Low
44587,0.156,Low
3276,0.156,Low
42207,0.156,Low
33604,0.156,Low
23916,0.156,Low
39414,0.156,Low
19624,0.156,Low
50963,0.156,Low
26872,0.156,Low
16309,0.156,Low
46456,0.156,Low
26488,0.156,Low
44168,0.156,Low
13648,0.156,Low
31901,0.156,Low
3719,0.1559,Low
25065,0.1559,Low
26059,0.1559,Low
37571,0.1559,Low
15726,0.1559,Low
9773,0.1559,Low
21200,0.1559,Low
38234,0.1559,Low
7118,0.1559,Low
28188,0.1559,Low
18380,0.1559,Low
51664,0.1559,Low
27768,0.1559,Low
16754,0.1559,Low
6579,0.1559,Low
2857,0.1559,Low
15668,0.1559,Low
22523,0.1559,Low
48840,0.1559,Low
14259,0.1558,Low
27525,0.1558,Low
3324,0.1558,Low
18546,0.1558,Low
43523,0.1558,Low
799,0.1558,Low
20259,0.1558,Low
6851,0.1558,Low
10975,0.1558,Low
47577,0.1558,Low
31538,0.1558,Low
18254,0.1558,Low
40862,0.1558,Low
27515,0.1558,Low
14938,0.1558,Low
26149,0.1558,Low
38276,0.1558,Low
19185,0.1558,Low
41002,0.1558,Low
41688,0.1557,Low
21272,0.1557,Low
11004,0.1557,Low
8066,0.1557,Low
10834,0.1557,Low
8779,0.1557,Low
27162,0.1557,Low
3067,0.1557,Low
32698,0.1557,Low
25100,0.1557,Low
21931,0.1557,Low
2550,0.1557,Low
908,0.1557,Low
35395,0.1557,Low
10505,0.1557,Low
27090,0.1557,Low
30780,0.1557,Low
3106,0.1556,Low
50308,0.1556,Low
4880,0.1556,Low
8571,0.1556,Low
39270,0.1556,Low
17535,0.1556,Low
25941,0.1556,Low
971,0.1556,Low
38629,0.1556,Low
42630,0.1556,Low
20546,0.1556,Low
7632,0.1556,Low
30879,0.1556,Low
2867,0.1556,Low
14909,0.1555,Low
3856,0.1555,Low
23214,0.1555,Low
26317,0.1555,Low
49639,0.1555,Low
45408,0.1555,Low
14676,0.1555,Low
26622,0.1555,Low
32777,0.1555,Low
6049,0.1555,Low
4665,0.1555,Low
20925,0.1555,Low
22662,0.1555,Low
37215,0.1555,Low
12364,0.1555,Low
22735,0.1555,Low
35676,0.1555,Low
15024,0.1555,Low
7440,0.1555,Low
22512,0.1554,Low
28707,0.1554,Low
31101,0.1554,Low
14655,0.1554,Low
40099,0.1554,Low
25631,0.1554,Low
10910,0.1554,Low
27388,0.1554,Low
11443,0.1554,Low
1409,0.1554,Low
39338,0.1554,Low
14040,0.1554,Low
29051,0.1554,Low
10008,0.1554,Low
10676,0.1554,Low
37352,0.1554,Low
46368,0.1554,Low
24694,0.1554,Low
17636,0.1554,Low
6551,0.1554,Low
29169,0.1554,Low
3543,0.1554,Low
32513,0.1554,Low
14457,0.1554,Low
9532,0.1554,Low
18448,0.1554,Low
21837,0.1554,Low
2607,0.1554,Low
37058,0.1554,Low
51645,0.1554,Low
13293,0.1553,Low
12805,0.1553,Low
50789,0.1553,Low
43671,0.1553,Low
11579,0.1553,Low
37919,0.1553,Low
12686,0.1553,Low
5881,0.1553,Low
40331,0.1553,Low
36546,0.1553,Low
29990,0.1553,Low
36324,0.1553,Low
12680,0.1553,Low
15121,0.1553,Low
36119,0.1552,Low
32440,0.1552,Low
32830,0.1552,Low
5571,0.1552,Low
38122,0.1552,Low
43850,0.1552,Low
14756,0.1552,Low
50599,0.1552,Low
28434,0.1552,Low
26434,0.1552,Low
43873,0.1552,Low
370,0.1552,Low
33758,0.1552,Low
30255,0.1552,Low
41729,0.1552,Low
30589,0.1552,Low
40123,0.1551,Low
19143,0.1551,Low
7201,0.1551,Low
32237,0.1551,Low
36683,0.1551,Low
10447,0.1551,Low
8548,0.1551,Low
49191,0.1551,Low
24693,0.1551,Low
23645,0.1551,Low
11189,0.1551,Low
2637,0.1551,Low
27715,0.1551,Low
11568,0.1551,Low
6859,0.1551,Low
26248,0.1551,Low
48119,0.1551,Low
37576,0.1551,Low
18234,0.1551,Low
26409,0.1551,Low
29295,0.1551,Low
22601,0.1551,Low
24100,0.1551,Low
9885,0.1551,Low
16068,0.1551,Low
31288,0.155,Low
40818,0.155,Low
32466,0.155,Low
10059,0.155,Low
43534,0.155,Low
29465,0.155,Low
35480,0.155,Low
36095,0.155,Low
8403,0.155,Low
35261,0.155,Low
27209,0.155,Low
34273,0.155,Low
5111,0.155,Low
3801,0.155,Low
26332,0.155,Low
40798,0.155,Low
46475,0.1549,Low
14861,0.1549,Low
11092,0.1549,Low
20022,0.1549,Low
49263,0.1549,Low
50223,0.1549,Low
46353,0.1549,Low
46868,0.1549,Low
2127,0.1549,Low
15759,0.1549,Low
36731,0.1549,Low
17855,0.1549,Low
13239,0.1549,Low
23265,0.1549,Low
10015,0.1549,Low
34087,0.1549,Low
457,0.1549,Low
146,0.1549,Low
25555,0.1549,Low
7364,0.1549,Low
8391,0.1549,Low
39679,0.1549,Low
40379,0.1549,Low
40430,0.1549,Low
7551,0.1549,Low
7798,0.1549,Low
45306,0.1549,Low
3819,0.1548,Low
40261,0.1548,Low
20390,0.1548,Low
44249,0.1548,Low
16480,0.1548,Low
7540,0.1548,Low
43512,0.1548,Low
34699,0.1548,Low
43772,0.1548,Low
3652,0.1548,Low
26496,0.1548,Low
16987,0.1548,Low
48249,0.1548,Low
16065,0.1548,Low
9995,0.1548,Low
35322,0.1548,Low
37224,0.1548,Low
18135,0.1548,Low
50619,0.1548,Low
48804,0.1548,Low
9586,0.1548,Low
9926,0.1548,Low
24448,0.1547,Low
35275,0.1547,Low
1544,0.1547,Low
18045,0.1547,Low
15382,0.1547,Low
28033,0.1547,Low
22285,0.1547,Low
33586,0.1547,Low
11544,0.1547,Low
50958,0.1547,Low
20940,0.1547,Low
33006,0.1547,Low
29891,0.1547,Low
13950,0.1547,Low
26290,0.1547,Low
19613,0.1547,Low
30898,0.1547,Low
49725,0.1547,Low
5218,0.1547,Low
48591,0.1547,Low
30981,0.1547,Low
33435,0.1546,Low
6144,0.1546,Low
23657,0.1546,Low
37607,0.1546,Low
5003,0.1546,Low
23201,0.1546,Low
14361,0.1546,Low
16372,0.1546,Low
20160,0.1546,Low
39976,0.1546,Low
39891,0.1546,Low
10972,0.1546,Low
27213,0.1546,Low
12851,0.1546,Low
40772,0.1546,Low
19231,0.1546,Low
32576,0.1546,Low
40450,0.1546,Low
30007,0.1546,Low
20847,0.1546,Low
5049,0.1546,Low
48608,0.1546,Low
34485,0.1546,Low
1289,0.1545,Low
25651,0.1545,Low
49022,0.1545,Low
28483,0.1545,Low
6774,0.1545,Low
38449,0.1545,Low
22167,0.1545,Low
20348,0.1545,Low
21590,0.1545,Low
22318,0.1545,Low
27140,0.1545,Low
405,0.1545,Low
47559,0.1545,Low
19981,0.1545,Low
29675,0.1545,Low
1537,0.1545,Low
50701,0.1545,Low
34753,0.1545,Low
9015,0.1545,Low
10727,0.1545,Low
38325,0.1545,Low
27741,0.1545,Low
36068,0.1545,Low
33650,0.1545,Low
36878,0.1544,Low
14191,0.1544,Low
16029,0.1544,Low
22797,0.1544,Low
28069,0.1544,Low
41378,0.1544,Low
22550,0.1544,Low
2824,0.1544,Low
44955,0.1544,Low
42663,0.1544,Low
34187,0.1544,Low
5674,0.1544,Low
785,0.1544,Low
48705,0.1544,Low
18037,0.1544,Low
19060,0.1544,Low
17820,0.1544,Low
41266,0.1544,Low
48990,0.1544,Low
21562,0.1544,Low
40527,0.1544,Low
33880,0.1544,Low
13533,0.1544,Low
1229,0.1544,Low
40812,0.1543,Low
21242,0.1543,Low
46604,0.1543,Low
48947,0.1543,Low
33632,0.1543,Low
44222,0.1543,Low
42114,0.1543,Low
19144,0.1543,Low
34806,0.1543,Low
5151,0.1543,Low
51869,0.1543,Low
7907,0.1543,Low
33976,0.1543,Low
26466,0.1543,Low
4636,0.1543,Low
42399,0.1543,Low
47439,0.1543,Low
10223,0.1543,Low
1536,0.1543,Low
18195,0.1543,Low
44294,0.1542,Low
7811,0.1542,Low
39066,0.1542,Low
18217,0.1542,Low
11986,0.1542,Low
34280,0.1542,Low
42743,0.1542,Low
39810,0.1542,Low
25803,0.1542,Low
14362,0.1542,Low
13087,0.1542,Low
28568,0.1542,Low
20169,0.1542,Low
46342,0.1542,Low
20128,0.1542,Low
45284,0.1542,Low
9236,0.1542,Low
21499,0.1542,Low
20196,0.1542,Low
19110,0.1542,Low
5256,0.1542,Low
32910,0.1542,Low
18644,0.1542,Low
16226,0.1542,Low
2685,0.1542,Low
36786,0.1541,Low
26729,0.1541,Low
36514,0.1541,Low
19905,0.1541,Low
7194,0.1541,Low
11378,0.1541,Low
36080,0.1541,Low
26109,0.1541,Low
17741,0.1541,Low
35494,0.1541,Low
50205,0.1541,Low
1845,0.1541,Low
40126,0.1541,Low
38909,0.154,Low
46437,0.154,Low
28290,0.154,Low
19430,0.154,Low
38953,0.154,Low
14012,0.154,Low
28285,0.154,Low
51203,0.154,Low
38186,0.154,Low
31125,0.154,Low
47683,0.154,Low
45236,0.154,Low
12682,0.154,Low
9632,0.154,Low
3519,0.154,Low
24692,0.1539,Low
51302,0.1539,Low
34496,0.1539,Low
3632,0.1539,Low
40026,0.1539,Low
34848,0.1539,Low
41029,0.1539,Low
51958,0.1539,Low
24976,0.1539,Low
42799,0.1539,Low
36346,0.1539,Low
33460,0.1539,Low
41072,0.1539,Low
35063,0.1539,Low
32661,0.1539,Low
2108,0.1539,Low
35912,0.1539,Low
48819,0.1539,Low
7327,0.1539,Low
41568,0.1538,Low
15045,0.1538,Low
133,0.1538,Low
32010,0.1538,Low
5612,0.1538,Low
28582,0.1538,Low
13613,0.1538,Low
50873,0.1538,Low
42129,0.1538,Low
8286,0.1538,Low
1200,0.1538,Low
48051,0.1538,Low
36559,0.1538,Low
43522,0.1538,Low
45946,0.1538,Low
48980,0.1537,Low
51307,0.1537,Low
43352,0.1537,Low
18238,0.1537,Low
50236,0.1537,Low
45805,0.1537,Low
47855,0.1537,Low
13810,0.1537,Low
17831,0.1537,Low
8410,0.1537,Low
30482,0.1537,Low
2420,0.1537,Low
49127,0.1537,Low
20948,0.1537,Low
44130,0.1537,Low
23141,0.1537,Low
4902,0.1537,Low
48833,0.1537,Low
9415,0.1537,Low
26182,0.1537,Low
26634,0.1537,Low
18466,0.1536,Low
634,0.1536,Low
15076,0.1536,Low
51165,0.1536,Low
51187,0.1536,Low
44145,0.1536,Low
41569,0.1536,Low
33154,0.1536,Low
10803,0.1536,Low
40258,0.1536,Low
30110,0.1536,Low
41049,0.1536,Low
47416,0.1536,Low
16660,0.1536,Low
18389,0.1536,Low
30791,0.1536,Low
11259,0.1536,Low
21209,0.1536,Low
40233,0.1536,Low
22918,0.1536,Low
26480,0.1535,Low
504,0.1535,Low
34701,0.1535,Low
48916,0.1535,Low
11617,0.1535,Low
44005,0.1535,Low
27345,0.1535,Low
11268,0.1535,Low
19175,0.1535,Low
35707,0.1535,Low
27347,0.1535,Low
50816,0.1535,Low
35538,0.1535,Low
19194,0.1535,Low
30674,0.1535,Low
8418,0.1535,Low
45821,0.1535,Low
25844,0.1535,Low
26362,0.1535,Low
25403,0.1535,Low
6631,0.1534,Low
8384,0.1534,Low
6623,0.1534,Low
31680,0.1534,Low
42250,0.1534,Low
20733,0.1534,Low
14420,0.1534,Low
32127,0.1534,Low
32709,0.1534,Low
24969,0.1534,Low
36183,0.1534,Low
5420,0.1534,Low
9345,0.1534,Low
9431,0.1534,Low
41521,0.1534,Low
9218,0.1534,Low
27353,0.1533,Low
49252,0.1533,Low
14667,0.1533,Low
32832,0.1533,Low
27004,0.1533,Low
40356,0.1533,Low
661,0.1533,Low
32404,0.1533,Low
18511,0.1533,Low
36904,0.1533,Low
41430,0.1533,Low
26033,0.1533,Low
12636,0.1533,Low
17124,0.1533,Low
23223,0.1533,Low
6655,0.1533,Low
12548,0.1533,Low
34878,0.1533,Low
27527,0.1533,Low
3147,0.1533,Low
49464,0.1532,Low
28111,0.1532,Low
21296,0.1532,Low
4956,0.1532,Low
51625,0.1532,Low
29249,0.1532,Low
3448,0.1532,Low
5960,0.1532,Low
24321,0.1532,Low
768,0.1532,Low
3717,0.1532,Low
39296,0.1532,Low
22791,0.1532,Low
3725,0.1532,Low
46002,0.1532,Low
31016,0.1532,Low
50083,0.1531,Low
51775,0.1531,Low
41481,0.1531,Low
9789,0.1531,Low
50039,0.1531,Low
39474,0.1531,Low
8310,0.1531,Low
37631,0.1531,Low
17186,0.1531,Low
28620,0.1531,Low
41852,0.1531,Low
21216,0.1531,Low
49642,0.1531,Low
25863,0.1531,Low
16520,0.1531,Low
14570,0.1531,Low
19192,0.1531,Low
34962,0.1531,Low
28935,0.1531,Low
40805,0.1531,Low
23413,0.153,Low
7026,0.153,Low
41899,0.153,Low
15739,0.153,Low
2226,0.153,Low
42245,0.153,Low
31921,0.153,Low
15077,0.153,Low
25363,0.153,Low
31231,0.153,Low
21896,0.153,Low
16154,0.153,Low
48504,0.153,Low
29272,0.153,Low
31878,0.153,Low
18825,0.153,Low
47012,0.153,Low
9313,0.153,Low
36248,0.153,Low
40824,0.1529,Low
6764,0.1529,Low
44261,0.1529,Low
21488,0.1529,Low
2063,0.1529,Low
19370,0.1529,Low
36593,0.1529,Low
22350,0.1529,Low
13311,0.1529,Low
14668,0.1529,Low
11367,0.1529,Low
43047,0.1529,Low
1344,0.1529,Low
41520,0.1529,Low
50510,0.1528,Low
50254,0.1528,Low
41671,0.1528,Low
30259,0.1528,Low
7522,0.1528,Low
36637,0.1528,Low
44437,0.1528,Low
44825,0.1528,Low
16573,0.1528,Low
42072,0.1528,Low
41359,0.1528,Low
8366,0.1528,Low
44003,0.1528,Low
23533,0.1528,Low
28833,0.1528,Low
14355,0.1528,Low
24610,0.1528,Low
78,0.1528,Low
23147,0.1527,Low
6849,0.1527,Low
49133,0.1527,Low
32465,0.1527,Low
37961,0.1527,Low
38407,0.1527,Low
16620,0.1527,Low
50023,0.1527,Low
6959,0.1527,Low
48375,0.1527,Low
8340,0.1527,Low
34125,0.1527,Low
42472,0.1527,Low
2294,0.1527,Low
9012,0.1527,Low
14086,0.1527,Low
15480,0.1527,Low
48064,0.1527,Low
25722,0.1527,Low
41110,0.1527,Low
3296,0.1527,Low
18381,0.1526,Low
30845,0.1526,Low
26003,0.1526,Low
6850,0.1526,Low
20018,0.1526,Low
24127,0.1526,Low
14565,0.1526,Low
17691,0.1526,Low
49287,0.1526,Low
19702,0.1526,Low
17962,0.1526,Low
18930,0.1526,Low
23444,0.1526,Low
46764,0.1526,Low
25214,0.1526,Low
25851,0.1526,Low
39942,0.1526,Low
48751,0.1526,Low
24857,0.1526,Low
24088,0.1526,Low
12558,0.1526,Low
4934,0.1525,Low
42252,0.1525,Low
33348,0.1525,Low
29763,0.1525,Low
4637,0.1525,Low
1234,0.1525,Low
1672,0.1525,Low
3230,0.1525,Low
11968,0.1525,Low
50667,0.1525,Low
37423,0.1525,Low
15983,0.1525,Low
43268,0.1525,Low
27841,0.1525,Low
14150,0.1525,Low
31035,0.1525,Low
35221,0.1525,Low
21482,0.1525,Low
50316,0.1525,Low
5805,0.1524,Low
11744,0.1524,Low
47596,0.1524,Low
31601,0.1524,Low
19606,0.1524,Low
31147,0.1524,Low
33373,0.1524,Low
34950,0.1524,Low
24753,0.1524,Low
17216,0.1524,Low
26267,0.1524,Low
25161,0.1524,Low
51556,0.1524,Low
15799,0.1524,Low
40707,0.1524,Low
36027,0.1524,Low
6515,0.1524,Low
34221,0.1524,Low
5290,0.1524,Low
16585,0.1524,Low
5341,0.1524,Low
33434,0.1524,Low
46314,0.1523,Low
7293,0.1523,Low
38023,0.1523,Low
35690,0.1523,Low
19677,0.1523,Low
26549,0.1523,Low
47310,0.1523,Low
45810,0.1523,Low
31658,0.1523,Low
6223,0.1523,Low
47635,0.1523,Low
28964,0.1523,Low
34002,0.1523,Low
6780,0.1523,Low
15065,0.1523,Low
35902,0.1523,Low
3885,0.1523,Low
31019,0.1523,Low
31682,0.1523,Low
6155,0.1523,Low
30130,0.1523,Low
27975,0.1523,Low
25771,0.1523,Low
49919,0.1523,Low
32725,0.1523,Low
10094,0.1522,Low
10892,0.1522,Low
36390,0.1522,Low
42404,0.1522,Low
35154,0.1522,Low
21755,0.1522,Low
30963,0.1522,Low
20194,0.1522,Low
12560,0.1522,Low
17106,0.1522,Low
7343,0.1522,Low
28387,0.1522,Low
50710,0.1522,Low
22449,0.1522,Low
22201,0.1522,Low
47836,0.1522,Low
51519,0.1522,Low
22353,0.1522,Low
44659,0.1522,Low
4442,0.1522,Low
16010,0.1522,Low
16283,0.1522,Low
18376,0.1522,Low
45889,0.1522,Low
32193,0.1521,Low
19572,0.1521,Low
49684,0.1521,Low
16944,0.1521,Low
25876,0.1521,Low
27014,0.1521,Low
43113,0.1521,Low
42606,0.1521,Low
13558,0.1521,Low
36634,0.1521,Low
21064,0.1521,Low
47108,0.1521,Low
46984,0.1521,Low
5663,0.1521,Low
24326,0.1521,Low
2532,0.1521,Low
39511,0.1521,Low
25912,0.1521,Low
43889,0.1521,Low
44269,0.1521,Low
19327,0.1521,Low
18646,0.152,Low
11466,0.152,Low
46797,0.152,Low
51404,0.152,Low
19359,0.152,Low
27147,0.152,Low
10079,0.152,Low
3242,0.152,Low
50906,0.152,Low
30103,0.152,Low
8734,0.152,Low
4279,0.152,Low
7125,0.152,Low
19969,0.152,Low
34046,0.152,Low
34902,0.152,Low
5201,0.152,Low
29043,0.152,Low
7281,0.152,Low
5366,0.1519,Low
35698,0.1519,Low
10506,0.1519,Low
27626,0.1519,Low
48671,0.1519,Low
21317,0.1519,Low
17755,0.1519,Low
44484,0.1519,Low
31340,0.1519,Low
13976,0.1519,Low
18365,0.1519,Low
1156,0.1519,Low
28002,0.1519,Low
28792,0.1519,Low
27824,0.1519,Low
16516,0.1519,Low
24005,0.1519,Low
4885,0.1519,Low
41279,0.1518,Low
1815,0.1518,Low
9499,0.1518,Low
50394,0.1518,Low
45648,0.1518,Low
15082,0.1518,Low
11135,0.1518,Low
7275,0.1518,Low
6888,0.1518,Low
32413,0.1518,Low
9388,0.1518,Low
49833,0.1518,Low
46771,0.1518,Low
47347,0.1518,Low
13465,0.1518,Low
41228,0.1518,Low
11082,0.1518,Low
2903,0.1518,Low
30339,0.1518,Low
41716,0.1518,Low
41918,0.1518,Low
35730,0.1517,Low
39643,0.1517,Low
15476,0.1517,Low
35547,0.1517,Low
33744,0.1517,Low
48134,0.1517,Low
3800,0.1517,Low
47739,0.1517,Low
49874,0.1517,Low
29283,0.1517,Low
31942,0.1517,Low
12994,0.1517,Low
1023,0.1517,Low
50527,0.1517,Low
44521,0.1517,Low
4690,0.1517,Low
20965,0.1517,Low
34975,0.1517,Low
42946,0.1516,Low
40265,0.1516,Low
35748,0.1516,Low
18423,0.1516,Low
20830,0.1516,Low
45156,0.1516,Low
49760,0.1516,Low
36936,0.1516,Low
39405,0.1516,Low
5946,0.1516,Low
10166,0.1515,Low
3188,0.1515,Low
20084,0.1515,Low
4678,0.1515,Low
17847,0.1515,Low
48914,0.1515,Low
41931,0.1515,Low
13406,0.1515,Low
34711,0.1515,Low
10342,0.1515,Low
37040,0.1515,Low
1684,0.1515,Low
19582,0.1515,Low
22355,0.1515,Low
28137,0.1515,Low
28980,0.1515,Low
4872,0.1515,Low
17880,0.1515,Low
32642,0.1514,Low
45755,0.1514,Low
10933,0.1514,Low
6644,0.1514,Low
36950,0.1514,Low
886,0.1514,Low
21632,0.1514,Low
49357,0.1514,Low
9002,0.1514,Low
5781,0.1514,Low
23108,0.1514,Low
15932,0.1514,Low
49049,0.1514,Low
41216,0.1514,Low
1201,0.1514,Low
23873,0.1514,Low
19494,0.1514,Low
44572,0.1514,Low
48666,0.1514,Low
1500,0.1513,Low
41591,0.1513,Low
29461,0.1513,Low
39103,0.1513,Low
8970,0.1513,Low
29399,0.1513,Low
14890,0.1513,Low
46398,0.1513,Low
26848,0.1513,Low
44838,0.1513,Low
37907,0.1513,Low
19719,0.1513,Low
4532,0.1513,Low
41037,0.1513,Low
22641,0.1513,Low
1792,0.1513,Low
39630,0.1513,Low
23674,0.1513,Low
36117,0.1513,Low
6400,0.1513,Low
4882,0.1512,Low
1589,0.1512,Low
29901,0.1512,Low
47633,0.1512,Low
7405,0.1512,Low
45014,0.1512,Low
6989,0.1512,Low
2995,0.1512,Low
7606,0.1512,Low
3648,0.1512,Low
7165,0.1512,Low
15683,0.1512,Low
14644,0.1512,Low
37231,0.1512,Low
20111,0.1512,Low
34927,0.1512,Low
1038,0.1512,Low
4112,0.1512,Low
49775,0.1512,Low
17839,0.1512,Low
46772,0.1512,Low
14215,0.1512,Low
3214,0.1511,Low
4343,0.1511,Low
32706,0.1511,Low
22337,0.1511,Low
35486,0.1511,Low
10039,0.1511,Low
43853,0.1511,Low
11992,0.1511,Low
7565,0.1511,Low
30890,0.1511,Low
47601,0.1511,Low
30494,0.1511,Low
36660,0.151,Low
50709,0.151,Low
35705,0.151,Low
6006,0.151,Low
35049,0.151,Low
16403,0.151,Low
5562,0.151,Low
5756,0.151,Low
1696,0.151,Low
4785,0.151,Low
36707,0.151,Low
50218,0.151,Low
47364,0.151,Low
31929,0.151,Low
34813,0.151,Low
45160,0.151,Low
29534,0.151,Low
43375,0.151,Low
51028,0.151,Low
16148,0.151,Low
46451,0.1509,Low
1920,0.1509,Low
46064,0.1509,Low
46934,0.1509,Low
33526,0.1509,Low
6176,0.1509,Low
14163,0.1509,Low
37979,0.1509,Low
5202,0.1509,Low
44745,0.1509,Low
39186,0.1509,Low
30029,0.1509,Low
12632,0.1509,Low
8661,0.1509,Low
26212,0.1508,Low
16913,0.1508,Low
23043,0.1508,Low
45337,0.1508,Low
13631,0.1508,Low
37612,0.1508,Low
19181,0.1508,Low
2796,0.1508,Low
7279,0.1508,Low
38201,0.1508,Low
34768,0.1508,Low
18735,0.1508,Low
37893,0.1508,Low
25520,0.1508,Low
18603,0.1508,Low
18558,0.1507,Low
39644,0.1507,Low
2431,0.1507,Low
27109,0.1507,Low
43857,0.1507,Low
22143,0.1507,Low
45123,0.1507,Low
41563,0.1507,Low
5561,0.1507,Low
11718,0.1507,Low
34347,0.1507,Low
9429,0.1507,Low
43095,0.1507,Low
19771,0.1507,Low
38755,0.1507,Low
1043,0.1507,Low
51591,0.1507,Low
17811,0.1507,Low
17878,0.1507,Low
18583,0.1507,Low
4063,0.1507,Low
4348,0.1507,Low
4988,0.1507,Low
43263,0.1507,Low
7515,0.1507,Low
19848,0.1507,Low
32117,0.1507,Low
51868,0.1506,Low
617,0.1506,Low
12845,0.1506,Low
6287,0.1506,Low
32565,0.1506,Low
24839,0.1506,Low
24514,0.1506,Low
26960,0.1506,Low
51840,0.1506,Low
49385,0.1506,Low
32373,0.1506,Low
4023,0.1506,Low
18018,0.1506,Low
32488,0.1506,Low
39250,0.1506,Low
44201,0.1506,Low
5177,0.1506,Low
47130,0.1506,Low
1914,0.1506,Low
15351,0.1505,Low
32109,0.1505,Low
32452,0.1505,Low
29415,0.1505,Low
4575,0.1505,Low
26406,0.1505,Low
23557,0.1505,Low
39603,0.1505,Low
37171,0.1505,Low
49063,0.1505,Low
10655,0.1505,Low
3530,0.1505,Low
51927,0.1505,Low
6059,0.1505,Low
23629,0.1505,Low
44292,0.1505,Low
19540,0.1505,Low
22037,0.1505,Low
18221,0.1505,Low
22406,0.1505,Low
43782,0.1504,Low
34766,0.1504,Low
27261,0.1504,Low
48818,0.1504,Low
33056,0.1504,Low
1793,0.1504,Low
45676,0.1504,Low
3761,0.1504,Low
47780,0.1504,Low
24903,0.1504,Low
12207,0.1504,Low
14627,0.1504,Low
4843,0.1504,Low
26930,0.1504,Low
12647,0.1504,Low
29486,0.1504,Low
32442,0.1504,Low
14303,0.1503,Low
27382,0.1503,Low
16561,0.1503,Low
23091,0.1503,Low
8263,0.1503,Low
8429,0.1503,Low
3045,0.1503,Low
8243,0.1503,Low
1383,0.1503,Low
20747,0.1503,Low
9467,0.1503,Low
43728,0.1503,Low
37664,0.1503,Low
50953,0.1503,Low
29493,0.1503,Low
18731,0.1503,Low
38787,0.1503,Low
20352,0.1503,Low
2240,0.1503,Low
7012,0.1503,Low
13131,0.1503,Low
25330,0.1503,Low
19248,0.1502,Low
45885,0.1502,Low
46092,0.1502,Low
41436,0.1502,Low
32891,0.1502,Low
15626,0.1502,Low
31169,0.1502,Low
37520,0.1502,Low
16210,0.1502,Low
21187,0.1502,Low
34153,0.1502,Low
30402,0.1502,Low
49907,0.1502,Low
47413,0.1502,Low
49618,0.1502,Low
36036,0.1502,Low
8204,0.1502,Low
23262,0.1502,Low
10152,0.1502,Low
36104,0.1502,Low
48628,0.1502,Low
26127,0.1502,Low
40460,0.1501,Low
10154,0.1501,Low
3547,0.1501,Low
18171,0.1501,Low
40079,0.1501,Low
23145,0.1501,Low
46609,0.1501,Low
11872,0.1501,Low
46483,0.1501,Low
48779,0.1501,Low
13033,0.1501,Low
18094,0.1501,Low
49881,0.1501,Low
47037,0.1501,Low
33575,0.1501,Low
19742,0.1501,Low
40667,0.1501,Low
32507,0.1501,Low
21974,0.1501,Low
19007,0.1501,Low
47532,0.15,Low
44337,0.15,Low
47465,0.15,Low
40227,0.15,Low
4642,0.15,Low
2110,0.15,Low
9622,0.15,Low
17788,0.15,Low
50654,0.15,Low
36771,0.15,Low
31374,0.15,Low
44817,0.15,Low
38155,0.15,Low
19071,0.15,Low
45802,0.15,Low
29956,0.1499,Low
13636,0.1499,Low
10050,0.1499,Low
47477,0.1499,Low
3054,0.1499,Low
26465,0.1499,Low
37800,0.1499,Low
32774,0.1499,Low
13058,0.1499,Low
13227,0.1499,Low
33745,0.1499,Low
34722,0.1499,Low
23049,0.1499,Low
26050,0.1499,Low
33472,0.1499,Low
26199,0.1499,Low
41232,0.1499,Low
44645,0.1499,Low
50087,0.1498,Low
6341,0.1498,Low
15729,0.1498,Low
45061,0.1498,Low
28735,0.1498,Low
43436,0.1498,Low
33,0.1498,Low
15412,0.1498,Low
5401,0.1498,Low
43086,0.1498,Low
4533,0.1498,Low
3485,0.1498,Low
25627,0.1498,Low
36727,0.1498,Low
34069,0.1498,Low
18863,0.1498,Low
40615,0.1497,Low
25877,0.1497,Low
51222,0.1497,Low
14177,0.1497,Low
25199,0.1497,Low
15910,0.1497,Low
30345,0.1497,Low
50496,0.1497,Low
30026,0.1497,Low
14646,0.1497,Low
7424,0.1497,Low
44131,0.1497,Low
16224,0.1497,Low
22081,0.1497,Low
36465,0.1497,Low
18270,0.1497,Low
16121,0.1497,Low
8317,0.1497,Low
37343,0.1497,Low
20524,0.1497,Low
1470,0.1497,Low
13626,0.1497,Low
51376,0.1497,Low
12272,0.1497,Low
34703,0.1497,Low
1569,0.1497,Low
5263,0.1497,Low
28505,0.1496,Low
29228,0.1496,Low
20158,0.1496,Low
43838,0.1496,Low
45983,0.1496,Low
49599,0.1496,Low
49961,0.1496,Low
35299,0.1496,Low
10766,0.1496,Low
45333,0.1496,Low
38940,0.1496,Low
36965,0.1496,Low
7791,0.1496,Low
32505,0.1496,Low
41489,0.1496,Low
29850,0.1496,Low
3564,0.1496,Low
21930,0.1496,Low
24072,0.1496,Low
27104,0.1496,Low
11288,0.1496,Low
48659,0.1496,Low
46693,0.1496,Low
39065,0.1495,Low
50797,0.1495,Low
15317,0.1495,Low
20933,0.1495,Low
25350,0.1495,Low
16766,0.1495,Low
44241,0.1495,Low
15284,0.1495,Low
29712,0.1495,Low
51250,0.1495,Low
49161,0.1495,Low
4234,0.1495,Low
44432,0.1495,Low
3967,0.1495,Low
11247,0.1495,Low
28399,0.1495,Low
5139,0.1495,Low
34070,0.1495,Low
40906,0.1495,Low
8508,0.1494,Low
43314,0.1494,Low
22898,0.1494,Low
39895,0.1494,Low
8441,0.1494,Low
12362,0.1494,Low
33359,0.1494,Low
38195,0.1494,Low
29499,0.1494,Low
43478,0.1494,Low
3512,0.1493,Low
45919,0.1493,Low
42004,0.1493,Low
38821,0.1493,Low
18204,0.1493,Low
11640,0.1493,Low
21922,0.1493,Low
11699,0.1493,Low
30605,0.1493,Low
20571,0.1493,Low
16559,0.1493,Low
19219,0.1493,Low
13420,0.1493,Low
1725,0.1493,Low
20654,0.1493,Low
45078,0.1493,Low
2094,0.1493,Low
37769,0.1493,Low
41621,0.1493,Low
7608,0.1493,Low
43564,0.1493,Low
51795,0.1493,Low
22658,0.1493,Low
7889,0.1493,Low
39278,0.1493,Low
31849,0.1493,Low
23911,0.1493,Low
40727,0.1493,Low
675,0.1493,Low
31856,0.1493,Low
24033,0.1492,Low
12019,0.1492,Low
29507,0.1492,Low
4702,0.1492,Low
40202,0.1492,Low
34922,0.1492,Low
19832,0.1492,Low
8929,0.1492,Low
30509,0.1492,Low
17579,0.1492,Low
29978,0.1492,Low
47499,0.1492,Low
6458,0.1492,Low
31483,0.1492,Low
13955,0.1492,Low
5616,0.1492,Low
51582,0.1491,Low
50463,0.1491,Low
1062,0.1491,Low
23458,0.1491,Low
19033,0.1491,Low
40164,0.1491,Low
26457,0.1491,Low
48843,0.1491,Low
36992,0.1491,Low
37309,0.1491,Low
14434,0.1491,Low
42257,0.1491,Low
23766,0.1491,Low
36145,0.1491,Low
5646,0.1491,Low
24957,0.1491,Low
23059,0.1491,Low
51392,0.1491,Low
36269,0.1491,Low
39417,0.1491,Low
41146,0.1491,Low
26247,0.1491,Low
46750,0.1491,Low
35064,0.1491,Low
50256,0.149,Low
12964,0.149,Low
14406,0.149,Low
44960,0.149,Low
13010,0.149,Low
5007,0.149,Low
45001,0.149,Low
20248,0.149,Low
41973,0.149,Low
44223,0.149,Low
17532,0.149,Low
13034,0.149,Low
28178,0.149,Low
35678,0.149,Low
51800,0.149,Low
18899,0.149,Low
35139,0.149,Low
22634,0.149,Low
12935,0.149,Low
30087,0.149,Low
41396,0.149,Low
4948,0.149,Low
44503,0.1489,Low
1959,0.1489,Low
28309,0.1489,Low
11749,0.1489,Low
43191,0.1489,Low
43518,0.1489,Low
27098,0.1489,Low
3907,0.1489,Low
11165,0.1489,Low
42683,0.1489,Low
37272,0.1489,Low
1198,0.1489,Low
27751,0.1489,Low
33385,0.1489,Low
16527,0.1489,Low
34899,0.1489,Low
15057,0.1489,Low
26735,0.1489,Low
45390,0.1489,Low
13663,0.1488,Low
48314,0.1488,Low
7797,0.1488,Low
16253,0.1488,Low
28165,0.1488,Low
11867,0.1488,Low
46734,0.1488,Low
5994,0.1488,Low
50798,0.1488,Low
27627,0.1488,Low
1065,0.1488,Low
23405,0.1488,Low
39382,0.1488,Low
35452,0.1488,Low
25428,0.1488,Low
49751,0.1488,Low
32667,0.1488,Low
3235,0.1488,Low
46327,0.1488,Low
11607,0.1488,Low
51773,0.1488,Low
6253,0.1488,Low
37068,0.1488,Low
142,0.1488,Low
40368,0.1488,Low
4641,0.1487,Low
19146,0.1487,Low
1130,0.1487,Low
11813,0.1487,Low
3059,0.1487,Low
17888,0.1487,Low
36654,0.1487,Low
38033,0.1487,Low
12398,0.1487,Low
21303,0.1487,Low
1259,0.1487,Low
5148,0.1487,Low
19247,0.1487,Low
27977,0.1487,Low
40152,0.1487,Low
39834,0.1487,Low
22482,0.1487,Low
46909,0.1486,Low
50187,0.1486,Low
4445,0.1486,Low
9678,0.1486,Low
15043,0.1486,Low
17320,0.1486,Low
3002,0.1486,Low
19301,0.1486,Low
2000,0.1486,Low
17873,0.1486,Low
12121,0.1486,Low
42093,0.1486,Low
12250,0.1486,Low
37066,0.1486,Low
25144,0.1486,Low
4817,0.1486,Low
1632,0.1486,Low
1010,0.1486,Low
47016,0.1486,Low
1663,0.1486,Low
354,0.1486,Low
16236,0.1486,Low
15682,0.1486,Low
14857,0.1485,Low
40378,0.1485,Low
37025,0.1485,Low
46886,0.1485,Low
14129,0.1485,Low
50261,0.1485,Low
13809,0.1485,Low
43061,0.1485,Low
24884,0.1485,Low
20687,0.1485,Low
39553,0.1485,Low
26716,0.1485,Low
19310,0.1485,Low
31217,0.1485,Low
51236,0.1485,Low
15528,0.1485,Low
30832,0.1485,Low
32476,0.1485,Low
2136,0.1485,Low
15699,0.1485,Low
44674,0.1485,Low
29439,0.1485,Low
50664,0.1484,Low
36773,0.1484,Low
3658,0.1484,Low
20825,0.1484,Low
23760,0.1484,Low
25295,0.1484,Low
41399,0.1484,Low
13970,0.1484,Low
18168,0.1484,Low
27934,0.1484,Low
4477,0.1484,Low
41799,0.1484,Low
19791,0.1484,Low
5603,0.1484,Low
40209,0.1484,Low
22317,0.1484,Low
36292,0.1484,Low
19636,0.1484,Low
9985,0.1484,Low
16571,0.1484,Low
35963,0.1483,Low
30172,0.1483,Low
3968,0.1483,Low
25679,0.1483,Low
22840,0.1483,Low
18797,0.1483,Low
41530,0.1483,Low
26004,0.1483,Low
27219,0.1483,Low
24954,0.1483,Low
8075,0.1483,Low
7593,0.1483,Low
8557,0.1483,Low
38845,0.1483,Low
7023,0.1483,Low
18628,0.1483,Low
46444,0.1483,Low
44726,0.1483,Low
31057,0.1483,Low
22219,0.1483,Low
29485,0.1483,Low
35032,0.1483,Low
6483,0.1483,Low
26227,0.1483,Low
36001,0.1482,Low
10047,0.1482,Low
27821,0.1482,Low
16053,0.1482,Low
47510,0.1482,Low
38682,0.1482,Low
27828,0.1482,Low
26470,0.1482,Low
10645,0.1482,Low
4137,0.1482,Low
30535,0.1482,Low
21044,0.1482,Low
17467,0.1482,Low
32683,0.1482,Low
47842,0.1482,Low
49222,0.1482,Low
11470,0.1482,Low
11221,0.1482,Low
33642,0.1482,Low
6084,0.1481,Low
21047,0.1481,Low
25332,0.1481,Low
46894,0.1481,Low
24520,0.1481,Low
30210,0.1481,Low
21199,0.1481,Low
11101,0.1481,Low
36416,0.1481,Low
32908,0.1481,Low
51585,0.1481,Low
7114,0.1481,Low
43009,0.1481,Low
23095,0.1481,Low
12006,0.1481,Low
8342,0.1481,Low
16605,0.1481,Low
35986,0.1481,Low
45243,0.1481,Low
28645,0.1481,Low
22605,0.1481,Low
34397,0.1481,Low
43134,0.1481,Low
23519,0.1481,Low
25149,0.148,Low
9859,0.148,Low
39595,0.148,Low
35130,0.148,Low
48710,0.148,Low
44589,0.148,Low
31724,0.148,Low
9686,0.148,Low
48507,0.148,Low
51756,0.148,Low
43929,0.148,Low
8047,0.148,Low
26049,0.148,Low
50007,0.148,Low
37758,0.148,Low
5319,0.148,Low
1387,0.148,Low
5976,0.148,Low
27311,0.148,Low
21,0.148,Low
8469,0.148,Low
2467,0.1479,Low
41712,0.1479,Low
46856,0.1479,Low
41432,0.1479,Low
26472,0.1479,Low
28659,0.1479,Low
23654,0.1479,Low
4645,0.1479,Low
37499,0.1479,Low
50898,0.1479,Low
50702,0.1479,Low
25211,0.1479,Low
48428,0.1479,Low
2215,0.1479,Low
48816,0.1479,Low
15723,0.1479,Low
28796,0.1479,Low
1929,0.1479,Low
45272,0.1479,Low
26979,0.1478,Low
15594,0.1478,Low
24647,0.1478,Low
47363,0.1478,Low
38464,0.1478,Low
24659,0.1478,Low
34406,0.1478,Low
29132,0.1478,Low
38959,0.1478,Low
27749,0.1478,Low
20834,0.1478,Low
20535,0.1478,Low
4041,0.1478,Low
23584,0.1478,Low
50823,0.1478,Low
16847,0.1478,Low
36357,0.1478,Low
19543,0.1478,Low
28731,0.1478,Low
17339,0.1478,Low
18641,0.1478,Low
23336,0.1478,Low
50352,0.1478,Low
50749,0.1477,Low
11861,0.1477,Low
39192,0.1477,Low
37538,0.1477,Low
15809,0.1477,Low
19821,0.1477,Low
32020,0.1477,Low
33994,0.1477,Low
16657,0.1477,Low
38956,0.1477,Low
6044,0.1477,Low
15443,0.1477,Low
16878,0.1477,Low
25237,0.1477,Low
46114,0.1477,Low
47498,0.1477,Low
19460,0.1477,Low
25991,0.1477,Low
6200,0.1477,Low
31086,0.1477,Low
13375,0.1477,Low
8447,0.1477,Low
32003,0.1477,Low
27901,0.1476,Low
97,0.1476,Low
23344,0.1476,Low
27781,0.1476,Low
44010,0.1476,Low
14524,0.1476,Low
2389,0.1476,Low
14305,0.1476,Low
44954,0.1476,Low
31087,0.1476,Low
31179,0.1476,Low
27926,0.1476,Low
23124,0.1476,Low
18173,0.1476,Low
2218,0.1476,Low
12840,0.1476,Low
44123,0.1476,Low
15014,0.1475,Low
15818,0.1475,Low
48444,0.1475,Low
26666,0.1475,Low
7527,0.1475,Low
25263,0.1475,Low
34135,0.1475,Low
24915,0.1475,Low
22814,0.1475,Low
44614,0.1475,Low
42148,0.1475,Low
43161,0.1475,Low
36809,0.1475,Low
36845,0.1475,Low
14282,0.1475,Low
23273,0.1475,Low
10179,0.1475,Low
24979,0.1475,Low
11837,0.1475,Low
39955,0.1475,Low
18066,0.1475,Low
39315,0.1475,Low
20465,0.1475,Low
32120,0.1475,Low
15118,0.1475,Low
30663,0.1475,Low
987,0.1475,Low
2166,0.1475,Low
8485,0.1474,Low
36468,0.1474,Low
46945,0.1474,Low
36805,0.1474,Low
9763,0.1474,Low
47624,0.1474,Low
11833,0.1474,Low
29581,0.1474,Low
8419,0.1474,Low
49920,0.1474,Low
35683,0.1474,Low
4403,0.1474,Low
44682,0.1474,Low
26040,0.1474,Low
24074,0.1474,Low
5271,0.1474,Low
43493,0.1474,Low
31382,0.1474,Low
30190,0.1474,Low
44442,0.1474,Low
14085,0.1474,Low
2578,0.1474,Low
32471,0.1474,Low
2411,0.1474,Low
20498,0.1473,Low
28147,0.1473,Low
43330,0.1473,Low
21455,0.1473,Low
51107,0.1473,Low
12134,0.1473,Low
11199,0.1473,Low
39833,0.1473,Low
8332,0.1473,Low
29240,0.1473,Low
15258,0.1473,Low
6675,0.1473,Low
44616,0.1473,Low
3737,0.1473,Low
16211,0.1472,Low
814,0.1472,Low
8309,0.1472,Low
344,0.1472,Low
11178,0.1472,Low
23111,0.1472,Low
4495,0.1472,Low
51771,0.1472,Low
39767,0.1472,Low
38120,0.1472,Low
50035,0.1472,Low
9990,0.1472,Low
46122,0.1472,Low
17791,0.1472,Low
2455,0.1472,Low
4760,0.1472,Low
43480,0.1472,Low
14176,0.1472,Low
43532,0.1472,Low
5498,0.1472,Low
22682,0.1471,Low
10400,0.1471,Low
39564,0.1471,Low
37472,0.1471,Low
22676,0.1471,Low
33248,0.1471,Low
47809,0.1471,Low
645,0.1471,Low
13574,0.1471,Low
8343,0.1471,Low
27956,0.1471,Low
32848,0.1471,Low
1378,0.1471,Low
43998,0.1471,Low
32938,0.1471,Low
47947,0.1471,Low
50957,0.1471,Low
45161,0.1471,Low
19016,0.1471,Low
28975,0.1471,Low
11765,0.1471,Low
21039,0.1471,Low
45490,0.1471,Low
5443,0.1471,Low
5750,0.1471,Low
22196,0.1471,Low
13329,0.1471,Low
24049,0.1471,Low
28816,0.1471,Low
42798,0.1471,Low
20392,0.1471,Low
317,0.1471,Low
3000,0.1471,Low
28581,0.1471,Low
25779,0.1471,Low
22710,0.147,Low
19797,0.147,Low
41499,0.147,Low
30670,0.147,Low
17756,0.147,Low
7476,0.147,Low
50689,0.147,Low
11587,0.147,Low
36409,0.147,Low
16952,0.147,Low
33404,0.147,Low
45128,0.147,Low
28905,0.147,Low
35095,0.147,Low
35873,0.147,Low
17458,0.147,Low
8396,0.147,Low
22359,0.147,Low
44556,0.147,Low
20050,0.147,Low
35687,0.147,Low
454,0.1469,Low
32389,0.1469,Low
47789,0.1469,Low
44105,0.1469,Low
38368,0.1469,Low
20804,0.1469,Low
20433,0.1469,Low
51920,0.1469,Low
9387,0.1469,Low
29817,0.1469,Low
29503,0.1469,Low
39639,0.1469,Low
373,0.1469,Low
20102,0.1469,Low
30539,0.1469,Low
34923,0.1469,Low
28739,0.1469,Low
40521,0.1469,Low
12838,0.1469,Low
28708,0.1469,Low
50922,0.1469,Low
46949,0.1469,Low
50076,0.1468,Low
42534,0.1468,Low
41600,0.1468,Low
32730,0.1468,Low
26902,0.1468,Low
23749,0.1468,Low
51572,0.1468,Low
40168,0.1468,Low
32019,0.1468,Low
30651,0.1468,Low
30295,0.1468,Low
40784,0.1468,Low
5764,0.1468,Low
48965,0.1468,Low
39461,0.1468,Low
30220,0.1468,Low
24122,0.1468,Low
43280,0.1468,Low
28402,0.1468,Low
31366,0.1467,Low
25825,0.1467,Low
43629,0.1467,Low
24156,0.1467,Low
38957,0.1467,Low
15700,0.1467,Low
23426,0.1467,Low
34804,0.1467,Low
38250,0.1467,Low
34673,0.1467,Low
31292,0.1467,Low
45170,0.1467,Low
43775,0.1467,Low
18426,0.1467,Low
14720,0.1467,Low
15981,0.1467,Low
25115,0.1467,Low
3539,0.1467,Low
47148,0.1467,Low
42413,0.1467,Low
49966,0.1467,Low
31417,0.1467,Low
18229,0.1467,Low
1312,0.1467,Low
44084,0.1467,Low
25195,0.1467,Low
29787,0.1467,Low
13078,0.1466,Low
5039,0.1466,Low
26320,0.1466,Low
38582,0.1466,Low
33120,0.1466,Low
27675,0.1466,Low
3514,0.1466,Low
36085,0.1466,Low
38331,0.1466,Low
7152,0.1466,Low
51660,0.1466,Low
10119,0.1466,Low
1117,0.1466,Low
1774,0.1466,Low
42561,0.1466,Low
35583,0.1466,Low
9535,0.1466,Low
49498,0.1466,Low
37697,0.1466,Low
5106,0.1466,Low
31978,0.1466,Low
44535,0.1466,Low
38824,0.1466,Low
33918,0.1466,Low
40810,0.1466,Low
23977,0.1466,Low
26501,0.1465,Low
33350,0.1465,Low
40761,0.1465,Low
31880,0.1465,Low
34029,0.1465,Low
41827,0.1465,Low
40561,0.1465,Low
12496,0.1465,Low
51837,0.1465,Low
32307,0.1465,Low
39002,0.1465,Low
34211,0.1465,Low
18594,0.1465,Low
39574,0.1465,Low
28621,0.1465,Low
5990,0.1465,Low
3382,0.1465,Low
7868,0.1465,Low
3847,0.1465,Low
33170,0.1465,Low
30802,0.1465,Low
21362,0.1465,Low
3574,0.1465,Low
16630,0.1465,Low
34770,0.1465,Low
4325,0.1464,Low
24845,0.1464,Low
30419,0.1464,Low
17609,0.1464,Low
4233,0.1464,Low
35265,0.1464,Low
1677,0.1464,Low
41885,0.1464,Low
40427,0.1464,Low
4626,0.1464,Low
24149,0.1464,Low
14897,0.1464,Low
16744,0.1464,Low
17925,0.1464,Low
40248,0.1464,Low
13771,0.1464,Low
687,0.1464,Low
8496,0.1464,Low
696,0.1464,Low
41417,0.1463,Low
15061,0.1463,Low
32222,0.1463,Low
11026,0.1463,Low
10738,0.1463,Low
27102,0.1463,Low
23706,0.1463,Low
37854,0.1463,Low
8745,0.1463,Low
46547,0.1463,Low
37577,0.1463,Low
30102,0.1463,Low
2614,0.1463,Low
3456,0.1463,Low
23246,0.1463,Low
6828,0.1463,Low
21576,0.1463,Low
33329,0.1463,Low
50872,0.1463,Low
15931,0.1463,Low
44771,0.1463,Low
32467,0.1463,Low
25882,0.1462,Low
23650,0.1462,Low
41448,0.1462,Low
29041,0.1462,Low
37686,0.1462,Low
26915,0.1462,Low
2152,0.1462,Low
1873,0.1462,Low
35088,0.1462,Low
14224,0.1462,Low
11441,0.1462,Low
11412,0.1462,Low
23423,0.1462,Low
43448,0.1462,Low
13506,0.1462,Low
23314,0.1462,Low
1265,0.1462,Low
21476,0.1462,Low
22486,0.1462,Low
31989,0.1462,Low
35723,0.1462,Low
31399,0.1462,Low
1975,0.1462,Low
21053,0.1462,Low
30439,0.1462,Low
21703,0.1461,Low
33010,0.1461,Low
2050,0.1461,Low
19451,0.1461,Low
37410,0.1461,Low
23901,0.1461,Low
12053,0.1461,Low
7262,0.1461,Low
11753,0.1461,Low
18506,0.1461,Low
14469,0.1461,Low
9046,0.1461,Low
25231,0.1461,Low
11127,0.1461,Low
17595,0.1461,Low
39206,0.1461,Low
45103,0.1461,Low
34182,0.1461,Low
43394,0.1461,Low
41581,0.1461,Low
43647,0.1461,Low
42330,0.1461,Low
22614,0.1461,Low
47355,0.146,Low
11958,0.146,Low
19949,0.146,Low
5621,0.146,Low
25097,0.146,Low
1561,0.146,Low
6752,0.146,Low
39943,0.146,Low
33216,0.146,Low
24853,0.146,Low
29742,0.146,Low
49548,0.146,Low
24978,0.146,Low
49696,0.146,Low
22106,0.146,Low
21100,0.146,Low
8513,0.146,Low
6510,0.146,Low
17834,0.146,Low
37207,0.146,Low
25269,0.146,Low
38362,0.146,Low
32541,0.146,Low
38806,0.146,Low
50186,0.1459,Low
21422,0.1459,Low
34176,0.1459,Low
30502,0.1459,Low
18571,0.1459,Low
23809,0.1459,Low
16665,0.1459,Low
11251,0.1459,Low
40837,0.1459,Low
32494,0.1459,Low
17252,0.1459,Low
40062,0.1459,Low
43339,0.1459,Low
22913,0.1459,Low
13911,0.1459,Low
4572,0.1459,Low
13195,0.1459,Low
48638,0.1459,Low
40523,0.1459,Low
49945,0.1459,Low
29771,0.1459,Low
3089,0.1459,Low
40504,0.1459,Low
2559,0.1458,Low
48350,0.1458,Low
37447,0.1458,Low
30123,0.1458,Low
5113,0.1458,Low
14016,0.1458,Low
15556,0.1458,Low
2897,0.1458,Low
252,0.1458,Low
41150,0.1458,Low
27007,0.1458,Low
24280,0.1458,Low
30842,0.1458,Low
26135,0.1458,Low
28895,0.1458,Low
14493,0.1458,Low
7272,0.1458,Low
7557,0.1457,Low
1829,0.1457,Low
46350,0.1457,Low
10900,0.1457,Low
40516,0.1457,Low
48690,0.1457,Low
43067,0.1457,Low
27323,0.1457,Low
16867,0.1457,Low
13089,0.1457,Low
14806,0.1457,Low
17490,0.1457,Low
351,0.1457,Low
48190,0.1457,Low
24194,0.1457,Low
40033,0.1457,Low
43328,0.1457,Low
32936,0.1457,Low
22330,0.1457,Low
39808,0.1457,Low
5310,0.1457,Low
11407,0.1456,Low
26619,0.1456,Low
13219,0.1456,Low
15539,0.1456,Low
35115,0.1456,Low
31095,0.1456,Low
43687,0.1456,Low
35162,0.1456,Low
35919,0.1456,Low
614,0.1456,Low
10980,0.1456,Low
11841,0.1456,Low
49449,0.1456,Low
16115,0.1456,Low
19266,0.1456,Low
23712,0.1456,Low
27692,0.1456,Low
6802,0.1456,Low
50647,0.1456,Low
14531,0.1456,Low
25855,0.1455,Low
17492,0.1455,Low
39536,0.1455,Low
21804,0.1455,Low
45985,0.1455,Low
47219,0.1455,Low
36833,0.1455,Low
15782,0.1455,Low
6012,0.1455,Low
13576,0.1455,Low
10750,0.1455,Low
33996,0.1454,Low
33055,0.1454,Low
21891,0.1454,Low
39782,0.1454,Low
37131,0.1454,Low
1840,0.1454,Low
17196,0.1454,Low
51943,0.1454,Low
23567,0.1454,Low
20543,0.1454,Low
32835,0.1454,Low
5726,0.1454,Low
47188,0.1454,Low
19289,0.1454,Low
39524,0.1454,Low
5181,0.1454,Low
18418,0.1454,Low
16771,0.1454,Low
11994,0.1454,Low
5067,0.1454,Low
41574,0.1453,Low
40704,0.1453,Low
11606,0.1453,Low
29107,0.1453,Low
14395,0.1453,Low
21817,0.1453,Low
7213,0.1453,Low
13463,0.1453,Low
23673,0.1453,Low
21810,0.1453,Low
41532,0.1453,Low
11623,0.1453,Low
30778,0.1453,Low
44537,0.1453,Low
6317,0.1453,Low
5782,0.1453,Low
11791,0.1453,Low
21190,0.1453,Low
13679,0.1453,Low
11359,0.1453,Low
10902,0.1453,Low
46966,0.1453,Low
20443,0.1453,Low
46896,0.1453,Low
387,0.1453,Low
13111,0.1453,Low
26779,0.1453,Low
30514,0.1453,Low
38322,0.1452,Low
17668,0.1452,Low
16265,0.1452,Low
27917,0.1452,Low
20775,0.1452,Low
31662,0.1452,Low
1457,0.1452,Low
36445,0.1452,Low
31934,0.1452,Low
51175,0.1452,Low
31265,0.1452,Low
7425,0.1452,Low
2418,0.1452,Low
1996,0.1452,Low
1989,0.1452,Low
14562,0.1452,Low
47408,0.1452,Low
11836,0.1452,Low
42982,0.1452,Low
9547,0.1452,Low
37925,0.1452,Low
51630,0.1452,Low
40511,0.1452,Low
48665,0.1452,Low
5050,0.1452,Low
14400,0.1451,Low
34880,0.1451,Low
35300,0.1451,Low
1862,0.1451,Low
27634,0.1451,Low
7521,0.1451,Low
27787,0.1451,Low
49064,0.1451,Low
38421,0.1451,Low
27987,0.1451,Low
36883,0.1451,Low
25862,0.1451,Low
11697,0.1451,Low
20230,0.1451,Low
32898,0.1451,Low
46878,0.1451,Low
40944,0.1451,Low
3497,0.1451,Low
17024,0.1451,Low
2907,0.1451,Low
22282,0.1451,Low
27490,0.1451,Low
30569,0.1451,Low
14246,0.1451,Low
48784,0.1451,Low
35772,0.1451,Low
11593,0.145,Low
17405,0.145,Low
4979,0.145,Low
5549,0.145,Low
32306,0.145,Low
33859,0.145,Low
41295,0.145,Low
26419,0.145,Low
21686,0.145,Low
17666,0.145,Low
40855,0.145,Low
36246,0.145,Low
50228,0.145,Low
35868,0.145,Low
16019,0.145,Low
280,0.145,Low
46127,0.145,Low
15579,0.145,Low
45088,0.145,Low
39730,0.145,Low
18668,0.145,Low
14476,0.145,Low
35211,0.145,Low
4632,0.145,Low
37377,0.145,Low
82,0.145,Low
4203,0.145,Low
29191,0.1449,Low
25143,0.1449,Low
960,0.1449,Low
3187,0.1449,Low
38443,0.1449,Low
31196,0.1449,Low
19118,0.1449,Low
17147,0.1449,Low
40441,0.1449,Low
15573,0.1449,Low
26688,0.1449,Low
50976,0.1449,Low
45295,0.1449,Low
47019,0.1449,Low
26271,0.1449,Low
44533,0.1449,Low
47912,0.1449,Low
1683,0.1449,Low
6161,0.1449,Low
44277,0.1449,Low
49159,0.1448,Low
21589,0.1448,Low
39404,0.1448,Low
48339,0.1448,Low
5156,0.1448,Low
4317,0.1448,Low
8398,0.1448,Low
35829,0.1448,Low
16134,0.1448,Low
4259,0.1448,Low
2131,0.1448,Low
1301,0.1448,Low
32282,0.1448,Low
28719,0.1448,Low
4087,0.1448,Low
13224,0.1448,Low
47276,0.1448,Low
47278,0.1448,Low
9319,0.1448,Low
29013,0.1448,Low
3654,0.1448,Low
34872,0.1448,Low
51036,0.1448,Low
365,0.1447,Low
23827,0.1447,Low
38661,0.1447,Low
2406,0.1447,Low
49632,0.1447,Low
46431,0.1447,Low
14135,0.1447,Low
2718,0.1447,Low
33194,0.1447,Low
42589,0.1447,Low
13565,0.1447,Low
15989,0.1447,Low
22331,0.1447,Low
48078,0.1447,Low
40452,0.1447,Low
13080,0.1447,Low
3768,0.1447,Low
40582,0.1447,Low
33751,0.1447,Low
29951,0.1446,Low
29484,0.1446,Low
43058,0.1446,Low
46074,0.1446,Low
50707,0.1446,Low
50417,0.1446,Low
46056,0.1446,Low
17932,0.1446,Low
38808,0.1446,Low
43364,0.1446,Low
38080,0.1446,Low
30584,0.1446,Low
23183,0.1446,Low
32233,0.1446,Low
24627,0.1446,Low
9834,0.1446,Low
42086,0.1446,Low
5778,0.1446,Low
15355,0.1446,Low
16194,0.1446,Low
48910,0.1446,Low
33999,0.1446,Low
19734,0.1446,Low
43974,0.1446,Low
22098,0.1446,Low
30798,0.1446,Low
38438,0.1446,Low
21201,0.1446,Low
16604,0.1446,Low
8647,0.1446,Low
40611,0.1445,Low
35900,0.1445,Low
19608,0.1445,Low
19362,0.1445,Low
1921,0.1445,Low
35993,0.1445,Low
47150,0.1445,Low
32739,0.1445,Low
3103,0.1445,Low
47299,0.1445,Low
13144,0.1445,Low
21204,0.1445,Low
25254,0.1445,Low
39237,0.1445,Low
21818,0.1445,Low
39269,0.1445,Low
50748,0.1445,Low
23142,0.1445,Low
2959,0.1444,Low
43126,0.1444,Low
35942,0.1444,Low
5545,0.1444,Low
39106,0.1444,Low
48133,0.1444,Low
14386,0.1444,Low
13547,0.1444,Low
41877,0.1444,Low
39846,0.1444,Low
40008,0.1444,Low
2787,0.1444,Low
45007,0.1444,Low
37648,0.1444,Low
18999,0.1444,Low
11748,0.1444,Low
11277,0.1444,Low
51797,0.1444,Low
9400,0.1444,Low
14941,0.1444,Low
29602,0.1444,Low
1160,0.1443,Low
44015,0.1443,Low
27036,0.1443,Low
38616,0.1443,Low
19259,0.1443,Low
10562,0.1443,Low
46822,0.1443,Low
43276,0.1443,Low
18963,0.1443,Low
18740,0.1443,Low
23562,0.1443,Low
36015,0.1443,Low
43240,0.1443,Low
21841,0.1443,Low
49205,0.1443,Low
35776,0.1443,Low
46184,0.1442,Low
41451,0.1442,Low
34863,0.1442,Low
20296,0.1442,Low
33937,0.1442,Low
22418,0.1442,Low
5804,0.1442,Low
36685,0.1442,Low
44665,0.1442,Low
9714,0.1442,Low
42653,0.1442,Low
47916,0.1442,Low
42432,0.1442,Low
37269,0.1442,Low
25208,0.1442,Low
6070,0.1442,Low
41138,0.1442,Low
6961,0.1442,Low
40383,0.1442,Low
22287,0.1442,Low
37889,0.1442,Low
28089,0.1442,Low
14706,0.1442,Low
46432,0.1441,Low
15489,0.1441,Low
47485,0.1441,Low
7014,0.1441,Low
50587,0.1441,Low
42062,0.1441,Low
50019,0.1441,Low
12269,0.1441,Low
29282,0.1441,Low
3637,0.1441,Low
46382,0.1441,Low
36374,0.1441,Low
32080,0.1441,Low
16105,0.1441,Low
1695,0.1441,Low
24054,0.1441,Low
40996,0.1441,Low
13888,0.1441,Low
43677,0.1441,Low
45489,0.1441,Low
4510,0.1441,Low
2422,0.1441,Low
33204,0.1441,Low
43774,0.1441,Low
8088,0.1441,Low
22722,0.144,Low
48901,0.144,Low
27756,0.144,Low
27992,0.144,Low
22447,0.144,Low
1767,0.144,Low
31214,0.144,Low
43372,0.144,Low
39424,0.144,Low
17545,0.144,Low
23088,0.144,Low
28612,0.144,Low
13999,0.144,Low
1566,0.144,Low
8543,0.144,Low
42819,0.144,Low
47906,0.144,Low
3837,0.1439,Low
20504,0.1439,Low
2761,0.1439,Low
26761,0.1439,Low
34955,0.1439,Low
30892,0.1439,Low
1830,0.1439,Low
39429,0.1439,Low
15129,0.1439,Low
42872,0.1439,Low
7416,0.1439,Low
32512,0.1439,Low
12090,0.1439,Low
11396,0.1439,Low
6328,0.1439,Low
1016,0.1438,Low
9585,0.1438,Low
38061,0.1438,Low
4299,0.1438,Low
20130,0.1438,Low
35603,0.1438,Low
15988,0.1438,Low
17355,0.1438,Low
20217,0.1438,Low
599,0.1438,Low
681,0.1438,Low
37836,0.1438,Low
30053,0.1438,Low
28657,0.1438,Low
13542,0.1438,Low
3643,0.1438,Low
16509,0.1438,Low
24168,0.1438,Low
6611,0.1438,Low
15752,0.1438,Low
29686,0.1438,Low
19693,0.1438,Low
16978,0.1438,Low
33617,0.1438,Low
27541,0.1438,Low
22178,0.1438,Low
32472,0.1438,Low
31519,0.1437,Low
26385,0.1437,Low
7135,0.1437,Low
24161,0.1437,Low
24162,0.1437,Low
27212,0.1437,Low
51047,0.1437,Low
22919,0.1437,Low
28575,0.1437,Low
34749,0.1437,Low
27085,0.1437,Low
39897,0.1437,Low
9455,0.1437,Low
47834,0.1437,Low
51819,0.1437,Low
28856,0.1437,Low
2077,0.1437,Low
15063,0.1437,Low
27031,0.1437,Low
36161,0.1437,Low
48933,0.1437,Low
8722,0.1437,Low
19473,0.1437,Low
12627,0.1437,Low
34790,0.1437,Low
10326,0.1437,Low
25860,0.1436,Low
4426,0.1436,Low
35172,0.1436,Low
38502,0.1436,Low
26295,0.1436,Low
36599,0.1436,Low
27984,0.1436,Low
28016,0.1436,Low
1268,0.1436,Low
39351,0.1436,Low
39704,0.1436,Low
32924,0.1436,Low
47736,0.1436,Low
41078,0.1436,Low
14982,0.1436,Low
27542,0.1436,Low
31692,0.1436,Low
19037,0.1436,Low
20598,0.1435,Low
14563,0.1435,Low
34828,0.1435,Low
5712,0.1435,Low
42464,0.1435,Low
9608,0.1435,Low
16219,0.1435,Low
37627,0.1435,Low
6077,0.1435,Low
51502,0.1435,Low
50188,0.1435,Low
32506,0.1435,Low
12508,0.1435,Low
37880,0.1435,Low
47051,0.1435,Low
21926,0.1435,Low
45916,0.1435,Low
13535,0.1435,Low
14042,0.1435,Low
25298,0.1435,Low
39877,0.1435,Low
44048,0.1435,Low
2899,0.1435,Low
50462,0.1435,Low
38947,0.1434,Low
9707,0.1434,Low
34732,0.1434,Low
38633,0.1434,Low
11166,0.1434,Low
43603,0.1434,Low
39701,0.1434,Low
27610,0.1434,Low
5733,0.1434,Low
10640,0.1434,Low
27818,0.1434,Low
21258,0.1434,Low
13441,0.1434,Low
50662,0.1434,Low
6451,0.1434,Low
32857,0.1434,Low
8518,0.1434,Low
29332,0.1434,Low
12199,0.1434,Low
39109,0.1434,Low
50100,0.1434,Low
14770,0.1434,Low
34116,0.1434,Low
37988,0.1433,Low
43122,0.1433,Low
33906,0.1433,Low
24769,0.1433,Low
46525,0.1433,Low
36574,0.1433,Low
15627,0.1433,Low
38893,0.1433,Low
43361,0.1433,Low
23094,0.1433,Low
48056,0.1433,Low
7461,0.1433,Low
15347,0.1433,Low
36924,0.1433,Low
17417,0.1433,Low
45627,0.1433,Low
29455,0.1433,Low
25896,0.1433,Low
42726,0.1432,Low
19776,0.1432,Low
38650,0.1432,Low
27609,0.1432,Low
18884,0.1432,Low
36645,0.1432,Low
48093,0.1432,Low
37374,0.1432,Low
12181,0.1432,Low
28515,0.1432,Low
15021,0.1432,Low
2334,0.1432,Low
4613,0.1432,Low
38314,0.1432,Low
7467,0.1432,Low
50315,0.1432,Low
7621,0.1432,Low
8316,0.1432,Low
26766,0.1432,Low
11824,0.1432,Low
22901,0.1432,Low
18098,0.1432,Low
9476,0.1431,Low
7484,0.1431,Low
17393,0.1431,Low
4783,0.1431,Low
27291,0.1431,Low
44372,0.1431,Low
916,0.1431,Low
33649,0.1431,Low
17261,0.1431,Low
10020,0.1431,Low
37347,0.1431,Low
51852,0.1431,Low
25189,0.1431,Low
24594,0.1431,Low
42915,0.1431,Low
19297,0.1431,Low
2430,0.1431,Low
50430,0.1431,Low
50904,0.1431,Low
30920,0.143,Low
44714,0.143,Low
37191,0.143,Low
41251,0.143,Low
64,0.143,Low
35982,0.143,Low
10424,0.143,Low
40754,0.143,Low
25170,0.143,Low
23396,0.143,Low
9732,0.143,Low
5348,0.143,Low
16914,0.143,Low
17379,0.143,Low
38351,0.143,Low
46666,0.143,Low
46697,0.143,Low
720,0.1429,Low
20893,0.1429,Low
44087,0.1429,Low
48723,0.1429,Low
42831,0.1429,Low
14749,0.1429,Low
9175,0.1429,Low
7890,0.1429,Low
9037,0.1429,Low
31811,0.1429,Low
44900,0.1429,Low
16150,0.1429,Low
50708,0.1429,Low
4818,0.1429,Low
47730,0.1429,Low
1395,0.1429,Low
12332,0.1429,Low
27697,0.1429,Low
11024,0.1429,Low
6164,0.1429,Low
45764,0.1429,Low
18513,0.1429,Low
3538,0.1429,Low
35606,0.1429,Low
8492,0.1429,Low
21653,0.1429,Low
46171,0.1429,Low
14262,0.1429,Low
16481,0.1429,Low
6472,0.1428,Low
36040,0.1428,Low
16367,0.1428,Low
32024,0.1428,Low
40029,0.1428,Low
1625,0.1428,Low
43524,0.1428,Low
50601,0.1428,Low
44930,0.1428,Low
29646,0.1428,Low
40147,0.1428,Low
39543,0.1428,Low
20952,0.1428,Low
43976,0.1428,Low
2574,0.1428,Low
48165,0.1428,Low
8933,0.1428,Low
25361,0.1428,Low
9993,0.1428,Low
47437,0.1428,Low
47323,0.1427,Low
2374,0.1427,Low
43310,0.1427,Low
4894,0.1427,Low
19174,0.1427,Low
39552,0.1427,Low
41647,0.1427,Low
43600,0.1427,Low
36902,0.1427,Low
20292,0.1427,Low
7258,0.1427,Low
9932,0.1427,Low
46887,0.1427,Low
47737,0.1427,Low
13944,0.1427,Low
4071,0.1427,Low
23184,0.1427,Low
8952,0.1427,Low
34887,0.1427,Low
6653,0.1427,Low
5034,0.1427,Low
16912,0.1427,Low
21169,0.1427,Low
27062,0.1427,Low
24305,0.1427,Low
50288,0.1427,Low
40690,0.1427,Low
11100,0.1427,Low
41534,0.1427,Low
11159,0.1427,Low
37178,0.1427,Low
11273,0.1427,Low
18666,0.1427,Low
7112,0.1427,Low
34618,0.1426,Low
2125,0.1426,Low
49433,0.1426,Low
30030,0.1426,Low
46230,0.1426,Low
45990,0.1426,Low
3502,0.1426,Low
7884,0.1426,Low
36624,0.1426,Low
18972,0.1426,Low
29729,0.1426,Low
33719,0.1426,Low
2590,0.1426,Low
16441,0.1426,Low
22607,0.1426,Low
9987,0.1426,Low
44826,0.1426,Low
4313,0.1426,Low
28275,0.1426,Low
38649,0.1426,Low
21992,0.1426,Low
20275,0.1426,Low
30236,0.1426,Low
42467,0.1426,Low
30600,0.1426,Low
40685,0.1426,Low
7035,0.1425,Low
45514,0.1425,Low
1483,0.1425,Low
1635,0.1425,Low
41391,0.1425,Low
37905,0.1425,Low
29477,0.1425,Low
46257,0.1425,Low
41547,0.1425,Low
6338,0.1425,Low
17445,0.1425,Low
42388,0.1425,Low
30542,0.1425,Low
31318,0.1425,Low
4294,0.1425,Low
14413,0.1425,Low
36802,0.1425,Low
17081,0.1425,Low
26890,0.1425,Low
51950,0.1425,Low
25352,0.1425,Low
39391,0.1425,Low
25331,0.1424,Low
21668,0.1424,Low
44020,0.1424,Low
46473,0.1424,Low
43248,0.1424,Low
12844,0.1424,Low
38044,0.1424,Low
47441,0.1424,Low
43676,0.1424,Low
27428,0.1424,Low
41871,0.1424,Low
8024,0.1424,Low
3268,0.1424,Low
3174,0.1424,Low
51921,0.1424,Low
2321,0.1424,Low
32143,0.1424,Low
37909,0.1424,Low
13980,0.1424,Low
32053,0.1424,Low
10547,0.1424,Low
3661,0.1423,Low
18564,0.1423,Low
37718,0.1423,Low
27569,0.1423,Low
35789,0.1423,Low
23123,0.1423,Low
41019,0.1423,Low
14592,0.1423,Low
8010,0.1423,Low
26612,0.1423,Low
4853,0.1423,Low
11547,0.1423,Low
16628,0.1423,Low
31050,0.1423,Low
12672,0.1423,Low
48464,0.1423,Low
16968,0.1422,Low
17137,0.1422,Low
35362,0.1422,Low
26196,0.1422,Low
10941,0.1422,Low
30212,0.1422,Low
35899,0.1422,Low
6770,0.1422,Low
44584,0.1422,Low
25752,0.1422,Low
45504,0.1422,Low
43307,0.1422,Low
29582,0.1422,Low
40759,0.1422,Low
48728,0.1422,Low
44358,0.1422,Low
38333,0.1422,Low
29121,0.1422,Low
5749,0.1422,Low
7845,0.1422,Low
21583,0.1422,Low
16738,0.1422,Low
24150,0.1422,Low
9468,0.1421,Low
32059,0.1421,Low
11502,0.1421,Low
43735,0.1421,Low
8546,0.1421,Low
24810,0.1421,Low
4806,0.1421,Low
35753,0.1421,Low
44046,0.1421,Low
24189,0.1421,Low
50406,0.1421,Low
43143,0.1421,Low
3892,0.1421,Low
19562,0.1421,Low
45054,0.1421,Low
28209,0.1421,Low
45725,0.1421,Low
37509,0.1421,Low
4118,0.1421,Low
30608,0.1421,Low
6289,0.1421,Low
49024,0.1421,Low
17258,0.1421,Low
46826,0.142,Low
19968,0.142,Low
46569,0.142,Low
37829,0.142,Low
51864,0.142,Low
20299,0.142,Low
28632,0.142,Low
8445,0.142,Low
45002,0.142,Low
13475,0.142,Low
37314,0.142,Low
27152,0.142,Low
39091,0.142,Low
30831,0.142,Low
8326,0.142,Low
3116,0.142,Low
12692,0.1419,Low
26173,0.1419,Low
3695,0.1419,Low
10109,0.1419,Low
1744,0.1419,Low
50971,0.1419,Low
49055,0.1419,Low
4941,0.1419,Low
16132,0.1419,Low
10512,0.1419,Low
41352,0.1419,Low
43995,0.1419,Low
673,0.1419,Low
31954,0.1419,Low
16903,0.1419,Low
39555,0.1419,Low
46089,0.1419,Low
34356,0.1419,Low
23872,0.1419,Low
30014,0.1419,Low
27416,0.1419,Low
24797,0.1419,Low
33607,0.1418,Low
37603,0.1418,Low
4552,0.1418,Low
19757,0.1418,Low
38543,0.1418,Low
49200,0.1418,Low
50345,0.1418,Low
47655,0.1418,Low
27468,0.1418,Low
23489,0.1418,Low
16935,0.1418,Low
5128,0.1418,Low
30269,0.1418,Low
20699,0.1418,Low
9466,0.1418,Low
51926,0.1418,Low
20300,0.1418,Low
2109,0.1418,Low
27303,0.1418,Low
31933,0.1418,Low
9581,0.1418,Low
38757,0.1417,Low
18874,0.1417,Low
51540,0.1417,Low
6895,0.1417,Low
4519,0.1417,Low
760,0.1417,Low
20739,0.1417,Low
41270,0.1417,Low
27859,0.1417,Low
10840,0.1417,Low
30441,0.1417,Low
14232,0.1417,Low
6954,0.1417,Low
45285,0.1417,Low
48136,0.1417,Low
24065,0.1417,Low
51711,0.1417,Low
6918,0.1417,Low
11908,0.1417,Low
3016,0.1417,Low
20355,0.1417,Low
49156,0.1417,Low
34480,0.1417,Low
21925,0.1417,Low
6853,0.1416,Low
2949,0.1416,Low
31612,0.1416,Low
3516,0.1416,Low
14545,0.1416,Low
13223,0.1416,Low
6951,0.1416,Low
20125,0.1416,Low
2523,0.1416,Low
27287,0.1416,Low
37015,0.1416,Low
34636,0.1416,Low
48945,0.1416,Low
29866,0.1416,Low
23067,0.1416,Low
45883,0.1416,Low
42582,0.1416,Low
36812,0.1416,Low
31786,0.1416,Low
13238,0.1416,Low
49262,0.1416,Low
51608,0.1416,Low
43153,0.1416,Low
20929,0.1416,Low
20268,0.1415,Low
13647,0.1415,Low
30609,0.1415,Low
12576,0.1415,Low
35895,0.1415,Low
49784,0.1415,Low
15603,0.1415,Low
8784,0.1415,Low
17623,0.1415,Low
2604,0.1415,Low
43141,0.1415,Low
11317,0.1415,Low
46851,0.1415,Low
3423,0.1415,Low
45790,0.1415,Low
14764,0.1415,Low
17559,0.1415,Low
107,0.1415,Low
2479,0.1415,Low
28373,0.1415,Low
36703,0.1415,Low
38310,0.1415,Low
33817,0.1415,Low
6688,0.1415,Low
33775,0.1415,Low
45828,0.1415,Low
40579,0.1415,Low
17945,0.1415,Low
21285,0.1415,Low
37332,0.1414,Low
50088,0.1414,Low
19884,0.1414,Low
16326,0.1414,Low
35202,0.1414,Low
9574,0.1414,Low
49569,0.1414,Low
45257,0.1414,Low
42904,0.1414,Low
26112,0.1414,Low
24318,0.1414,Low
33819,0.1414,Low
36704,0.1414,Low
35002,0.1414,Low
45212,0.1414,Low
17223,0.1414,Low
29335,0.1414,Low
47838,0.1414,Low
40923,0.1414,Low
46302,0.1414,Low
22114,0.1414,Low
34190,0.1414,Low
30633,0.1414,Low
45364,0.1413,Low
580,0.1413,Low
13543,0.1413,Low
45439,0.1413,Low
32552,0.1413,Low
36232,0.1413,Low
36114,0.1413,Low
11149,0.1413,Low
25845,0.1413,Low
28426,0.1413,Low
34883,0.1413,Low
35794,0.1413,Low
7210,0.1413,Low
44662,0.1413,Low
40043,0.1413,Low
19469,0.1413,Low
16456,0.1413,Low
28323,0.1413,Low
10517,0.1413,Low
11630,0.1413,Low
31463,0.1413,Low
47582,0.1413,Low
35844,0.1413,Low
50282,0.1412,Low
13555,0.1412,Low
45816,0.1412,Low
23684,0.1412,Low
37500,0.1412,Low
40035,0.1412,Low
41511,0.1412,Low
30384,0.1412,Low
16849,0.1412,Low
38753,0.1412,Low
36808,0.1412,Low
49836,0.1412,Low
11811,0.1412,Low
5013,0.1412,Low
31743,0.1412,Low
20354,0.1412,Low
48344,0.1412,Low
5541,0.1412,Low
2112,0.1412,Low
41942,0.1412,Low
42427,0.1412,Low
50106,0.1412,Low
33911,0.1412,Low
41907,0.1412,Low
38355,0.1411,Low
5551,0.1411,Low
6552,0.1411,Low
7983,0.1411,Low
37545,0.1411,Low
24495,0.1411,Low
4957,0.1411,Low
21796,0.1411,Low
35568,0.1411,Low
42216,0.1411,Low
1203,0.1411,Low
19575,0.1411,Low
21732,0.141,Low
15172,0.141,Low
44378,0.141,Low
18741,0.141,Low
13141,0.141,Low
9280,0.141,Low
16654,0.141,Low
31111,0.141,Low
32703,0.141,Low
16004,0.141,Low
37722,0.141,Low
17291,0.141,Low
43104,0.141,Low
36041,0.141,Low
2705,0.141,Low
43960,0.141,Low
14366,0.141,Low
24815,0.141,Low
23279,0.141,Low
1662,0.141,Low
713,0.141,Low
47651,0.141,Low
15939,0.1409,Low
19956,0.1409,Low
44156,0.1409,Low
167,0.1409,Low
33975,0.1409,Low
47400,0.1409,Low
38523,0.1409,Low
29357,0.1409,Low
5496,0.1409,Low
44564,0.1409,Low
34552,0.1409,Low
13079,0.1409,Low
15874,0.1409,Low
41700,0.1409,Low
8830,0.1409,Low
36202,0.1409,Low
22961,0.1409,Low
17174,0.1409,Low
20122,0.1409,Low
10729,0.1409,Low
51855,0.1408,Low
4611,0.1408,Low
20400,0.1408,Low
9090,0.1408,Low
24787,0.1408,Low
24859,0.1408,Low
47041,0.1408,Low
29488,0.1408,Low
17324,0.1408,Low
50522,0.1408,Low
20432,0.1408,Low
13858,0.1408,Low
17892,0.1408,Low
24282,0.1408,Low
3471,0.1408,Low
1291,0.1408,Low
31481,0.1408,Low
19936,0.1408,Low
35741,0.1408,Low
27048,0.1408,Low
7104,0.1408,Low
653,0.1408,Low
4425,0.1408,Low
6393,0.1407,Low
47404,0.1407,Low
9454,0.1407,Low
39925,0.1407,Low
6348,0.1407,Low
19919,0.1407,Low
17823,0.1407,Low
40198,0.1407,Low
4358,0.1407,Low
20181,0.1407,Low
45124,0.1407,Low
39903,0.1407,Low
13746,0.1407,Low
29162,0.1407,Low
17319,0.1407,Low
23751,0.1407,Low
282,0.1407,Low
29369,0.1407,Low
14789,0.1407,Low
7971,0.1407,Low
23733,0.1407,Low
36044,0.1407,Low
20326,0.1407,Low
12018,0.1406,Low
11590,0.1406,Low
47123,0.1406,Low
1017,0.1406,Low
11772,0.1406,Low
41372,0.1406,Low
44592,0.1406,Low
43013,0.1406,Low
12817,0.1406,Low
19010,0.1406,Low
23431,0.1406,Low
18865,0.1406,Low
33316,0.1406,Low
4352,0.1406,Low
15801,0.1406,Low
10783,0.1406,Low
35141,0.1406,Low
41129,0.1406,Low
44848,0.1406,Low
35118,0.1406,Low
50362,0.1406,Low
25940,0.1406,Low
9956,0.1406,Low
17565,0.1406,Low
25832,0.1406,Low
105,0.1406,Low
5144,0.1405,Low
42088,0.1405,Low
41909,0.1405,Low
22914,0.1405,Low
19237,0.1405,Low
36364,0.1405,Low
6181,0.1405,Low
48079,0.1405,Low
38027,0.1405,Low
13045,0.1405,Low
25810,0.1405,Low
39764,0.1405,Low
39773,0.1405,Low
8726,0.1405,Low
45789,0.1405,Low
2830,0.1405,Low
17882,0.1405,Low
28472,0.1405,Low
29317,0.1405,Low
42085,0.1404,Low
10661,0.1404,Low
8589,0.1404,Low
18155,0.1404,Low
48984,0.1404,Low
30700,0.1404,Low
30792,0.1404,Low
47620,0.1404,Low
12972,0.1404,Low
33098,0.1404,Low
40870,0.1404,Low
33800,0.1404,Low
43626,0.1404,Low
15565,0.1404,Low
40412,0.1404,Low
4390,0.1404,Low
29873,0.1404,Low
26430,0.1404,Low
46637,0.1404,Low
48968,0.1404,Low
51181,0.1404,Low
21246,0.1404,Low
37659,0.1404,Low
662,0.1403,Low
13866,0.1403,Low
22,0.1403,Low
32262,0.1403,Low
32231,0.1403,Low
45176,0.1403,Low
36511,0.1403,Low
17833,0.1403,Low
34105,0.1403,Low
40199,0.1403,Low
12509,0.1403,Low
25158,0.1403,Low
37976,0.1403,Low
22271,0.1403,Low
14977,0.1403,Low
13876,0.1403,Low
46478,0.1403,Low
48302,0.1402,Low
1801,0.1402,Low
27423,0.1402,Low
31831,0.1402,Low
48940,0.1402,Low
14308,0.1402,Low
4550,0.1402,Low
26768,0.1402,Low
45606,0.1402,Low
10131,0.1402,Low
5875,0.1402,Low
47357,0.1402,Low
46843,0.1402,Low
48928,0.1402,Low
45315,0.1402,Low
7626,0.1402,Low
41767,0.1402,Low
9693,0.1402,Low
8313,0.1402,Low
7702,0.1402,Low
36525,0.1402,Low
6642,0.1402,Low
51489,0.1402,Low
39635,0.1402,Low
23555,0.1402,Low
32789,0.1401,Low
44531,0.1401,Low
44073,0.1401,Low
17173,0.1401,Low
23989,0.1401,Low
51551,0.1401,Low
30054,0.1401,Low
12288,0.1401,Low
27952,0.1401,Low
9892,0.1401,Low
38490,0.1401,Low
45860,0.1401,Low
5555,0.1401,Low
23799,0.1401,Low
11445,0.1401,Low
24111,0.1401,Low
35247,0.1401,Low
5026,0.1401,Low
22513,0.1401,Low
35740,0.1401,Low
40965,0.14,Low
36481,0.14,Low
51567,0.14,Low
34505,0.14,Low
33863,0.14,Low
43949,0.14,Low
2482,0.14,Low
19035,0.14,Low
30081,0.14,Low
17276,0.14,Low
19955,0.14,Low
6923,0.14,Low
26169,0.14,Low
51308,0.14,Low
10095,0.14,Low
31875,0.14,Low
47048,0.14,Low
18084,0.14,Low
30209,0.14,Low
20208,0.14,Low
26287,0.14,Low
20071,0.14,Low
33417,0.14,Low
46020,0.14,Low
36034,0.1399,Low
39022,0.1399,Low
6500,0.1399,Low
38450,0.1399,Low
48083,0.1399,Low
24504,0.1399,Low
50960,0.1399,Low
18009,0.1399,Low
43973,0.1399,Low
13327,0.1399,Low
51278,0.1399,Low
5779,0.1399,Low
30057,0.1399,Low
37754,0.1399,Low
19092,0.1399,Low
32,0.1399,Low
22863,0.1399,Low
39765,0.1399,Low
5717,0.1399,Low
50836,0.1399,Low
35182,0.1399,Low
16256,0.1399,Low
15236,0.1399,Low
3708,0.1399,Low
44485,0.1398,Low
42138,0.1398,Low
36995,0.1398,Low
17798,0.1398,Low
13077,0.1398,Low
49439,0.1398,Low
47496,0.1398,Low
24203,0.1398,Low
19203,0.1398,Low
44524,0.1398,Low
8777,0.1398,Low
46468,0.1398,Low
24779,0.1398,Low
16910,0.1398,Low
51263,0.1398,Low
27307,0.1398,Low
4257,0.1398,Low
13854,0.1398,Low
50583,0.1398,Low
38365,0.1398,Low
49996,0.1398,Low
48806,0.1398,Low
26288,0.1398,Low
44434,0.1398,Low
37663,0.1398,Low
13377,0.1398,Low
40329,0.1398,Low
30677,0.1398,Low
1675,0.1397,Low
12801,0.1397,Low
927,0.1397,Low
50426,0.1397,Low
25622,0.1397,Low
2902,0.1397,Low
39522,0.1397,Low
29568,0.1397,Low
46449,0.1397,Low
28626,0.1397,Low
28124,0.1397,Low
24489,0.1397,Low
18969,0.1397,Low
34359,0.1397,Low
21366,0.1397,Low
15001,0.1397,Low
28634,0.1397,Low
18024,0.1397,Low
19826,0.1397,Low
187,0.1397,Low
50546,0.1397,Low
30592,0.1397,Low
1737,0.1397,Low
28766,0.1397,Low
49847,0.1397,Low
21587,0.1396,Low
934,0.1396,Low
21856,0.1396,Low
26200,0.1396,Low
8228,0.1396,Low
875,0.1396,Low
31663,0.1396,Low
40827,0.1396,Low
18579,0.1396,Low
50776,0.1396,Low
18347,0.1396,Low
28018,0.1396,Low
31484,0.1396,Low
9289,0.1396,Low
48307,0.1396,Low
22795,0.1396,Low
21888,0.1396,Low
48802,0.1396,Low
8086,0.1396,Low
13151,0.1396,Low
21263,0.1396,Low
14045,0.1396,Low
19268,0.1396,Low
2165,0.1396,Low
41964,0.1396,Low
24062,0.1396,Low
39170,0.1396,Low
31216,0.1396,Low
43299,0.1396,Low
17917,0.1396,Low
6149,0.1396,Low
6884,0.1396,Low
13534,0.1395,Low
69,0.1395,Low
24527,0.1395,Low
50317,0.1395,Low
3038,0.1395,Low
17083,0.1395,Low
21387,0.1395,Low
10998,0.1395,Low
19025,0.1395,Low
33680,0.1395,Low
21480,0.1395,Low
5857,0.1395,Low
18481,0.1395,Low
28254,0.1395,Low
40492,0.1395,Low
17505,0.1395,Low
2493,0.1395,Low
49420,0.1395,Low
9902,0.1395,Low
20623,0.1395,Low
336,0.1395,Low
39418,0.1395,Low
9365,0.1395,Low
43342,0.1395,Low
45011,0.1394,Low
14351,0.1394,Low
10375,0.1394,Low
17554,0.1394,Low
24794,0.1394,Low
19967,0.1394,Low
26747,0.1394,Low
27971,0.1394,Low
5383,0.1394,Low
32257,0.1394,Low
44768,0.1394,Low
37729,0.1394,Low
22938,0.1394,Low
50870,0.1394,Low
51891,0.1394,Low
12202,0.1394,Low
29662,0.1394,Low
38360,0.1394,Low
31134,0.1394,Low
30847,0.1394,Low
22571,0.1394,Low
23338,0.1394,Low
51830,0.1394,Low
41000,0.1394,Low
40084,0.1394,Low
48949,0.1394,Low
14208,0.1394,Low
47904,0.1394,Low
50635,0.1394,Low
49594,0.1393,Low
17802,0.1393,Low
37133,0.1393,Low
46680,0.1393,Low
7964,0.1393,Low
36046,0.1393,Low
43951,0.1393,Low
48107,0.1393,Low
6783,0.1393,Low
16600,0.1393,Low
39460,0.1393,Low
8928,0.1393,Low
12957,0.1393,Low
46050,0.1393,Low
30637,0.1393,Low
15800,0.1393,Low
46282,0.1393,Low
46709,0.1393,Low
8390,0.1392,Low
20450,0.1392,Low
39996,0.1392,Low
22184,0.1392,Low
26757,0.1392,Low
51145,0.1392,Low
38071,0.1392,Low
47646,0.1392,Low
28141,0.1392,Low
44709,0.1392,Low
14687,0.1392,Low
3913,0.1392,Low
30630,0.1392,Low
36298,0.1392,Low
22654,0.1392,Low
3703,0.1392,Low
17639,0.1392,Low
13524,0.1392,Low
1120,0.1392,Low
46303,0.1392,Low
44199,0.1392,Low
47203,0.1392,Low
12589,0.1391,Low
34435,0.1391,Low
13793,0.1391,Low
19731,0.1391,Low
19885,0.1391,Low
8675,0.1391,Low
48198,0.1391,Low
29509,0.1391,Low
31809,0.1391,Low
45255,0.1391,Low
48408,0.1391,Low
21628,0.1391,Low
3386,0.1391,Low
5056,0.1391,Low
31796,0.1391,Low
27108,0.1391,Low
30237,0.1391,Low
29233,0.1391,Low
24328,0.1391,Low
2914,0.1391,Low
50272,0.1391,Low
14475,0.139,Low
12136,0.139,Low
43021,0.139,Low
34204,0.139,Low
6392,0.139,Low
34245,0.139,Low
50484,0.139,Low
8880,0.139,Low
11704,0.139,Low
1800,0.139,Low
2318,0.139,Low
32500,0.139,Low
42412,0.139,Low
49733,0.139,Low
911,0.139,Low
4525,0.139,Low
25162,0.139,Low
3427,0.139,Low
43374,0.139,Low
23838,0.139,Low
10602,0.139,Low
7804,0.139,Low
47274,0.139,Low
40597,0.139,Low
23923,0.139,Low
12777,0.139,Low
30019,0.139,Low
8402,0.1389,Low
47562,0.1389,Low
9685,0.1389,Low
32243,0.1389,Low
24524,0.1389,Low
35262,0.1389,Low
4695,0.1389,Low
38508,0.1389,Low
19890,0.1389,Low
26559,0.1389,Low
33402,0.1389,Low
42624,0.1389,Low
39642,0.1389,Low
24410,0.1389,Low
37554,0.1389,Low
28761,0.1388,Low
5269,0.1388,Low
37559,0.1388,Low
5295,0.1388,Low
4020,0.1388,Low
32890,0.1388,Low
16266,0.1388,Low
25874,0.1388,Low
41598,0.1388,Low
29692,0.1388,Low
49984,0.1388,Low
33606,0.1388,Low
51710,0.1388,Low
24030,0.1388,Low
5347,0.1388,Low
21412,0.1388,Low
39658,0.1388,Low
34042,0.1388,Low
38874,0.1387,Low
32798,0.1387,Low
8348,0.1387,Low
29781,0.1387,Low
11141,0.1387,Low
42309,0.1387,Low
26244,0.1387,Low
49451,0.1387,Low
50423,0.1387,Low
5475,0.1387,Low
36193,0.1387,Low
18826,0.1387,Low
39204,0.1387,Low
20987,0.1387,Low
25838,0.1387,Low
8883,0.1387,Low
25235,0.1387,Low
23506,0.1387,Low
41414,0.1387,Low
21277,0.1387,Low
50478,0.1387,Low
33313,0.1387,Low
39841,0.1387,Low
15675,0.1386,Low
8280,0.1386,Low
9855,0.1386,Low
2900,0.1386,Low
1752,0.1386,Low
33772,0.1386,Low
19673,0.1386,Low
36601,0.1386,Low
7318,0.1386,Low
2646,0.1386,Low
37125,0.1386,Low
19795,0.1386,Low
25255,0.1386,Low
26560,0.1386,Low
48489,0.1386,Low
37431,0.1386,Low
37756,0.1386,Low
19926,0.1386,Low
25132,0.1386,Low
43333,0.1386,Low
30568,0.1386,Low
13991,0.1386,Low
31248,0.1386,Low
26539,0.1386,Low
49442,0.1386,Low
20512,0.1386,Low
6076,0.1386,Low
38113,0.1386,Low
26060,0.1386,Low
22744,0.1385,Low
1166,0.1385,Low
19187,0.1385,Low
18900,0.1385,Low
3887,0.1385,Low
16962,0.1385,Low
3940,0.1385,Low
19280,0.1385,Low
46100,0.1385,Low
32060,0.1385,Low
48739,0.1385,Low
39240,0.1385,Low
36919,0.1385,Low
17704,0.1385,Low
7663,0.1385,Low
42960,0.1385,Low
3212,0.1385,Low
41696,0.1385,Low
3363,0.1385,Low
30528,0.1385,Low
27997,0.1385,Low
27322,0.1385,Low
11941,0.1385,Low
39549,0.1385,Low
48677,0.1385,Low
22907,0.1384,Low
7561,0.1384,Low
48993,0.1384,Low
4511,0.1384,Low
26433,0.1384,Low
42095,0.1384,Low
28430,0.1384,Low
22385,0.1384,Low
2809,0.1384,Low
45085,0.1384,Low
39337,0.1384,Low
1954,0.1384,Low
30607,0.1384,Low
25445,0.1384,Low
40975,0.1384,Low
36697,0.1384,Low
47139,0.1384,Low
25871,0.1384,Low
23887,0.1384,Low
28780,0.1384,Low
5352,0.1384,Low
42692,0.1383,Low
7426,0.1383,Low
49546,0.1383,Low
38472,0.1383,Low
29691,0.1383,Low
4161,0.1383,Low
7595,0.1383,Low
45566,0.1383,Low
45570,0.1383,Low
39300,0.1383,Low
36874,0.1383,Low
24268,0.1383,Low
28004,0.1383,Low
22501,0.1383,Low
27142,0.1383,Low
19402,0.1383,Low
4032,0.1383,Low
13050,0.1383,Low
20551,0.1383,Low
48380,0.1383,Low
49189,0.1383,Low
51023,0.1383,Low
36376,0.1383,Low
41927,0.1383,Low
24863,0.1383,Low
9903,0.1382,Low
38600,0.1382,Low
21747,0.1382,Low
23298,0.1382,Low
14642,0.1382,Low
24897,0.1382,Low
9094,0.1382,Low
21712,0.1382,Low
42654,0.1382,Low
24041,0.1382,Low
37490,0.1382,Low
19907,0.1382,Low
6183,0.1382,Low
25302,0.1382,Low
43731,0.1382,Low
28664,0.1382,Low
39009,0.1382,Low
1449,0.1382,Low
18049,0.1382,Low
851,0.1382,Low
4534,0.1382,Low
7349,0.1382,Low
31466,0.1382,Low
41169,0.1382,Low
12261,0.1382,Low
21483,0.1382,Low
36567,0.1382,Low
23621,0.1381,Low
5469,0.1381,Low
30109,0.1381,Low
41281,0.1381,Low
18849,0.1381,Low
12725,0.1381,Low
2979,0.1381,Low
47257,0.1381,Low
39539,0.1381,Low
49826,0.1381,Low
158,0.1381,Low
87,0.1381,Low
31251,0.1381,Low
28143,0.1381,Low
36655,0.1381,Low
28439,0.1381,Low
13635,0.1381,Low
30602,0.1381,Low
28075,0.1381,Low
44699,0.1381,Low
26671,0.1381,Low
51976,0.1381,Low
17572,0.1381,Low
397,0.1381,Low
18275,0.1381,Low
698,0.1381,Low
21265,0.138,Low
5870,0.138,Low
51270,0.138,Low
42578,0.138,Low
24667,0.138,Low
44635,0.138,Low
18473,0.138,Low
46311,0.138,Low
9503,0.138,Low
7641,0.138,Low
51326,0.138,Low
215,0.138,Low
35792,0.138,Low
51448,0.138,Low
225,0.138,Low
16059,0.138,Low
29325,0.138,Low
46986,0.138,Low
45120,0.1379,Low
26108,0.1379,Low
28173,0.1379,Low
45751,0.1379,Low
7324,0.1379,Low
35465,0.1379,Low
20686,0.1379,Low
26506,0.1379,Low
35832,0.1379,Low
47137,0.1379,Low
14841,0.1379,Low
15804,0.1379,Low
14014,0.1379,Low
733,0.1379,Low
48114,0.1379,Low
34013,0.1379,Low
46515,0.1379,Low
22774,0.1379,Low
39083,0.1379,Low
49913,0.1379,Low
33992,0.1379,Low
23854,0.1379,Low
46093,0.1379,Low
11971,0.1379,Low
46748,0.1379,Low
19495,0.1378,Low
45548,0.1378,Low
25040,0.1378,Low
6767,0.1378,Low
18921,0.1378,Low
5017,0.1378,Low
17998,0.1378,Low
17138,0.1378,Low
13275,0.1378,Low
18390,0.1378,Low
48082,0.1378,Low
12282,0.1378,Low
1935,0.1378,Low
15285,0.1378,Low
43541,0.1378,Low
8253,0.1378,Low
11618,0.1378,Low
31879,0.1378,Low
30877,0.1378,Low
8561,0.1378,Low
18025,0.1378,Low
25090,0.1378,Low
41743,0.1378,Low
39259,0.1378,Low
25835,0.1378,Low
33352,0.1378,Low
31332,0.1378,Low
48654,0.1378,Low
39802,0.1377,Low
33815,0.1377,Low
33176,0.1377,Low
36869,0.1377,Low
36391,0.1377,Low
37140,0.1377,Low
8954,0.1377,Low
47013,0.1377,Low
28910,0.1377,Low
9941,0.1377,Low
16741,0.1377,Low
17537,0.1377,Low
1594,0.1377,Low
30490,0.1377,Low
12528,0.1377,Low
12771,0.1377,Low
20868,0.1377,Low
10322,0.1376,Low
39171,0.1376,Low
21267,0.1376,Low
6033,0.1376,Low
35980,0.1376,Low
33303,0.1376,Low
16895,0.1376,Low
602,0.1376,Low
5932,0.1376,Low
48017,0.1376,Low
44030,0.1376,Low
22858,0.1376,Low
47239,0.1376,Low
14872,0.1376,Low
15753,0.1376,Low
41998,0.1376,Low
29494,0.1376,Low
21728,0.1376,Low
16133,0.1376,Low
28308,0.1376,Low
28514,0.1376,Low
40730,0.1375,Low
6681,0.1375,Low
41977,0.1375,Low
7190,0.1375,Low
27320,0.1375,Low
43256,0.1375,Low
45381,0.1375,Low
30022,0.1375,Low
7321,0.1375,Low
27009,0.1375,Low
4628,0.1375,Low
35408,0.1375,Low
20569,0.1375,Low
32916,0.1375,Low
38889,0.1375,Low
3491,0.1375,Low
35226,0.1375,Low
12229,0.1375,Low
41884,0.1375,Low
30138,0.1375,Low
42314,0.1375,Low
17129,0.1375,Low
32410,0.1375,Low
43491,0.1374,Low
49871,0.1374,Low
13694,0.1374,Low
16576,0.1374,Low
51780,0.1374,Low
19428,0.1374,Low
4730,0.1374,Low
48862,0.1374,Low
30472,0.1374,Low
19421,0.1374,Low
5353,0.1374,Low
10588,0.1374,Low
26349,0.1374,Low
4242,0.1374,Low
40951,0.1374,Low
45346,0.1374,Low
18453,0.1374,Low
32666,0.1374,Low
32035,0.1374,Low
37345,0.1374,Low
9818,0.1374,Low
3039,0.1374,Low
8265,0.1374,Low
24340,0.1373,Low
18843,0.1373,Low
38566,0.1373,Low
27091,0.1373,Low
15478,0.1373,Low
5251,0.1373,Low
28765,0.1373,Low
6382,0.1373,Low
28210,0.1373,Low
11242,0.1373,Low
39324,0.1373,Low
32235,0.1373,Low
48926,0.1373,Low
35688,0.1373,Low
31803,0.1373,Low
20896,0.1373,Low
409,0.1373,Low
35631,0.1373,Low
39827,0.1373,Low
24545,0.1373,Low
44809,0.1373,Low
27625,0.1373,Low
18290,0.1373,Low
11164,0.1373,Low
207,0.1373,Low
17715,0.1373,Low
30826,0.1372,Low
2443,0.1372,Low
638,0.1372,Low
29166,0.1372,Low
35819,0.1372,Low
38133,0.1372,Low
14188,0.1372,Low
31690,0.1372,Low
47046,0.1372,Low
25153,0.1372,Low
34776,0.1372,Low
22090,0.1372,Low
170,0.1372,Low
26740,0.1372,Low
51961,0.1372,Low
8896,0.1372,Low
47361,0.1372,Low
48781,0.1372,Low
7163,0.1372,Low
51524,0.1372,Low
36443,0.1372,Low
40224,0.1371,Low
34663,0.1371,Low
18682,0.1371,Low
43816,0.1371,Low
45905,0.1371,Low
44171,0.1371,Low
49540,0.1371,Low
22297,0.1371,Low
47734,0.1371,Low
4633,0.1371,Low
22025,0.1371,Low
14369,0.1371,Low
47155,0.1371,Low
40623,0.1371,Low
48808,0.1371,Low
12140,0.1371,Low
41311,0.1371,Low
24445,0.1371,Low
3919,0.1371,Low
24624,0.1371,Low
30500,0.1371,Low
46415,0.1371,Low
37684,0.1371,Low
50359,0.1371,Low
24775,0.1371,Low
438,0.1371,Low
50231,0.1371,Low
23710,0.1371,Low
31161,0.1371,Low
6581,0.1371,Low
44731,0.1371,Low
33142,0.1371,Low
14892,0.1371,Low
19077,0.1371,Low
12757,0.1371,Low
25903,0.1371,Low
48768,0.137,Low
50399,0.137,Low
1570,0.137,Low
46571,0.137,Low
1647,0.137,Low
20556,0.137,Low
31356,0.137,Low
10563,0.137,Low
3201,0.137,Low
16409,0.137,Low
2210,0.137,Low
44415,0.137,Low
17942,0.137,Low
587,0.137,Low
49474,0.137,Low
36365,0.137,Low
13857,0.137,Low
32423,0.137,Low
45448,0.137,Low
27798,0.137,Low
20858,0.137,Low
28234,0.137,Low
7033,0.1369,Low
24913,0.1369,Low
50459,0.1369,Low
14216,0.1369,Low
43616,0.1369,Low
47329,0.1369,Low
2116,0.1369,Low
35294,0.1369,Low
18960,0.1369,Low
1533,0.1369,Low
753,0.1369,Low
18285,0.1369,Low
24796,0.1369,Low
13190,0.1369,Low
4074,0.1369,Low
39447,0.1369,Low
34056,0.1369,Low
9263,0.1369,Low
33220,0.1369,Low
44865,0.1369,Low
45261,0.1369,Low
45074,0.1369,Low
19256,0.1369,Low
24758,0.1369,Low
18559,0.1369,Low
10553,0.1368,Low
6124,0.1368,Low
35092,0.1368,Low
42122,0.1368,Low
19154,0.1368,Low
20649,0.1368,Low
37050,0.1368,Low
27225,0.1368,Low
42474,0.1368,Low
18087,0.1368,Low
30158,0.1368,Low
17221,0.1368,Low
16725,0.1368,Low
32612,0.1368,Low
2748,0.1368,Low
12806,0.1368,Low
47953,0.1368,Low
21002,0.1368,Low
16646,0.1368,Low
42555,0.1368,Low
33664,0.1368,Low
5559,0.1368,Low
6824,0.1367,Low
1741,0.1367,Low
7081,0.1367,Low
30480,0.1367,Low
8364,0.1367,Low
2649,0.1367,Low
2952,0.1367,Low
46037,0.1367,Low
49547,0.1367,Low
51972,0.1367,Low
36077,0.1367,Low
36047,0.1367,Low
16334,0.1367,Low
31819,0.1367,Low
12825,0.1367,Low
1144,0.1367,Low
42566,0.1367,Low
24291,0.1367,Low
26909,0.1367,Low
10858,0.1367,Low
45543,0.1367,Low
731,0.1367,Low
31620,0.1367,Low
2530,0.1367,Low
444,0.1367,Low
28919,0.1367,Low
49678,0.1367,Low
18827,0.1367,Low
23311,0.1366,Low
37240,0.1366,Low
23926,0.1366,Low
20310,0.1366,Low
14405,0.1366,Low
45507,0.1366,Low
15885,0.1366,Low
19323,0.1366,Low
19906,0.1366,Low
13650,0.1366,Low
28224,0.1366,Low
9857,0.1366,Low
25138,0.1366,Low
11144,0.1366,Low
10391,0.1366,Low
10187,0.1366,Low
41102,0.1366,Low
5121,0.1366,Low
31496,0.1366,Low
11020,0.1365,Low
37230,0.1365,Low
23285,0.1365,Low
42204,0.1365,Low
18410,0.1365,Low
19465,0.1365,Low
6199,0.1365,Low
33291,0.1365,Low
12598,0.1365,Low
19335,0.1365,Low
22687,0.1365,Low
1623,0.1365,Low
28751,0.1365,Low
45127,0.1365,Low
38433,0.1365,Low
2173,0.1365,Low
9327,0.1365,Low
30202,0.1365,Low
30718,0.1364,Low
20681,0.1364,Low
45977,0.1364,Low
10660,0.1364,Low
3990,0.1364,Low
6255,0.1364,Low
6504,0.1364,Low
43979,0.1364,Low
23283,0.1364,Low
32756,0.1364,Low
18537,0.1364,Low
2199,0.1364,Low
45629,0.1364,Low
17264,0.1364,Low
46640,0.1364,Low
11073,0.1364,Low
35186,0.1364,Low
1867,0.1364,Low
46573,0.1364,Low
21491,0.1364,Low
7022,0.1364,Low
29813,0.1364,Low
36549,0.1363,Low
23708,0.1363,Low
42790,0.1363,Low
48864,0.1363,Low
16955,0.1363,Low
45612,0.1363,Low
15919,0.1363,Low
8609,0.1363,Low
4904,0.1363,Low
4302,0.1363,Low
15319,0.1363,Low
23158,0.1363,Low
22351,0.1363,Low
51491,0.1363,Low
24675,0.1363,Low
23164,0.1363,Low
15908,0.1363,Low
16094,0.1363,Low
45340,0.1363,Low
18858,0.1363,Low
5845,0.1363,Low
15656,0.1363,Low
10147,0.1363,Low
45224,0.1363,Low
36006,0.1363,Low
7145,0.1363,Low
9508,0.1363,Low
12461,0.1362,Low
8489,0.1362,Low
32718,0.1362,Low
6190,0.1362,Low
835,0.1362,Low
12368,0.1362,Low
39892,0.1362,Low
19450,0.1362,Low
39623,0.1362,Low
1141,0.1362,Low
7922,0.1362,Low
13399,0.1362,Low
41763,0.1362,Low
49377,0.1362,Low
19980,0.1362,Low
5758,0.1362,Low
16039,0.1362,Low
49697,0.1362,Low
51785,0.1362,Low
35013,0.1362,Low
46648,0.1362,Low
40631,0.1362,Low
22209,0.1362,Low
41363,0.1362,Low
21299,0.1362,Low
13455,0.1362,Low
39696,0.1362,Low
2515,0.1362,Low
23229,0.1362,Low
31135,0.1361,Low
43905,0.1361,Low
11456,0.1361,Low
9420,0.1361,Low
17637,0.1361,Low
43989,0.1361,Low
32220,0.1361,Low
15365,0.1361,Low
7825,0.1361,Low
29498,0.1361,Low
10324,0.1361,Low
15318,0.1361,Low
31915,0.136,Low
14077,0.136,Low
45715,0.136,Low
40757,0.136,Low
29721,0.136,Low
15742,0.136,Low
37243,0.136,Low
3826,0.136,Low
22767,0.136,Low
48875,0.136,Low
39532,0.136,Low
18932,0.136,Low
39898,0.136,Low
44548,0.136,Low
25122,0.136,Low
45464,0.136,Low
46491,0.136,Low
33503,0.136,Low
22190,0.136,Low
19758,0.136,Low
36564,0.136,Low
7830,0.136,Low
24081,0.136,Low
26543,0.1359,Low
26339,0.1359,Low
51826,0.1359,Low
30733,0.1359,Low
8259,0.1359,Low
50564,0.1359,Low
51298,0.1359,Low
32169,0.1359,Low
45948,0.1359,Low
15876,0.1359,Low
14131,0.1359,Low
18297,0.1359,Low
5220,0.1359,Low
4248,0.1359,Low
15767,0.1359,Low
6114,0.1359,Low
45353,0.1359,Low
2470,0.1359,Low
466,0.1359,Low
39981,0.1359,Low
451,0.1359,Low
38552,0.1359,Low
40644,0.1359,Low
9314,0.1359,Low
50365,0.1359,Low
8238,0.1359,Low
3162,0.1359,Low
25480,0.1359,Low
26194,0.1358,Low
18660,0.1358,Low
38766,0.1358,Low
22692,0.1358,Low
41055,0.1358,Low
35523,0.1358,Low
1572,0.1358,Low
26391,0.1358,Low
48315,0.1358,Low
49955,0.1358,Low
4455,0.1358,Low
8411,0.1358,Low
12236,0.1358,Low
21264,0.1358,Low
26832,0.1358,Low
8425,0.1358,Low
32879,0.1358,Low
46027,0.1358,Low
44758,0.1358,Low
3873,0.1358,Low
3295,0.1358,Low
26562,0.1358,Low
21512,0.1358,Low
6692,0.1358,Low
38099,0.1358,Low
39051,0.1358,Low
479,0.1358,Low
46070,0.1357,Low
38067,0.1357,Low
19774,0.1357,Low
42232,0.1357,Low
13985,0.1357,Low
22010,0.1357,Low
17784,0.1357,Low
10340,0.1357,Low
30523,0.1357,Low
14621,0.1357,Low
36180,0.1357,Low
19128,0.1357,Low
34023,0.1357,Low
19849,0.1357,Low
36449,0.1357,Low
51272,0.1357,Low
36722,0.1357,Low
32481,0.1357,Low
19891,0.1357,Low
8362,0.1357,Low
12500,0.1357,Low
11070,0.1357,Low
29649,0.1357,Low
46448,0.1357,Low
15068,0.1357,Low
17070,0.1357,Low
26081,0.1356,Low
47955,0.1356,Low
42272,0.1356,Low
43630,0.1356,Low
20895,0.1356,Low
33804,0.1356,Low
46072,0.1356,Low
49731,0.1356,Low
36414,0.1356,Low
32873,0.1356,Low
12723,0.1356,Low
2103,0.1356,Low
38541,0.1356,Low
15049,0.1356,Low
23173,0.1356,Low
15895,0.1356,Low
39392,0.1356,Low
38055,0.1355,Low
27017,0.1355,Low
12628,0.1355,Low
31022,0.1355,Low
46193,0.1355,Low
11487,0.1355,Low
38160,0.1355,Low
47321,0.1355,Low
44558,0.1355,Low
44321,0.1355,Low
17723,0.1355,Low
19353,0.1355,Low
41768,0.1355,Low
51586,0.1355,Low
9384,0.1355,Low
42064,0.1355,Low
30979,0.1355,Low
42155,0.1355,Low
13611,0.1355,Low
12878,0.1355,Low
4172,0.1355,Low
1656,0.1355,Low
33271,0.1355,Low
44907,0.1354,Low
13396,0.1354,Low
47727,0.1354,Low
3872,0.1354,Low
42506,0.1354,Low
25592,0.1354,Low
42649,0.1354,Low
8841,0.1354,Low
42611,0.1354,Low
49800,0.1354,Low
40410,0.1354,Low
25103,0.1354,Low
18552,0.1354,Low
47880,0.1354,Low
48131,0.1354,Low
8810,0.1354,Low
50828,0.1354,Low
28167,0.1354,Low
46661,0.1354,Low
29728,0.1353,Low
47094,0.1353,Low
36019,0.1353,Low
29319,0.1353,Low
39742,0.1353,Low
28380,0.1353,Low
47876,0.1353,Low
19339,0.1353,Low
47193,0.1353,Low
33898,0.1353,Low
41992,0.1353,Low
7568,0.1353,Low
8440,0.1353,Low
27135,0.1353,Low
7197,0.1353,Low
6719,0.1353,Low
32840,0.1353,Low
29800,0.1353,Low
8771,0.1353,Low
16860,0.1352,Low
17038,0.1352,Low
83,0.1352,Low
46907,0.1352,Low
338,0.1352,Low
32249,0.1352,Low
8802,0.1352,Low
9368,0.1352,Low
38462,0.1352,Low
1879,0.1352,Low
18130,0.1352,Low
36926,0.1352,Low
39752,0.1352,Low
2504,0.1352,Low
21893,0.1352,Low
35910,0.1352,Low
19415,0.1352,Low
36470,0.1352,Low
17692,0.1352,Low
15705,0.1352,Low
9367,0.1352,Low
37172,0.1352,Low
13571,0.1352,Low
7658,0.1352,Low
4083,0.1352,Low
40535,0.1352,Low
26294,0.1351,Low
2072,0.1351,Low
33407,0.1351,Low
42481,0.1351,Low
18988,0.1351,Low
50483,0.1351,Low
12952,0.1351,Low
13048,0.1351,Low
28277,0.1351,Low
19296,0.1351,Low
17498,0.1351,Low
4878,0.1351,Low
20826,0.1351,Low
11561,0.1351,Low
14048,0.1351,Low
29619,0.1351,Low
16616,0.1351,Low
5274,0.1351,Low
5973,0.1351,Low
40823,0.1351,Low
49350,0.1351,Low
41958,0.1351,Low
35867,0.1351,Low
831,0.1351,Low
4282,0.1351,Low
47929,0.1351,Low
35016,0.135,Low
39506,0.135,Low
33301,0.135,Low
11806,0.135,Low
4689,0.135,Low
36210,0.135,Low
27217,0.135,Low
46443,0.135,Low
14567,0.135,Low
16395,0.135,Low
43784,0.135,Low
42014,0.135,Low
29969,0.135,Low
17916,0.135,Low
1360,0.135,Low
51473,0.135,Low
8749,0.135,Low
43273,0.135,Low
22534,0.135,Low
19425,0.135,Low
49809,0.135,Low
40355,0.135,Low
7956,0.135,Low
22741,0.135,Low
31094,0.135,Low
5736,0.135,Low
8157,0.135,Low
9809,0.1349,Low
51738,0.1349,Low
42905,0.1349,Low
35106,0.1349,Low
13979,0.1349,Low
27600,0.1349,Low
6485,0.1349,Low
21574,0.1349,Low
22934,0.1349,Low
50621,0.1349,Low
45826,0.1349,Low
4014,0.1349,Low
4013,0.1349,Low
560,0.1349,Low
45657,0.1349,Low
5235,0.1349,Low
33136,0.1349,Low
20193,0.1349,Low
22848,0.1349,Low
11664,0.1349,Low
51022,0.1349,Low
42502,0.1349,Low
11061,0.1349,Low
13315,0.1349,Low
51313,0.1348,Low
7993,0.1348,Low
44174,0.1348,Low
42497,0.1348,Low
11169,0.1348,Low
14705,0.1348,Low
46203,0.1348,Low
19478,0.1348,Low
42365,0.1348,Low
8935,0.1348,Low
27435,0.1348,Low
26749,0.1348,Low
9882,0.1348,Low
36018,0.1348,Low
5199,0.1348,Low
27927,0.1348,Low
5208,0.1348,Low
3890,0.1348,Low
21880,0.1348,Low
9485,0.1348,Low
33212,0.1348,Low
22295,0.1348,Low
3917,0.1348,Low
2866,0.1348,Low
26598,0.1347,Low
10373,0.1347,Low
38970,0.1347,Low
24273,0.1347,Low
1161,0.1347,Low
50082,0.1347,Low
4890,0.1347,Low
34523,0.1347,Low
20700,0.1347,Low
47600,0.1347,Low
21758,0.1347,Low
49510,0.1347,Low
6829,0.1347,Low
29427,0.1347,Low
20424,0.1347,Low
28990,0.1347,Low
39286,0.1347,Low
1732,0.1347,Low
8483,0.1347,Low
10412,0.1347,Low
43481,0.1347,Low
7614,0.1347,Low
29596,0.1347,Low
27629,0.1347,Low
33067,0.1347,Low
35102,0.1347,Low
37254,0.1347,Low
33977,0.1347,Low
3489,0.1346,Low
13235,0.1346,Low
41847,0.1346,Low
47303,0.1346,Low
28396,0.1346,Low
4435,0.1346,Low
29093,0.1346,Low
34868,0.1346,Low
36947,0.1346,Low
44909,0.1346,Low
30200,0.1346,Low
35509,0.1346,Low
21540,0.1346,Low
13292,0.1346,Low
50742,0.1346,Low
39459,0.1346,Low
20164,0.1346,Low
40550,0.1346,Low
41723,0.1346,Low
39419,0.1346,Low
21178,0.1346,Low
41653,0.1346,Low
16836,0.1346,Low
51915,0.1346,Low
1338,0.1346,Low
49111,0.1346,Low
46665,0.1346,Low
12505,0.1346,Low
11182,0.1346,Low
42619,0.1346,Low
20451,0.1345,Low
26085,0.1345,Low
36212,0.1345,Low
1546,0.1345,Low
27558,0.1345,Low
31133,0.1345,Low
40657,0.1345,Low
31597,0.1345,Low
33195,0.1345,Low
4058,0.1345,Low
17700,0.1345,Low
29735,0.1345,Low
17948,0.1345,Low
25386,0.1345,Low
25998,0.1345,Low
30652,0.1345,Low
3619,0.1345,Low
45876,0.1345,Low
38558,0.1345,Low
22656,0.1345,Low
26658,0.1345,Low
43373,0.1345,Low
5299,0.1345,Low
14976,0.1345,Low
48451,0.1345,Low
45131,0.1345,Low
39342,0.1345,Low
16180,0.1345,Low
5227,0.1344,Low
2446,0.1344,Low
23821,0.1344,Low
42712,0.1344,Low
49335,0.1344,Low
11369,0.1344,Low
20693,0.1344,Low
22434,0.1344,Low
24118,0.1344,Low
2951,0.1344,Low
13822,0.1344,Low
35142,0.1344,Low
21742,0.1344,Low
44049,0.1344,Low
14088,0.1344,Low
10338,0.1344,Low
38486,0.1344,Low
16587,0.1344,Low
47070,0.1344,Low
4131,0.1344,Low
38131,0.1344,Low
18689,0.1344,Low
41881,0.1344,Low
20106,0.1344,Low
37765,0.1344,Low
14503,0.1344,Low
20438,0.1344,Low
16535,0.1344,Low
22663,0.1343,Low
14274,0.1343,Low
4275,0.1343,Low
24838,0.1343,Low
50557,0.1343,Low
31980,0.1343,Low
26697,0.1343,Low
1849,0.1343,Low
39276,0.1343,Low
5415,0.1343,Low
18855,0.1343,Low
47106,0.1343,Low
16939,0.1343,Low
9747,0.1343,Low
50267,0.1343,Low
45981,0.1343,Low
27077,0.1343,Low
5595,0.1343,Low
31697,0.1343,Low
8986,0.1343,Low
49087,0.1343,Low
40269,0.1342,Low
35827,0.1342,Low
19331,0.1342,Low
1220,0.1342,Low
33202,0.1342,Low
16452,0.1342,Low
36295,0.1342,Low
41195,0.1342,Low
10903,0.1342,Low
24569,0.1342,Low
26502,0.1342,Low
20811,0.1342,Low
18198,0.1342,Low
39538,0.1342,Low
37929,0.1342,Low
37900,0.1342,Low
30385,0.1342,Low
4204,0.1342,Low
3158,0.1342,Low
31359,0.1342,Low
5823,0.1342,Low
27655,0.1342,Low
5558,0.1342,Low
17073,0.1341,Low
11781,0.1341,Low
39884,0.1341,Low
37283,0.1341,Low
36536,0.1341,Low
1754,0.1341,Low
1110,0.1341,Low
9237,0.1341,Low
30938,0.1341,Low
10626,0.1341,Low
19047,0.1341,Low
46593,0.1341,Low
17090,0.1341,Low
47077,0.1341,Low
6661,0.1341,Low
14960,0.1341,Low
4283,0.1341,Low
4243,0.1341,Low
49266,0.1341,Low
38666,0.1341,Low
49206,0.1341,Low
33967,0.1341,Low
16548,0.1341,Low
6988,0.1341,Low
9257,0.1341,Low
46939,0.134,Low
41486,0.134,Low
14947,0.134,Low
32342,0.134,Low
24134,0.134,Low
13776,0.134,Low
13166,0.134,Low
43776,0.134,Low
46687,0.134,Low
8529,0.134,Low
5563,0.134,Low
3664,0.134,Low
19002,0.134,Low
36141,0.134,Low
47926,0.134,Low
50886,0.134,Low
42907,0.134,Low
29015,0.134,Low
39180,0.134,Low
17950,0.134,Low
31760,0.134,Low
25414,0.134,Low
19279,0.134,Low
604,0.134,Low
4443,0.134,Low
10376,0.134,Low
27350,0.134,Low
24721,0.1339,Low
10753,0.1339,Low
30905,0.1339,Low
6768,0.1339,Low
10600,0.1339,Low
12886,0.1339,Low
27912,0.1339,Low
49484,0.1339,Low
19592,0.1339,Low
32258,0.1339,Low
48578,0.1339,Low
39991,0.1339,Low
21691,0.1339,Low
36386,0.1339,Low
11633,0.1339,Low
31335,0.1339,Low
42956,0.1339,Low
44301,0.1339,Low
39709,0.1339,Low
51363,0.1339,Low
27549,0.1339,Low
38140,0.1339,Low
1785,0.1338,Low
40449,0.1338,Low
43200,0.1338,Low
32548,0.1338,Low
40416,0.1338,Low
44221,0.1338,Low
25662,0.1338,Low
6311,0.1338,Low
48424,0.1338,Low
44963,0.1338,Low
17913,0.1338,Low
10747,0.1338,Low
821,0.1338,Low
38144,0.1338,Low
13941,0.1338,Low
25046,0.1338,Low
35230,0.1338,Low
23628,0.1338,Low
4245,0.1338,Low
30771,0.1338,Low
28237,0.1338,Low
3932,0.1338,Low
30915,0.1337,Low
41995,0.1337,Low
1513,0.1337,Low
8942,0.1337,Low
11467,0.1337,Low
11610,0.1337,Low
43818,0.1337,Low
18833,0.1337,Low
1236,0.1337,Low
31001,0.1337,Low
8664,0.1337,Low
24612,0.1337,Low
43964,0.1337,Low
3957,0.1337,Low
26408,0.1337,Low
30011,0.1337,Low
22519,0.1337,Low
43463,0.1336,Low
21773,0.1336,Low
15309,0.1336,Low
24584,0.1336,Low
4564,0.1336,Low
26034,0.1336,Low
39893,0.1336,Low
22334,0.1336,Low
41010,0.1336,Low
36101,0.1336,Low
41285,0.1336,Low
6562,0.1336,Low
48823,0.1336,Low
51124,0.1336,Low
48544,0.1336,Low
257,0.1336,Low
23776,0.1336,Low
13958,0.1336,Low
10316,0.1335,Low
24407,0.1335,Low
51496,0.1335,Low
37983,0.1335,Low
17306,0.1335,Low
8018,0.1335,Low
40201,0.1335,Low
22603,0.1335,Low
11212,0.1335,Low
34307,0.1335,Low
2988,0.1335,Low
21172,0.1335,Low
4685,0.1335,Low
47528,0.1335,Low
11090,0.1335,Low
16096,0.1335,Low
51555,0.1335,Low
49794,0.1335,Low
40726,0.1335,Low
10718,0.1335,Low
33332,0.1335,Low
17372,0.1335,Low
46186,0.1335,Low
27823,0.1335,Low
50693,0.1335,Low
5018,0.1335,Low
6463,0.1335,Low
17534,0.1335,Low
45623,0.1335,Low
48898,0.1335,Low
12487,0.1335,Low
23168,0.1335,Low
32872,0.1335,Low
36770,0.1335,Low
18213,0.1334,Low
25401,0.1334,Low
37851,0.1334,Low
32807,0.1334,Low
13885,0.1334,Low
31827,0.1334,Low
39690,0.1334,Low
13501,0.1334,Low
23376,0.1334,Low
36125,0.1334,Low
10309,0.1334,Low
15290,0.1334,Low
25795,0.1334,Low
15096,0.1334,Low
32408,0.1334,Low
10805,0.1334,Low
2124,0.1334,Low
5831,0.1334,Low
6931,0.1334,Low
30973,0.1334,Low
6971,0.1334,Low
48446,0.1334,Low
38288,0.1334,Low
46704,0.1334,Low
22991,0.1333,Low
10963,0.1333,Low
51040,0.1333,Low
14751,0.1333,Low
25954,0.1333,Low
17864,0.1333,Low
29788,0.1333,Low
18829,0.1333,Low
37719,0.1333,Low
48167,0.1333,Low
48219,0.1333,Low
19221,0.1333,Low
34355,0.1333,Low
38580,0.1333,Low
47324,0.1333,Low
14028,0.1333,Low
4359,0.1333,Low
36605,0.1333,Low
17940,0.1333,Low
48067,0.1333,Low
25974,0.1332,Low
39006,0.1332,Low
44604,0.1332,Low
30799,0.1332,Low
2862,0.1332,Low
39041,0.1332,Low
41766,0.1332,Low
36696,0.1332,Low
42132,0.1332,Low
11529,0.1332,Low
14007,0.1332,Low
33557,0.1332,Low
14882,0.1332,Low
49507,0.1332,Low
30840,0.1332,Low
16964,0.1332,Low
49220,0.1332,Low
12706,0.1332,Low
36646,0.1332,Low
13353,0.1332,Low
20394,0.1332,Low
15655,0.1332,Low
22573,0.1332,Low
19965,0.1332,Low
41559,0.1331,Low
42425,0.1331,Low
29463,0.1331,Low
44371,0.1331,Low
25016,0.1331,Low
21481,0.1331,Low
13130,0.1331,Low
6384,0.1331,Low
12852,0.1331,Low
37076,0.1331,Low
1128,0.1331,Low
20014,0.1331,Low
12554,0.1331,Low
42240,0.1331,Low
27096,0.1331,Low
10301,0.1331,Low
40260,0.1331,Low
32176,0.1331,Low
22764,0.1331,Low
38738,0.1331,Low
15393,0.1331,Low
23177,0.1331,Low
32970,0.1331,Low
13207,0.1331,Low
1388,0.1331,Low
23149,0.1331,Low
43515,0.133,Low
51088,0.133,Low
23764,0.133,Low
44422,0.133,Low
40590,0.133,Low
23637,0.133,Low
19530,0.133,Low
18325,0.133,Low
43566,0.133,Low
27587,0.133,Low
40877,0.133,Low
13222,0.133,Low
30048,0.133,Low
10596,0.133,Low
11569,0.133,Low
30452,0.133,Low
2157,0.133,Low
42964,0.133,Low
14985,0.133,Low
9287,0.133,Low
45822,0.133,Low
13987,0.133,Low
7055,0.133,Low
50422,0.133,Low
46375,0.133,Low
20724,0.1329,Low
13411,0.1329,Low
39308,0.1329,Low
28315,0.1329,Low
30708,0.1329,Low
49538,0.1329,Low
20036,0.1329,Low
8008,0.1329,Low
34970,0.1329,Low
40571,0.1329,Low
36745,0.1329,Low
35319,0.1329,Low
13744,0.1329,Low
2585,0.1329,Low
30435,0.1329,Low
24469,0.1329,Low
24587,0.1329,Low
20746,0.1329,Low
33827,0.1329,Low
21654,0.1329,Low
12314,0.1329,Low
43814,0.1329,Low
42811,0.1328,Low
42243,0.1328,Low
39437,0.1328,Low
48778,0.1328,Low
48595,0.1328,Low
28195,0.1328,Low
337,0.1328,Low
21003,0.1328,Low
910,0.1328,Low
37235,0.1328,Low
15185,0.1328,Low
3493,0.1328,Low
30244,0.1328,Low
40114,0.1328,Low
35599,0.1328,Low
14065,0.1328,Low
30038,0.1328,Low
21313,0.1328,Low
8669,0.1328,Low
26923,0.1328,Low
35422,0.1328,Low
9067,0.1328,Low
30226,0.1328,Low
25518,0.1328,Low
20660,0.1328,Low
40309,0.1328,Low
38371,0.1328,Low
37578,0.1328,Low
33914,0.1328,Low
13334,0.1328,Low
19011,0.1328,Low
50489,0.1327,Low
33689,0.1327,Low
19517,0.1327,Low
34296,0.1327,Low
34035,0.1327,Low
22336,0.1327,Low
51453,0.1327,Low
22414,0.1327,Low
45882,0.1327,Low
45661,0.1327,Low
1127,0.1327,Low
7464,0.1327,Low
11477,0.1327,Low
30800,0.1327,Low
42516,0.1327,Low
36271,0.1327,Low
23115,0.1327,Low
19922,0.1327,Low
22222,0.1326,Low
47428,0.1326,Low
22578,0.1326,Low
9426,0.1326,Low
13918,0.1326,Low
33450,0.1326,Low
34664,0.1326,Low
47659,0.1326,Low
46212,0.1326,Low
41381,0.1326,Low
20508,0.1326,Low
51694,0.1326,Low
9285,0.1326,Low
13546,0.1326,Low
31208,0.1326,Low
22267,0.1325,Low
41691,0.1325,Low
10732,0.1325,Low
6192,0.1325,Low
9641,0.1325,Low
9080,0.1325,Low
14862,0.1325,Low
15585,0.1325,Low
28909,0.1325,Low
32643,0.1325,Low
50946,0.1325,Low
44736,0.1325,Low
51290,0.1325,Low
47572,0.1325,Low
340,0.1325,Low
19593,0.1325,Low
33756,0.1325,Low
36912,0.1325,Low
46974,0.1325,Low
4657,0.1325,Low
41971,0.1325,Low
19313,0.1325,Low
27497,0.1325,Low
40902,0.1324,Low
32737,0.1324,Low
19883,0.1324,Low
50713,0.1324,Low
42339,0.1324,Low
48217,0.1324,Low
20727,0.1324,Low
49425,0.1324,Low
37674,0.1324,Low
30396,0.1324,Low
12285,0.1324,Low
2980,0.1324,Low
42341,0.1324,Low
7344,0.1324,Low
45428,0.1324,Low
28416,0.1324,Low
11682,0.1324,Low
25531,0.1324,Low
15276,0.1324,Low
8527,0.1324,Low
7402,0.1324,Low
27918,0.1324,Low
45045,0.1324,Low
22507,0.1324,Low
50021,0.1324,Low
16643,0.1323,Low
8147,0.1323,Low
30353,0.1323,Low
8759,0.1323,Low
51189,0.1323,Low
15259,0.1323,Low
30249,0.1323,Low
39967,0.1323,Low
10440,0.1323,Low
44468,0.1323,Low
18264,0.1323,Low
11895,0.1323,Low
13483,0.1323,Low
8940,0.1323,Low
50613,0.1323,Low
34479,0.1323,Low
46219,0.1323,Low
23755,0.1323,Low
3889,0.1323,Low
47370,0.1323,Low
35923,0.1323,Low
31537,0.1322,Low
561,0.1322,Low
43604,0.1322,Low
7783,0.1322,Low
13197,0.1322,Low
16185,0.1322,Low
46795,0.1322,Low
31726,0.1322,Low
32038,0.1322,Low
40020,0.1322,Low
25509,0.1322,Low
25976,0.1322,Low
18368,0.1322,Low
19744,0.1322,Low
20690,0.1322,Low
13492,0.1322,Low
32108,0.1322,Low
19714,0.1322,Low
28301,0.1322,Low
24530,0.1322,Low
20583,0.1322,Low
8989,0.1322,Low
43029,0.1322,Low
43737,0.1322,Low
44998,0.1321,Low
36543,0.1321,Low
40158,0.1321,Low
26925,0.1321,Low
19018,0.1321,Low
26956,0.1321,Low
18776,0.1321,Low
19689,0.1321,Low
21757,0.1321,Low
8826,0.1321,Low
3848,0.1321,Low
32884,0.1321,Low
12770,0.1321,Low
5793,0.1321,Low
14467,0.1321,Low
41897,0.1321,Low
1564,0.1321,Low
50625,0.1321,Low
19597,0.1321,Low
34603,0.1321,Low
22657,0.132,Low
6942,0.132,Low
4735,0.132,Low
32841,0.132,Low
5579,0.132,Low
48753,0.132,Low
46215,0.132,Low
26911,0.132,Low
41161,0.132,Low
47535,0.132,Low
10121,0.132,Low
41052,0.132,Low
3444,0.132,Low
41144,0.132,Low
41038,0.132,Low
41833,0.132,Low
1056,0.132,Low
36925,0.132,Low
23156,0.132,Low
7609,0.132,Low
3831,0.132,Low
9305,0.132,Low
27389,0.132,Low
15427,0.132,Low
40138,0.132,Low
38902,0.132,Low
16851,0.132,Low
11882,0.132,Low
40018,0.132,Low
43933,0.132,Low
26640,0.132,Low
13395,0.1319,Low
45659,0.1319,Low
26122,0.1319,Low
17695,0.1319,Low
42879,0.1319,Low
17076,0.1319,Low
39694,0.1319,Low
39577,0.1319,Low
41890,0.1319,Low
25499,0.1319,Low
1841,0.1319,Low
14970,0.1319,Low
3935,0.1319,Low
23393,0.1319,Low
29578,0.1319,Low
33928,0.1319,Low
19019,0.1319,Low
46698,0.1319,Low
6638,0.1319,Low
30115,0.1319,Low
236,0.1319,Low
46936,0.1319,Low
32790,0.1319,Low
5306,0.1319,Low
26055,0.1318,Low
21871,0.1318,Low
15059,0.1318,Low
32430,0.1318,Low
25931,0.1318,Low
45575,0.1318,Low
11211,0.1318,Low
5452,0.1318,Low
34832,0.1318,Low
21072,0.1318,Low
14239,0.1318,Low
25813,0.1318,Low
33915,0.1318,Low
30567,0.1318,Low
50569,0.1318,Low
23948,0.1318,Low
16623,0.1318,Low
31907,0.1318,Low
34018,0.1318,Low
11808,0.1318,Low
10832,0.1318,Low
28365,0.1318,Low
8049,0.1318,Low
43941,0.1318,Low
16410,0.1318,Low
20759,0.1317,Low
10438,0.1317,Low
35136,0.1317,Low
42184,0.1317,Low
42275,0.1317,Low
49163,0.1317,Low
1760,0.1317,Low
10576,0.1317,Low
36190,0.1317,Low
34512,0.1317,Low
45201,0.1317,Low
5584,0.1317,Low
47724,0.1317,Low
17774,0.1317,Low
761,0.1317,Low
13700,0.1317,Low
15892,0.1317,Low
8634,0.1317,Low
38169,0.1317,Low
5791,0.1316,Low
41728,0.1316,Low
45266,0.1316,Low
9375,0.1316,Low
11007,0.1316,Low
46416,0.1316,Low
24231,0.1316,Low
26073,0.1316,Low
21957,0.1316,Low
41542,0.1316,Low
34241,0.1316,Low
49746,0.1316,Low
43506,0.1316,Low
23414,0.1316,Low
44360,0.1316,Low
33197,0.1316,Low
15248,0.1316,Low
48135,0.1316,Low
48147,0.1316,Low
23538,0.1316,Low
5132,0.1315,Low
42458,0.1315,Low
39253,0.1315,Low
46858,0.1315,Low
5640,0.1315,Low
19682,0.1315,Low
32067,0.1315,Low
16470,0.1315,Low
14542,0.1315,Low
39568,0.1315,Low
14267,0.1315,Low
32105,0.1315,Low
39401,0.1315,Low
16899,0.1315,Low
24701,0.1315,Low
29786,0.1315,Low
42967,0.1315,Low
34895,0.1315,Low
13907,0.1315,Low
12430,0.1315,Low
45927,0.1315,Low
11923,0.1315,Low
40144,0.1315,Low
17728,0.1315,Low
5983,0.1315,Low
40768,0.1314,Low
26977,0.1314,Low
3897,0.1314,Low
5625,0.1314,Low
11594,0.1314,Low
16251,0.1314,Low
1936,0.1314,Low
32336,0.1314,Low
9010,0.1314,Low
16424,0.1314,Low
18078,0.1314,Low
17635,0.1314,Low
44458,0.1314,Low
42843,0.1314,Low
46548,0.1314,Low
22834,0.1314,Low
13102,0.1314,Low
44175,0.1314,Low
40469,0.1314,Low
32968,0.1313,Low
20242,0.1313,Low
25322,0.1313,Low
8355,0.1313,Low
15724,0.1313,Low
39733,0.1313,Low
25219,0.1313,Low
6135,0.1313,Low
6981,0.1313,Low
19563,0.1313,Low
38045,0.1313,Low
41202,0.1313,Low
34032,0.1313,Low
48220,0.1313,Low
6402,0.1313,Low
15126,0.1313,Low
36205,0.1313,Low
13470,0.1313,Low
48226,0.1313,Low
26817,0.1313,Low
3447,0.1313,Low
46169,0.1313,Low
12755,0.1313,Low
31566,0.1313,Low
42376,0.1313,Low
2785,0.1313,Low
44581,0.1313,Low
21055,0.1313,Low
4874,0.1313,Low
9936,0.1312,Low
7784,0.1312,Low
2747,0.1312,Low
41993,0.1312,Low
31806,0.1312,Low
48023,0.1312,Low
40583,0.1312,Low
11862,0.1312,Low
16272,0.1312,Low
28512,0.1312,Low
50751,0.1312,Low
2982,0.1312,Low
46007,0.1312,Low
10041,0.1312,Low
13023,0.1312,Low
50470,0.1312,Low
9438,0.1312,Low
33755,0.1312,Low
34341,0.1312,Low
19870,0.1312,Low
41167,0.1312,Low
48788,0.1312,Low
30530,0.1312,Low
7091,0.1312,Low
42764,0.1312,Low
14291,0.1312,Low
3577,0.1312,Low
32381,0.1312,Low
9570,0.1312,Low
17587,0.1311,Low
17789,0.1311,Low
35124,0.1311,Low
39060,0.1311,Low
29136,0.1311,Low
38569,0.1311,Low
24549,0.1311,Low
45562,0.1311,Low
40128,0.1311,Low
31255,0.1311,Low
51065,0.1311,Low
38542,0.1311,Low
1766,0.1311,Low
49334,0.1311,Low
11831,0.1311,Low
31866,0.1311,Low
23476,0.1311,Low
50980,0.1311,Low
3906,0.1311,Low
15860,0.1311,Low
35797,0.1311,Low
17899,0.1311,Low
19493,0.1311,Low
32397,0.1311,Low
21784,0.1311,Low
14727,0.1311,Low
2722,0.1311,Low
9351,0.1311,Low
42313,0.1311,Low
20218,0.1311,Low
2432,0.1311,Low
558,0.1311,Low
41846,0.1311,Low
50761,0.1311,Low
22139,0.131,Low
34758,0.131,Low
16205,0.131,Low
41807,0.131,Low
33869,0.131,Low
7418,0.131,Low
8705,0.131,Low
47474,0.131,Low
43474,0.131,Low
38579,0.131,Low
38863,0.131,Low
27309,0.131,Low
28064,0.131,Low
5626,0.131,Low
24713,0.131,Low
25959,0.1309,Low
8725,0.1309,Low
29898,0.1309,Low
588,0.1309,Low
45478,0.1309,Low
35745,0.1309,Low
31677,0.1309,Low
4504,0.1309,Low
10639,0.1309,Low
25136,0.1309,Low
15527,0.1309,Low
1795,0.1309,Low
11220,0.1309,Low
1592,0.1309,Low
27925,0.1309,Low
17673,0.1309,Low
23579,0.1309,Low
19657,0.1309,Low
42008,0.1309,Low
40445,0.1309,Low
29082,0.1309,Low
16503,0.1309,Low
39368,0.1309,Low
45434,0.1309,Low
11512,0.1309,Low
30343,0.1309,Low
27566,0.1308,Low
11952,0.1308,Low
2043,0.1308,Low
17573,0.1308,Low
34432,0.1308,Low
35798,0.1308,Low
44921,0.1308,Low
4945,0.1308,Low
6351,0.1308,Low
39711,0.1308,Low
43355,0.1308,Low
18710,0.1308,Low
22304,0.1308,Low
44333,0.1308,Low
51778,0.1308,Low
26893,0.1308,Low
18786,0.1308,Low
25786,0.1308,Low
33741,0.1308,Low
34491,0.1308,Low
32834,0.1308,Low
8462,0.1308,Low
44052,0.1308,Low
46077,0.1308,Low
10486,0.1307,Low
16177,0.1307,Low
35821,0.1307,Low
37975,0.1307,Low
48150,0.1307,Low
19783,0.1307,Low
7642,0.1307,Low
5695,0.1307,Low
6160,0.1307,Low
26856,0.1307,Low
33128,0.1307,Low
1420,0.1307,Low
5618,0.1307,Low
32746,0.1307,Low
40878,0.1307,Low
31262,0.1307,Low
42741,0.1307,Low
42733,0.1307,Low
20817,0.1307,Low
33320,0.1307,Low
13147,0.1307,Low
21872,0.1307,Low
39684,0.1307,Low
48129,0.1307,Low
51138,0.1307,Low
5280,0.1307,Low
38078,0.1307,Low
22935,0.1307,Low
27118,0.1307,Low
33499,0.1307,Low
23196,0.1307,Low
10663,0.1306,Low
37273,0.1306,Low
34822,0.1306,Low
28072,0.1306,Low
23606,0.1306,Low
25966,0.1306,Low
20408,0.1306,Low
47317,0.1306,Low
36206,0.1306,Low
8177,0.1306,Low
3595,0.1306,Low
50838,0.1306,Low
51871,0.1306,Low
1638,0.1306,Low
34550,0.1306,Low
42186,0.1306,Low
13556,0.1306,Low
47320,0.1306,Low
45461,0.1306,Low
1511,0.1306,Low
25952,0.1305,Low
34511,0.1305,Low
17525,0.1305,Low
34812,0.1305,Low
46410,0.1305,Low
43119,0.1305,Low
22732,0.1305,Low
2235,0.1305,Low
39134,0.1305,Low
17219,0.1305,Low
38933,0.1305,Low
12425,0.1305,Low
44471,0.1305,Low
23599,0.1305,Low
25111,0.1305,Low
3791,0.1305,Low
4513,0.1305,Low
5448,0.1305,Low
12951,0.1305,Low
36392,0.1305,Low
48860,0.1305,Low
25392,0.1305,Low
51126,0.1304,Low
28606,0.1304,Low
9185,0.1304,Low
11355,0.1304,Low
31462,0.1304,Low
17840,0.1304,Low
19996,0.1304,Low
44363,0.1304,Low
28372,0.1304,Low
12527,0.1304,Low
26044,0.1304,Low
5184,0.1304,Low
34394,0.1304,Low
16500,0.1304,Low
1690,0.1304,Low
41271,0.1304,Low
9423,0.1304,Low
9448,0.1304,Low
26448,0.1304,Low
26414,0.1304,Low
11460,0.1304,Low
4896,0.1304,Low
45997,0.1304,Low
44335,0.1303,Low
13573,0.1303,Low
34846,0.1303,Low
46418,0.1303,Low
4364,0.1303,Low
5102,0.1303,Low
51499,0.1303,Low
44829,0.1303,Low
14926,0.1303,Low
14934,0.1303,Low
3818,0.1303,Low
14226,0.1303,Low
24078,0.1303,Low
24781,0.1303,Low
21908,0.1303,Low
49047,0.1303,Low
50634,0.1303,Low
43088,0.1303,Low
40034,0.1303,Low
48224,0.1303,Low
42172,0.1303,Low
10495,0.1303,Low
10457,0.1302,Low
38102,0.1302,Low
46825,0.1302,Low
779,0.1302,Low
19191,0.1302,Low
13719,0.1302,Low
44213,0.1302,Low
1107,0.1302,Low
15953,0.1302,Low
13954,0.1302,Low
9596,0.1302,Low
36810,0.1302,Low
35380,0.1302,Low
16153,0.1302,Low
49472,0.1302,Low
29020,0.1302,Low
40266,0.1302,Low
16972,0.1302,Low
28785,0.1302,Low
7450,0.1302,Low
16811,0.1302,Low
19054,0.1302,Low
32433,0.1302,Low
44107,0.1302,Low
23473,0.1301,Low
50204,0.1301,Low
25146,0.1301,Low
45217,0.1301,Low
13725,0.1301,Low
18573,0.1301,Low
31120,0.1301,Low
33418,0.1301,Low
49236,0.1301,Low
47024,0.1301,Low
21420,0.1301,Low
43760,0.1301,Low
29885,0.1301,Low
29007,0.1301,Low
9942,0.1301,Low
29725,0.1301,Low
24319,0.1301,Low
35460,0.1301,Low
18727,0.1301,Low
5570,0.1301,Low
35734,0.1301,Low
14199,0.1301,Low
13682,0.1301,Low
7267,0.1301,Low
5150,0.1301,Low
77,0.1301,Low
38939,0.1301,Low
7369,0.1301,Low
15543,0.13,Low
31451,0.13,Low
44395,0.13,Low
23556,0.13,Low
14622,0.13,Low
45470,0.13,Low
49981,0.13,Low
33682,0.13,Low
11431,0.13,Low
21613,0.13,Low
43218,0.13,Low
23021,0.13,Low
34707,0.13,Low
40179,0.13,Low
25141,0.13,Low
21106,0.13,Low
35484,0.13,Low
4777,0.13,Low
40464,0.13,Low
48721,0.13,Low
46108,0.13,Low
4273,0.13,Low
50432,0.13,Low
48101,0.13,Low
35238,0.1299,Low
35004,0.1299,Low
28295,0.1299,Low
20087,0.1299,Low
30178,0.1299,Low
26138,0.1299,Low
43077,0.1299,Low
7902,0.1299,Low
22474,0.1299,Low
25190,0.1299,Low
41721,0.1299,Low
50461,0.1299,Low
22067,0.1299,Low
40189,0.1299,Low
41394,0.1299,Low
17983,0.1299,Low
32638,0.1299,Low
47618,0.1299,Low
12914,0.1299,Low
2284,0.1299,Low
30852,0.1299,Low
27517,0.1299,Low
345,0.1299,Low
23878,0.1298,Low
13164,0.1298,Low
33841,0.1298,Low
37013,0.1298,Low
31642,0.1298,Low
390,0.1298,Low
31793,0.1298,Low
20705,0.1298,Low
30942,0.1298,Low
13726,0.1298,Low
27424,0.1298,Low
31107,0.1298,Low
6833,0.1298,Low
6413,0.1298,Low
27410,0.1298,Low
5095,0.1298,Low
33563,0.1298,Low
12449,0.1298,Low
5440,0.1298,Low
44022,0.1298,Low
40899,0.1298,Low
23315,0.1298,Low
11720,0.1298,Low
29683,0.1298,Low
30714,0.1298,Low
21979,0.1298,Low
35812,0.1298,Low
28516,0.1298,Low
6370,0.1298,Low
17282,0.1298,Low
42206,0.1298,Low
7013,0.1297,Low
4618,0.1297,Low
40101,0.1297,Low
38416,0.1297,Low
26046,0.1297,Low
13508,0.1297,Low
44282,0.1297,Low
25338,0.1297,Low
32297,0.1297,Low
43446,0.1297,Low
47762,0.1297,Low
4028,0.1297,Low
17015,0.1297,Low
37116,0.1297,Low
51394,0.1297,Low
27703,0.1297,Low
32853,0.1297,Low
10704,0.1297,Low
23120,0.1297,Low
13066,0.1297,Low
11581,0.1297,Low
11250,0.1297,Low
12926,0.1297,Low
41950,0.1297,Low
51579,0.1297,Low
30794,0.1297,Low
47358,0.1296,Low
18407,0.1296,Low
50290,0.1296,Low
23530,0.1296,Low
5797,0.1296,Low
39184,0.1296,Low
3336,0.1296,Low
13869,0.1296,Low
7161,0.1296,Low
40829,0.1296,Low
29428,0.1296,Low
49123,0.1296,Low
4169,0.1296,Low
45534,0.1296,Low
41470,0.1296,Low
7098,0.1296,Low
46454,0.1296,Low
5929,0.1296,Low
43765,0.1296,Low
12440,0.1296,Low
11873,0.1296,Low
33731,0.1296,Low
43756,0.1295,Low
18712,0.1295,Low
49017,0.1295,Low
13201,0.1295,Low
37022,0.1295,Low
27942,0.1295,Low
43136,0.1295,Low
28151,0.1295,Low
24732,0.1295,Low
51986,0.1295,Low
44203,0.1295,Low
14269,0.1295,Low
50584,0.1295,Low
40103,0.1295,Low
3320,0.1295,Low
1450,0.1295,Low
23303,0.1295,Low
42948,0.1295,Low
12397,0.1295,Low
38918,0.1295,Low
3888,0.1295,Low
7312,0.1295,Low
19712,0.1294,Low
38514,0.1294,Low
9900,0.1294,Low
2849,0.1294,Low
26899,0.1294,Low
40118,0.1294,Low
21124,0.1294,Low
32225,0.1294,Low
14700,0.1294,Low
47560,0.1294,Low
6512,0.1294,Low
47997,0.1294,Low
7518,0.1294,Low
16833,0.1294,Low
46396,0.1294,Low
22075,0.1294,Low
41258,0.1294,Low
8006,0.1294,Low
9938,0.1294,Low
5742,0.1294,Low
31722,0.1294,Low
50959,0.1294,Low
27099,0.1293,Low
18042,0.1293,Low
49914,0.1293,Low
1562,0.1293,Low
46905,0.1293,Low
25967,0.1293,Low
33135,0.1293,Low
42408,0.1293,Low
27560,0.1293,Low
48893,0.1293,Low
37707,0.1293,Low
20322,0.1293,Low
188,0.1293,Low
1621,0.1293,Low
35889,0.1293,Low
23302,0.1293,Low
51983,0.1293,Low
39289,0.1293,Low
22968,0.1292,Low
6099,0.1292,Low
17613,0.1292,Low
37995,0.1292,Low
44441,0.1292,Low
2834,0.1292,Low
39796,0.1292,Low
14587,0.1292,Low
29216,0.1292,Low
15771,0.1292,Low
21444,0.1292,Low
34205,0.1292,Low
3809,0.1292,Low
22345,0.1292,Low
890,0.1292,Low
22532,0.1292,Low
19748,0.1292,Low
51594,0.1292,Low
9815,0.1292,Low
23981,0.1292,Low
12344,0.1292,Low
19152,0.1292,Low
11785,0.1292,Low
3710,0.1292,Low
9355,0.1291,Low
19902,0.1291,Low
28366,0.1291,Low
33949,0.1291,Low
6052,0.1291,Low
8438,0.1291,Low
13432,0.1291,Low
4419,0.1291,Low
40756,0.1291,Low
3205,0.1291,Low
44262,0.1291,Low
11392,0.1291,Low
49466,0.1291,Low
49478,0.1291,Low
303,0.129,Low
45189,0.129,Low
6365,0.129,Low
34274,0.129,Low
17068,0.129,Low
18329,0.129,Low
11956,0.129,Low
17564,0.129,Low
49165,0.129,Low
31728,0.129,Low
14285,0.129,Low
15596,0.129,Low
43869,0.129,Low
33555,0.129,Low
51947,0.129,Low
11604,0.129,Low
5470,0.129,Low
10237,0.129,Low
21769,0.129,Low
14488,0.129,Low
5074,0.129,Low
27528,0.1289,Low
26068,0.1289,Low
1961,0.1289,Low
891,0.1289,Low
18071,0.1289,Low
17843,0.1289,Low
21102,0.1289,Low
7058,0.1289,Low
11731,0.1289,Low
22877,0.1289,Low
50319,0.1289,Low
9298,0.1289,Low
30302,0.1289,Low
47461,0.1289,Low
36568,0.1289,Low
9550,0.1289,Low
17354,0.1289,Low
19089,0.1289,Low
41740,0.1289,Low
50159,0.1289,Low
9658,0.1288,Low
14468,0.1288,Low
33873,0.1288,Low
19406,0.1288,Low
46951,0.1288,Low
34237,0.1288,Low
45413,0.1288,Low
8781,0.1288,Low
2396,0.1288,Low
42972,0.1288,Low
37428,0.1288,Low
7871,0.1288,Low
41462,0.1288,Low
32806,0.1288,Low
11906,0.1288,Low
42251,0.1288,Low
2506,0.1288,Low
8143,0.1288,Low
35815,0.1288,Low
17793,0.1288,Low
41331,0.1288,Low
35246,0.1288,Low
12260,0.1288,Low
47492,0.1288,Low
27164,0.1288,Low
1175,0.1288,Low
42400,0.1287,Low
44463,0.1287,Low
29883,0.1287,Low
9394,0.1287,Low
25889,0.1287,Low
16940,0.1287,Low
29923,0.1287,Low
18911,0.1287,Low
21206,0.1287,Low
47205,0.1287,Low
48063,0.1287,Low
23518,0.1287,Low
6762,0.1287,Low
36435,0.1287,Low
43324,0.1287,Low
11390,0.1287,Low
19036,0.1287,Low
26652,0.1286,Low
34094,0.1286,Low
20565,0.1286,Low
13923,0.1286,Low
14519,0.1286,Low
16611,0.1286,Low
4247,0.1286,Low
15136,0.1286,Low
42567,0.1286,Low
17952,0.1286,Low
36691,0.1286,Low
7291,0.1286,Low
50095,0.1286,Low
10310,0.1286,Low
49557,0.1286,Low
51646,0.1286,Low
29462,0.1286,Low
26191,0.1286,Low
39420,0.1285,Low
39249,0.1285,Low
25112,0.1285,Low
49103,0.1285,Low
42205,0.1285,Low
46806,0.1285,Low
46849,0.1285,Low
30870,0.1285,Low
17409,0.1285,Low
23958,0.1285,Low
1098,0.1285,Low
22329,0.1285,Low
1171,0.1285,Low
7954,0.1285,Low
1177,0.1285,Low
22236,0.1285,Low
12469,0.1285,Low
43423,0.1285,Low
33264,0.1285,Low
42763,0.1285,Low
29019,0.1285,Low
50220,0.1285,Low
20725,0.1285,Low
35673,0.1285,Low
13916,0.1285,Low
36147,0.1285,Low
43709,0.1285,Low
46185,0.1285,Low
31063,0.1285,Low
30432,0.1284,Low
33480,0.1284,Low
29759,0.1284,Low
12293,0.1284,Low
8739,0.1284,Low
44562,0.1284,Low
51639,0.1284,Low
17478,0.1284,Low
46115,0.1284,Low
43655,0.1284,Low
31395,0.1284,Low
22207,0.1284,Low
19895,0.1284,Low
38513,0.1284,Low
14212,0.1284,Low
30301,0.1284,Low
12861,0.1284,Low
9898,0.1284,Low
14019,0.1284,Low
35192,0.1284,Low
8129,0.1284,Low
47116,0.1284,Low
14846,0.1284,Low
15859,0.1284,Low
5070,0.1284,Low
33532,0.1284,Low
49537,0.1284,Low
29743,0.1283,Low
48492,0.1283,Low
5212,0.1283,Low
46013,0.1283,Low
42746,0.1283,Low
9413,0.1283,Low
43025,0.1283,Low
28810,0.1283,Low
24198,0.1283,Low
8884,0.1283,Low
18949,0.1283,Low
39063,0.1283,Low
27673,0.1283,Low
14448,0.1283,Low
582,0.1283,Low
38052,0.1283,Low
22691,0.1283,Low
51784,0.1283,Low
26221,0.1283,Low
46470,0.1283,Low
28123,0.1283,Low
23819,0.1283,Low
12665,0.1283,Low
7588,0.1283,Low
16494,0.1283,Low
19585,0.1283,Low
34024,0.1283,Low
24711,0.1283,Low
46829,0.1283,Low
48817,0.1283,Low
51309,0.1283,Low
51607,0.1283,Low
6904,0.1283,Low
46903,0.1282,Low
12839,0.1282,Low
47267,0.1282,Low
35034,0.1282,Low
42311,0.1282,Low
36261,0.1282,Low
45866,0.1282,Low
50379,0.1282,Low
33997,0.1282,Low
19438,0.1282,Low
41640,0.1282,Low
25598,0.1282,Low
5255,0.1282,Low
24384,0.1282,Low
7698,0.1282,Low
13755,0.1282,Low
259,0.1281,Low
25643,0.1281,Low
37055,0.1281,Low
25753,0.1281,Low
17206,0.1281,Low
38375,0.1281,Low
36841,0.1281,Low
47453,0.1281,Low
17676,0.1281,Low
26664,0.1281,Low
14691,0.1281,Low
19001,0.1281,Low
35869,0.1281,Low
21702,0.1281,Low
47133,0.1281,Low
47881,0.1281,Low
6379,0.1281,Low
40616,0.1281,Low
51788,0.1281,Low
30037,0.1281,Low
37728,0.1281,Low
31551,0.1281,Low
27695,0.1281,Low
31987,0.1281,Low
31975,0.1281,Low
16302,0.1281,Low
2499,0.1281,Low
11959,0.128,Low
45926,0.128,Low
41369,0.128,Low
2083,0.128,Low
31523,0.128,Low
24444,0.128,Low
25696,0.128,Low
5809,0.128,Low
49875,0.128,Low
25385,0.128,Low
5993,0.128,Low
47305,0.128,Low
6523,0.128,Low
35059,0.128,Low
13484,0.128,Low
46208,0.128,Low
27591,0.128,Low
41750,0.1279,Low
10921,0.1279,Low
47622,0.1279,Low
39896,0.1279,Low
1641,0.1279,Low
4529,0.1279,Low
42675,0.1279,Low
23357,0.1279,Low
11482,0.1279,Low
26939,0.1279,Low
14273,0.1279,Low
49348,0.1279,Low
2765,0.1279,Low
45650,0.1279,Low
20012,0.1279,Low
14046,0.1279,Low
2279,0.1279,Low
46882,0.1279,Low
515,0.1279,Low
46710,0.1279,Low
10551,0.1279,Low
16493,0.1279,Low
42392,0.1279,Low
14338,0.1279,Low
11849,0.1279,Low
36956,0.1279,Low
43725,0.1279,Low
44634,0.1278,Low
12311,0.1278,Low
27060,0.1278,Low
26335,0.1278,Low
45193,0.1278,Low
11675,0.1278,Low
14827,0.1278,Low
40090,0.1278,Low
1701,0.1278,Low
22356,0.1278,Low
4143,0.1278,Low
19396,0.1278,Low
17195,0.1278,Low
44681,0.1278,Low
2156,0.1278,Low
3974,0.1278,Low
947,0.1278,Low
39894,0.1277,Low
23252,0.1277,Low
9843,0.1277,Low
30417,0.1277,Low
21346,0.1277,Low
36913,0.1277,Low
42707,0.1277,Low
15962,0.1277,Low
46411,0.1277,Low
14073,0.1277,Low
49597,0.1277,Low
4201,0.1277,Low
34566,0.1277,Low
23086,0.1277,Low
30841,0.1277,Low
45038,0.1277,Low
34974,0.1277,Low
30205,0.1277,Low
36891,0.1277,Low
38227,0.1277,Low
12787,0.1277,Low
1528,0.1277,Low
7502,0.1277,Low
18929,0.1276,Low
43971,0.1276,Low
18091,0.1276,Low
18069,0.1276,Low
28946,0.1276,Low
19220,0.1276,Low
25613,0.1276,Low
23020,0.1276,Low
15971,0.1276,Low
25620,0.1276,Low
45642,0.1276,Low
45930,0.1276,Low
16043,0.1276,Low
9154,0.1276,Low
11888,0.1276,Low
31623,0.1276,Low
15434,0.1276,Low
8347,0.1276,Low
28102,0.1276,Low
20425,0.1276,Low
10857,0.1276,Low
18281,0.1276,Low
37867,0.1276,Low
21294,0.1276,Low
33704,0.1276,Low
51799,0.1276,Low
33694,0.1276,Low
26618,0.1276,Low
16400,0.1275,Low
8296,0.1275,Low
47354,0.1275,Low
3807,0.1275,Low
24944,0.1275,Low
45737,0.1275,Low
50657,0.1275,Low
14502,0.1275,Low
9514,0.1275,Low
46151,0.1275,Low
26976,0.1275,Low
28360,0.1275,Low
48115,0.1275,Low
24196,0.1275,Low
36933,0.1275,Low
585,0.1275,Low
37662,0.1275,Low
18175,0.1275,Low
19737,0.1275,Low
34167,0.1275,Low
9546,0.1275,Low
40872,0.1275,Low
20067,0.1275,Low
19620,0.1275,Low
11887,0.1274,Low
39606,0.1274,Low
22213,0.1274,Low
4991,0.1274,Low
45772,0.1274,Low
10744,0.1274,Low
25368,0.1274,Low
6730,0.1274,Low
4064,0.1274,Low
48621,0.1274,Low
10280,0.1274,Low
28410,0.1274,Low
42044,0.1274,Low
41400,0.1274,Low
356,0.1274,Low
47247,0.1274,Low
35849,0.1274,Low
17646,0.1274,Low
29426,0.1274,Low
34088,0.1274,Low
43684,0.1274,Low
37165,0.1274,Low
5397,0.1274,Low
25408,0.1274,Low
26851,0.1274,Low
13786,0.1274,Low
28853,0.1273,Low
35343,0.1273,Low
49672,0.1273,Low
47389,0.1273,Low
32227,0.1273,Low
2314,0.1273,Low
11792,0.1273,Low
43381,0.1273,Low
11361,0.1273,Low
35339,0.1273,Low
21553,0.1273,Low
35826,0.1273,Low
26647,0.1273,Low
11709,0.1273,Low
48678,0.1273,Low
31725,0.1273,Low
47103,0.1273,Low
25526,0.1273,Low
4931,0.1273,Low
10100,0.1273,Low
25639,0.1273,Low
18267,0.1273,Low
4476,0.1273,Low
26026,0.1273,Low
34127,0.1273,Low
10993,0.1273,Low
22259,0.1273,Low
29924,0.1273,Low
31219,0.1273,Low
39360,0.1273,Low
4453,0.1272,Low
2573,0.1272,Low
11099,0.1272,Low
16644,0.1272,Low
11279,0.1272,Low
42274,0.1272,Low
50673,0.1272,Low
33253,0.1272,Low
3673,0.1272,Low
26656,0.1272,Low
18225,0.1272,Low
12941,0.1272,Low
30764,0.1272,Low
9025,0.1272,Low
39005,0.1272,Low
28752,0.1272,Low
20819,0.1272,Low
45042,0.1272,Low
48398,0.1272,Low
50843,0.1272,Low
19376,0.1272,Low
30040,0.1271,Low
42802,0.1271,Low
45739,0.1271,Low
49853,0.1271,Low
19349,0.1271,Low
40526,0.1271,Low
9518,0.1271,Low
24420,0.1271,Low
39661,0.1271,Low
31123,0.1271,Low
10472,0.1271,Low
49434,0.1271,Low
9103,0.1271,Low
26989,0.1271,Low
21158,0.1271,Low
1143,0.1271,Low
710,0.1271,Low
17210,0.1271,Low
7624,0.1271,Low
2253,0.1271,Low
1791,0.1271,Low
16396,0.1271,Low
40646,0.1271,Low
505,0.1271,Low
29587,0.1271,Low
1950,0.1271,Low
40762,0.127,Low
14491,0.127,Low
7084,0.127,Low
34660,0.127,Low
39208,0.127,Low
1431,0.127,Low
38306,0.127,Low
12010,0.127,Low
21502,0.127,Low
48912,0.127,Low
32817,0.127,Low
34850,0.127,Low
40391,0.127,Low
5407,0.127,Low
4515,0.127,Low
45276,0.127,Low
14474,0.127,Low
43499,0.127,Low
19587,0.127,Low
9040,0.127,Low
7837,0.127,Low
35441,0.127,Low
11371,0.127,Low
50110,0.1269,Low
18861,0.1269,Low
1850,0.1269,Low
24629,0.1269,Low
44235,0.1269,Low
12224,0.1269,Low
22510,0.1269,Low
41844,0.1269,Low
13486,0.1269,Low
22679,0.1269,Low
9509,0.1269,Low
32795,0.1269,Low
3689,0.1269,Low
45392,0.1269,Low
43635,0.1269,Low
19472,0.1269,Low
51037,0.1269,Low
33897,0.1269,Low
51442,0.1269,Low
233,0.1269,Low
5704,0.1269,Low
33561,0.1269,Low
43545,0.1269,Low
46267,0.1268,Low
40028,0.1268,Low
8230,0.1268,Low
32391,0.1268,Low
11403,0.1268,Low
12981,0.1268,Low
46271,0.1268,Low
25677,0.1268,Low
38611,0.1268,Low
43650,0.1268,Low
42293,0.1268,Low
45209,0.1268,Low
19124,0.1268,Low
9880,0.1268,Low
32037,0.1268,Low
10088,0.1268,Low
41794,0.1268,Low
50803,0.1268,Low
30260,0.1268,Low
5689,0.1268,Low
23187,0.1268,Low
30880,0.1268,Low
43199,0.1268,Low
47898,0.1268,Low
14128,0.1268,Low
27363,0.1268,Low
40654,0.1267,Low
41353,0.1267,Low
35335,0.1267,Low
14802,0.1267,Low
6539,0.1267,Low
35563,0.1267,Low
43823,0.1267,Low
16562,0.1267,Low
16036,0.1267,Low
997,0.1267,Low
20924,0.1267,Low
6045,0.1267,Low
25218,0.1267,Low
20734,0.1267,Low
11652,0.1267,Low
12265,0.1267,Low
32303,0.1267,Low
49352,0.1267,Low
37280,0.1267,Low
1299,0.1266,Low
14509,0.1266,Low
34691,0.1266,Low
19410,0.1266,Low
12652,0.1266,Low
36939,0.1266,Low
25464,0.1266,Low
17373,0.1266,Low
14873,0.1266,Low
20625,0.1266,Low
51327,0.1266,Low
6876,0.1266,Low
39957,0.1266,Low
5908,0.1266,Low
10215,0.1266,Low
34012,0.1266,Low
43876,0.1266,Low
51966,0.1266,Low
48037,0.1266,Low
41967,0.1266,Low
22032,0.1266,Low
37850,0.1266,Low
48765,0.1266,Low
30725,0.1266,Low
47615,0.1266,Low
19881,0.1266,Low
12337,0.1266,Low
24764,0.1265,Low
38424,0.1265,Low
28875,0.1265,Low
11312,0.1265,Low
18363,0.1265,Low
8139,0.1265,Low
41406,0.1265,Low
6248,0.1265,Low
6465,0.1265,Low
40907,0.1265,Low
12689,0.1265,Low
15783,0.1265,Low
21667,0.1265,Low
33410,0.1265,Low
45578,0.1265,Low
47924,0.1265,Low
33069,0.1265,Low
26792,0.1265,Low
3299,0.1265,Low
43137,0.1265,Low
20992,0.1264,Low
28993,0.1264,Low
16901,0.1264,Low
36494,0.1264,Low
32212,0.1264,Low
12961,0.1264,Low
26418,0.1264,Low
23548,0.1264,Low
39863,0.1264,Low
24528,0.1264,Low
11461,0.1264,Low
26668,0.1264,Low
10863,0.1264,Low
17604,0.1264,Low
15064,0.1264,Low
38877,0.1264,Low
10302,0.1264,Low
24820,0.1264,Low
4935,0.1264,Low
26157,0.1264,Low
35704,0.1264,Low
9895,0.1264,Low
9058,0.1264,Low
4909,0.1264,Low
36498,0.1264,Low
40834,0.1264,Low
13452,0.1264,Low
3746,0.1264,Low
13374,0.1264,Low
15584,0.1264,Low
19696,0.1264,Low
46784,0.1264,Low
7786,0.1264,Low
16542,0.1264,Low
15182,0.1264,Low
27507,0.1264,Low
50632,0.1263,Low
42451,0.1263,Low
17227,0.1263,Low
48512,0.1263,Low
40303,0.1263,Low
38100,0.1263,Low
21084,0.1263,Low
45694,0.1263,Low
14988,0.1263,Low
9720,0.1263,Low
24327,0.1263,Low
20177,0.1263,Low
40418,0.1263,Low
22874,0.1263,Low
29698,0.1263,Low
32147,0.1263,Low
31239,0.1263,Low
46242,0.1263,Low
25071,0.1263,Low
41463,0.1263,Low
16014,0.1263,Low
30952,0.1263,Low
9739,0.1263,Low
26386,0.1263,Low
43085,0.1263,Low
1133,0.1263,Low
17524,0.1263,Low
14566,0.1263,Low
19825,0.1263,Low
41384,0.1263,Low
49315,0.1262,Low
23154,0.1262,Low
50572,0.1262,Low
38402,0.1262,Low
29155,0.1262,Low
28888,0.1262,Low
11918,0.1262,Low
44937,0.1262,Low
26913,0.1262,Low
50590,0.1262,Low
34984,0.1262,Low
14759,0.1262,Low
30002,0.1262,Low
12820,0.1262,Low
20274,0.1262,Low
3034,0.1262,Low
9193,0.1262,Low
10507,0.1262,Low
42718,0.1262,Low
19678,0.1262,Low
48764,0.1262,Low
9419,0.1262,Low
4835,0.1262,Low
31758,0.1262,Low
46910,0.1262,Low
47980,0.1262,Low
26299,0.1262,Low
28746,0.1262,Low
12091,0.1262,Low
10461,0.1262,Low
12154,0.1261,Low
12782,0.1261,Low
33269,0.1261,Low
15015,0.1261,Low
30723,0.1261,Low
23687,0.1261,Low
13862,0.1261,Low
15634,0.1261,Low
50065,0.1261,Low
18230,0.1261,Low
42166,0.1261,Low
6427,0.1261,Low
47353,0.1261,Low
322,0.1261,Low
24385,0.1261,Low
36555,0.1261,Low
27392,0.1261,Low
44011,0.1261,Low
19526,0.1261,Low
36943,0.1261,Low
22748,0.1261,Low
1602,0.1261,Low
41539,0.1261,Low
23261,0.1261,Low
30035,0.1261,Low
42337,0.1261,Low
31777,0.1261,Low
5814,0.1261,Low
3272,0.1261,Low
37635,0.1261,Low
44094,0.1261,Low
17057,0.1261,Low
49843,0.1261,Low
29445,0.1261,Low
31660,0.1261,Low
28726,0.126,Low
37913,0.126,Low
7775,0.126,Low
37348,0.126,Low
34830,0.126,Low
49741,0.126,Low
15139,0.126,Low
30104,0.126,Low
12150,0.126,Low
42773,0.126,Low
15449,0.126,Low
35003,0.126,Low
8020,0.126,Low
620,0.126,Low
39586,0.126,Low
24066,0.126,Low
7286,0.126,Low
48206,0.126,Low
26683,0.126,Low
38849,0.126,Low
1887,0.126,Low
24641,0.126,Low
19265,0.126,Low
3934,0.126,Low
48189,0.126,Low
45046,0.126,Low
17410,0.126,Low
51369,0.126,Low
1868,0.126,Low
47729,0.1259,Low
7105,0.1259,Low
27298,0.1259,Low
21811,0.1259,Low
4841,0.1259,Low
828,0.1259,Low
34494,0.1259,Low
19835,0.1259,Low
48708,0.1259,Low
12191,0.1259,Low
8860,0.1259,Low
1058,0.1259,Low
3779,0.1259,Low
47790,0.1259,Low
28968,0.1259,Low
40629,0.1259,Low
35195,0.1259,Low
30079,0.1259,Low
34798,0.1259,Low
9177,0.1259,Low
12204,0.1259,Low
47797,0.1259,Low
39885,0.1258,Low
32159,0.1258,Low
48938,0.1258,Low
13280,0.1258,Low
20748,0.1258,Low
41546,0.1258,Low
5392,0.1258,Low
610,0.1258,Low
35630,0.1258,Low
41496,0.1258,Low
26064,0.1258,Low
43370,0.1258,Low
44243,0.1258,Low
24472,0.1258,Low
39909,0.1258,Low
48508,0.1258,Low
26826,0.1258,Low
32280,0.1258,Low
19653,0.1258,Low
28613,0.1258,Low
27538,0.1258,Low
16307,0.1258,Low
13672,0.1258,Low
20719,0.1258,Low
3404,0.1258,Low
30782,0.1258,Low
47003,0.1258,Low
20249,0.1258,Low
6279,0.1258,Low
40525,0.1257,Low
9691,0.1257,Low
12058,0.1257,Low
18810,0.1257,Low
1709,0.1257,Low
25790,0.1257,Low
41389,0.1257,Low
7322,0.1257,Low
23478,0.1257,Low
33760,0.1257,Low
39954,0.1257,Low
32210,0.1257,Low
14853,0.1257,Low
28053,0.1257,Low
50786,0.1257,Low
27022,0.1257,Low
1952,0.1256,Low
49475,0.1256,Low
21335,0.1256,Low
23244,0.1256,Low
20271,0.1256,Low
3389,0.1256,Low
61,0.1256,Low
30453,0.1256,Low
42779,0.1256,Low
49379,0.1256,Low
31495,0.1256,Low
46085,0.1256,Low
36983,0.1256,Low
7914,0.1256,Low
42115,0.1256,Low
48759,0.1256,Low
1983,0.1256,Low
9710,0.1256,Low
18133,0.1256,Low
45168,0.1256,Low
29474,0.1256,Low
29594,0.1256,Low
21372,0.1256,Low
46180,0.1256,Low
51407,0.1256,Low
43892,0.1256,Low
18352,0.1256,Low
50833,0.1256,Low
43340,0.1255,Low
49701,0.1255,Low
34916,0.1255,Low
49436,0.1255,Low
21078,0.1255,Low
37804,0.1255,Low
26298,0.1255,Low
28433,0.1255,Low
12741,0.1255,Low
47182,0.1255,Low
22942,0.1255,Low
19383,0.1255,Low
13226,0.1255,Low
48003,0.1255,Low
22849,0.1255,Low
51669,0.1255,Low
31950,0.1255,Low
6754,0.1255,Low
35165,0.1255,Low
45899,0.1255,Low
24281,0.1255,Low
37861,0.1255,Low
9558,0.1255,Low
33820,0.1255,Low
16339,0.1255,Low
35574,0.1255,Low
28787,0.1255,Low
20883,0.1254,Low
42673,0.1254,Low
42787,0.1254,Low
22912,0.1254,Low
36723,0.1254,Low
26617,0.1254,Low
3355,0.1254,Low
49135,0.1254,Low
49476,0.1254,Low
10371,0.1254,Low
25096,0.1254,Low
50579,0.1254,Low
49695,0.1254,Low
49603,0.1254,Low
46450,0.1254,Low
17762,0.1254,Low
3927,0.1254,Low
25843,0.1254,Low
28755,0.1254,Low
5807,0.1254,Low
21685,0.1254,Low
12718,0.1254,Low
27574,0.1254,Low
4114,0.1254,Low
13752,0.1254,Low
50597,0.1253,Low
32680,0.1253,Low
3931,0.1253,Low
24773,0.1253,Low
21388,0.1253,Low
40380,0.1253,Low
48183,0.1253,Low
24454,0.1253,Low
12793,0.1253,Low
17502,0.1253,Low
31632,0.1253,Low
29469,0.1253,Low
21066,0.1253,Low
35108,0.1253,Low
18720,0.1253,Low
32340,0.1253,Low
16355,0.1253,Low
29219,0.1253,Low
8193,0.1253,Low
37605,0.1253,Low
18976,0.1252,Low
22842,0.1252,Low
13589,0.1252,Low
34482,0.1252,Low
38320,0.1252,Low
27862,0.1252,Low
23284,0.1252,Low
26256,0.1252,Low
34998,0.1252,Low
37324,0.1252,Low
37597,0.1252,Low
33634,0.1252,Low
29877,0.1252,Low
20532,0.1252,Low
12856,0.1252,Low
4522,0.1252,Low
17768,0.1252,Low
35337,0.1252,Low
25031,0.1252,Low
18040,0.1252,Low
12796,0.1252,Low
50153,0.1252,Low
51177,0.1252,Low
23516,0.1252,Low
12137,0.1252,Low
20316,0.1252,Low
3550,0.1252,Low
18570,0.1252,Low
47401,0.1252,Low
3040,0.1252,Low
43264,0.1251,Low
7957,0.1251,Low
37322,0.1251,Low
25329,0.1251,Low
12416,0.1251,Low
50618,0.1251,Low
50328,0.1251,Low
8601,0.1251,Low
26442,0.1251,Low
16412,0.1251,Low
18919,0.1251,Low
12983,0.1251,Low
44787,0.1251,Low
35232,0.1251,Low
39027,0.1251,Low
13685,0.1251,Low
13731,0.1251,Low
15685,0.1251,Low
22726,0.1251,Low
22668,0.1251,Low
2251,0.1251,Low
579,0.1251,Low
26281,0.1251,Low
7400,0.1251,Low
3354,0.1251,Low
11416,0.1251,Low
2371,0.1251,Low
37810,0.125,Low
6667,0.125,Low
13025,0.125,Low
45094,0.125,Low
5684,0.125,Low
12079,0.125,Low
22272,0.125,Low
33468,0.125,Low
30885,0.125,Low
7340,0.125,Low
33172,0.125,Low
36490,0.125,Low
14554,0.125,Low
48333,0.125,Low
6390,0.125,Low
41075,0.125,Low
40244,0.125,Low
50807,0.125,Low
13597,0.125,Low
17979,0.125,Low
18165,0.125,Low
36598,0.125,Low
50988,0.125,Low
14581,0.125,Low
50740,0.1249,Low
49280,0.1249,Low
3168,0.1249,Low
10811,0.1249,Low
43445,0.1249,Low
9385,0.1249,Low
36144,0.1249,Low
7892,0.1249,Low
44723,0.1249,Low
37781,0.1249,Low
16883,0.1249,Low
41294,0.1249,Low
41963,0.1249,Low
33803,0.1249,Low
44093,0.1249,Low
229,0.1249,Low
47995,0.1249,Low
55,0.1249,Low
50262,0.1249,Low
38204,0.1249,Low
17396,0.1249,Low
3234,0.1249,Low
12198,0.1249,Low
2466,0.1249,Low
5393,0.1249,Low
3979,0.1249,Low
38051,0.1248,Low
40302,0.1248,Low
4709,0.1248,Low
32660,0.1248,Low
8186,0.1248,Low
40424,0.1248,Low
35778,0.1248,Low
50604,0.1248,Low
12123,0.1248,Low
32473,0.1248,Low
29689,0.1248,Low
169,0.1248,Low
5907,0.1248,Low
51129,0.1248,Low
30167,0.1248,Low
13783,0.1248,Low
10213,0.1248,Low
29502,0.1247,Low
49975,0.1247,Low
46227,0.1247,Low
41525,0.1247,Low
21245,0.1247,Low
28826,0.1247,Low
28867,0.1247,Low
24220,0.1247,Low
50908,0.1247,Low
35976,0.1247,Low
16274,0.1247,Low
42455,0.1247,Low
14963,0.1247,Low
20273,0.1247,Low
6418,0.1247,Low
18002,0.1247,Low
19525,0.1247,Low
5023,0.1247,Low
29704,0.1247,Low
23696,0.1247,Low
34384,0.1247,Low
21524,0.1247,Low
6698,0.1247,Low
19105,0.1247,Low
36922,0.1247,Low
3478,0.1247,Low
17852,0.1247,Low
29993,0.1247,Low
18147,0.1246,Low
8079,0.1246,Low
45258,0.1246,Low
9490,0.1246,Low
43842,0.1246,Low
13510,0.1246,Low
5180,0.1246,Low
10521,0.1246,Low
1316,0.1246,Low
45776,0.1246,Low
33935,0.1246,Low
31367,0.1246,Low
6982,0.1246,Low
43695,0.1246,Low
42616,0.1246,Low
49571,0.1246,Low
17370,0.1246,Low
2364,0.1246,Low
25249,0.1246,Low
41535,0.1246,Low
44080,0.1246,Low
51285,0.1246,Low
36129,0.1246,Low
36199,0.1246,Low
25965,0.1246,Low
4444,0.1246,Low
22951,0.1246,Low
46485,0.1246,Low
19312,0.1246,Low
36478,0.1246,Low
26284,0.1246,Low
43472,0.1246,Low
28267,0.1246,Low
11331,0.1246,Low
3769,0.1246,Low
6803,0.1245,Low
11036,0.1245,Low
3157,0.1245,Low
9615,0.1245,Low
11343,0.1245,Low
20234,0.1245,Low
46380,0.1245,Low
50466,0.1245,Low
32275,0.1245,Low
33145,0.1245,Low
11619,0.1245,Low
20785,0.1245,Low
11402,0.1245,Low
33727,0.1245,Low
19921,0.1245,Low
28527,0.1245,Low
9502,0.1245,Low
46564,0.1245,Low
51945,0.1245,Low
31450,0.1245,Low
39874,0.1244,Low
974,0.1244,Low
12114,0.1244,Low
10922,0.1244,Low
7796,0.1244,Low
35100,0.1244,Low
4404,0.1244,Low
35643,0.1244,Low
2449,0.1244,Low
20303,0.1244,Low
6198,0.1244,Low
17678,0.1244,Low
50865,0.1244,Low
34006,0.1244,Low
33507,0.1244,Low
45485,0.1244,Low
32388,0.1244,Low
15230,0.1244,Low
41811,0.1244,Low
15229,0.1244,Low
31170,0.1244,Low
41932,0.1244,Low
6748,0.1244,Low
24083,0.1244,Low
2502,0.1244,Low
23307,0.1244,Low
49897,0.1243,Low
39904,0.1243,Low
2221,0.1243,Low
14510,0.1243,Low
7966,0.1243,Low
1809,0.1243,Low
13986,0.1243,Low
25440,0.1243,Low
10610,0.1243,Low
22562,0.1243,Low
13046,0.1243,Low
9806,0.1243,Low
37808,0.1243,Low
49747,0.1243,Low
5892,0.1243,Low
32250,0.1243,Low
17143,0.1243,Low
40738,0.1243,Low
25925,0.1243,Low
37926,0.1243,Low
48537,0.1243,Low
21038,0.1243,Low
38637,0.1243,Low
37438,0.1243,Low
38734,0.1243,Low
30214,0.1243,Low
29365,0.1243,Low
21826,0.1243,Low
18886,0.1242,Low
30469,0.1242,Low
18713,0.1242,Low
1979,0.1242,Low
38036,0.1242,Low
33025,0.1242,Low
13592,0.1242,Low
7643,0.1242,Low
51686,0.1242,Low
45262,0.1242,Low
33798,0.1242,Low
20403,0.1242,Low
24967,0.1242,Low
6568,0.1242,Low
30395,0.1242,Low
21607,0.1242,Low
2163,0.1242,Low
24992,0.1242,Low
37953,0.1242,Low
31870,0.1242,Low
10999,0.1242,Low
32475,0.1241,Low
23471,0.1241,Low
45396,0.1241,Low
27980,0.1241,Low
45667,0.1241,Low
10283,0.1241,Low
34784,0.1241,Low
17718,0.1241,Low
4310,0.1241,Low
10759,0.1241,Low
218,0.1241,Low
19730,0.1241,Low
46684,0.1241,Low
16258,0.1241,Low
44124,0.1241,Low
18228,0.1241,Low
7682,0.1241,Low
48240,0.1241,Low
31863,0.1241,Low
21976,0.1241,Low
16184,0.1241,Low
38623,0.1241,Low
14896,0.1241,Low
36532,0.1241,Low
25809,0.1241,Low
14809,0.1241,Low
27057,0.1241,Low
19155,0.1241,Low
45073,0.1241,Low
49368,0.124,Low
15853,0.124,Low
25800,0.124,Low
39721,0.124,Low
44317,0.124,Low
38992,0.124,Low
6758,0.124,Low
23841,0.124,Low
24906,0.124,Low
2821,0.124,Low
36003,0.124,Low
33335,0.124,Low
25306,0.124,Low
28692,0.124,Low
2571,0.124,Low
40358,0.124,Low
7409,0.124,Low
8266,0.124,Low
42845,0.124,Low
30149,0.124,Low
45021,0.124,Low
17448,0.124,Low
38474,0.124,Low
36396,0.124,Low
7678,0.124,Low
23362,0.124,Low
39444,0.124,Low
18698,0.124,Low
38697,0.124,Low
5006,0.124,Low
36226,0.1239,Low
28127,0.1239,Low
19516,0.1239,Low
819,0.1239,Low
44833,0.1239,Low
35297,0.1239,Low
29274,0.1239,Low
20243,0.1239,Low
43302,0.1239,Low
15025,0.1239,Low
29000,0.1239,Low
12518,0.1239,Low
3825,0.1239,Low
48126,0.1239,Low
10597,0.1239,Low
4105,0.1239,Low
13127,0.1239,Low
42992,0.1239,Low
32686,0.1239,Low
42439,0.1239,Low
38724,0.1239,Low
5678,0.1239,Low
21364,0.1239,Low
28249,0.1239,Low
33188,0.1239,Low
36312,0.1238,Low
39334,0.1238,Low
6588,0.1238,Low
3734,0.1238,Low
6062,0.1238,Low
3638,0.1238,Low
25618,0.1238,Low
46621,0.1238,Low
25404,0.1238,Low
27064,0.1238,Low
8813,0.1238,Low
32850,0.1238,Low
29345,0.1238,Low
15526,0.1238,Low
29030,0.1238,Low
9897,0.1238,Low
18384,0.1238,Low
8007,0.1238,Low
14133,0.1238,Low
992,0.1238,Low
13120,0.1238,Low
46830,0.1238,Low
19411,0.1238,Low
34325,0.1238,Low
25247,0.1238,Low
23662,0.1238,Low
28855,0.1238,Low
3510,0.1238,Low
16016,0.1238,Low
35722,0.1238,Low
46527,0.1238,Low
22136,0.1238,Low
36706,0.1238,Low
23260,0.1237,Low
50234,0.1237,Low
16553,0.1237,Low
27346,0.1237,Low
30309,0.1237,Low
37772,0.1237,Low
42079,0.1237,Low
15731,0.1237,Low
33393,0.1237,Low
11216,0.1237,Low
38364,0.1237,Low
2367,0.1237,Low
16835,0.1237,Low
48149,0.1237,Low
35785,0.1237,Low
321,0.1237,Low
37642,0.1237,Low
8383,0.1237,Low
10078,0.1237,Low
26709,0.1237,Low
51675,0.1237,Low
43633,0.1237,Low
39646,0.1237,Low
49486,0.1236,Low
39554,0.1236,Low
294,0.1236,Low
2114,0.1236,Low
12570,0.1236,Low
24621,0.1236,Low
12078,0.1236,Low
29829,0.1236,Low
38119,0.1236,Low
5833,0.1236,Low
31622,0.1236,Low
20608,0.1236,Low
11188,0.1236,Low
48227,0.1236,Low
38646,0.1236,Low
1121,0.1236,Low
619,0.1236,Low
48651,0.1236,Low
19836,0.1236,Low
15609,0.1236,Low
38342,0.1236,Low
38648,0.1236,Low
3549,0.1236,Low
5772,0.1236,Low
25703,0.1236,Low
1298,0.1236,Low
49204,0.1235,Low
7615,0.1235,Low
20890,0.1235,Low
13983,0.1235,Low
30680,0.1235,Low
18681,0.1235,Low
22200,0.1235,Low
34737,0.1235,Low
15134,0.1235,Low
11237,0.1235,Low
42059,0.1235,Low
25519,0.1235,Low
23526,0.1235,Low
42691,0.1235,Low
49136,0.1235,Low
6440,0.1235,Low
46346,0.1235,Low
17608,0.1235,Low
51718,0.1235,Low
5789,0.1235,Low
51634,0.1235,Low
31834,0.1235,Low
40354,0.1235,Low
39008,0.1235,Low
24052,0.1235,Low
50716,0.1235,Low
24491,0.1234,Low
20178,0.1234,Low
35201,0.1234,Low
96,0.1234,Low
33597,0.1234,Low
2082,0.1234,Low
51535,0.1234,Low
13419,0.1234,Low
35367,0.1234,Low
44868,0.1234,Low
46462,0.1234,Low
2200,0.1234,Low
19417,0.1234,Low
50020,0.1234,Low
9692,0.1234,Low
9617,0.1234,Low
16650,0.1234,Low
22467,0.1234,Low
17440,0.1234,Low
39476,0.1234,Low
7095,0.1234,Low
5680,0.1234,Low
33258,0.1234,Low
5186,0.1234,Low
19095,0.1234,Low
2799,0.1234,Low
49795,0.1234,Low
37732,0.1234,Low
49298,0.1234,Low
37757,0.1234,Low
15566,0.1234,Low
11740,0.1234,Low
5224,0.1233,Low
5069,0.1233,Low
34130,0.1233,Low
29755,0.1233,Low
17742,0.1233,Low
49811,0.1233,Low
4115,0.1233,Low
50370,0.1233,Low
26090,0.1233,Low
14238,0.1233,Low
51906,0.1233,Low
19814,0.1233,Low
21077,0.1233,Low
10959,0.1233,Low
24460,0.1233,Low
1661,0.1233,Low
20647,0.1233,Low
13007,0.1233,Low
18711,0.1233,Low
48087,0.1233,Low
3298,0.1233,Low
37014,0.1233,Low
43414,0.1233,Low
40897,0.1233,Low
5589,0.1233,Low
41538,0.1233,Low
40465,0.1233,Low
28637,0.1232,Low
1106,0.1232,Low
46497,0.1232,Low
43105,0.1232,Low
8234,0.1232,Low
11419,0.1232,Low
28126,0.1232,Low
42119,0.1232,Low
8435,0.1232,Low
13156,0.1232,Low
45545,0.1232,Low
47374,0.1232,Low
17416,0.1232,Low
38805,0.1232,Low
41924,0.1232,Low
20028,0.1232,Low
21862,0.1232,Low
19846,0.1232,Low
50278,0.1232,Low
25816,0.1232,Low
37457,0.1232,Low
10175,0.1232,Low
3694,0.1232,Low
19923,0.1232,Low
8126,0.1232,Low
8780,0.1232,Low
18006,0.1232,Low
19153,0.1232,Low
7831,0.1232,Low
13723,0.1232,Low
42991,0.1232,Low
39362,0.1232,Low
632,0.1232,Low
18440,0.1232,Low
50871,0.1231,Low
50525,0.1231,Low
12503,0.1231,Low
41050,0.1231,Low
12521,0.1231,Low
28403,0.1231,Low
35081,0.1231,Low
22496,0.1231,Low
12788,0.1231,Low
31618,0.1231,Low
6992,0.1231,Low
25539,0.1231,Low
5552,0.1231,Low
31688,0.1231,Low
47138,0.1231,Low
26399,0.1231,Low
8698,0.1231,Low
18063,0.1231,Low
22521,0.1231,Low
991,0.1231,Low
23316,0.1231,Low
23195,0.1231,Low
35057,0.1231,Low
12923,0.1231,Low
729,0.1231,Low
11213,0.123,Low
20920,0.123,Low
25817,0.123,Low
29397,0.123,Low
11533,0.123,Low
41742,0.123,Low
29346,0.123,Low
4085,0.123,Low
5236,0.123,Low
36749,0.123,Low
6018,0.123,Low
3155,0.123,Low
44862,0.123,Low
11865,0.123,Low
4178,0.123,Low
30861,0.123,Low
11500,0.123,Low
51529,0.123,Low
4595,0.123,Low
42362,0.123,Low
44560,0.123,Low
4209,0.123,Low
45555,0.123,Low
31583,0.123,Low
3947,0.123,Low
10321,0.123,Low
7268,0.123,Low
3249,0.123,Low
8335,0.123,Low
39316,0.123,Low
25105,0.123,Low
25894,0.123,Low
51364,0.123,Low
21765,0.1229,Low
37325,0.1229,Low
41164,0.1229,Low
22749,0.1229,Low
45432,0.1229,Low
8044,0.1229,Low
11035,0.1229,Low
43229,0.1229,Low
47402,0.1229,Low
20496,0.1229,Low
22456,0.1229,Low
17104,0.1229,Low
22716,0.1229,Low
40838,0.1229,Low
28600,0.1229,Low
46071,0.1229,Low
19781,0.1229,Low
45765,0.1229,Low
22342,0.1229,Low
49580,0.1229,Low
33542,0.1229,Low
26329,0.1229,Low
25808,0.1229,Low
46043,0.1229,Low
14392,0.1229,Low
43778,0.1229,Low
28999,0.1229,Low
49894,0.1228,Low
35537,0.1228,Low
34268,0.1228,Low
46187,0.1228,Low
51747,0.1228,Low
25698,0.1228,Low
42136,0.1228,Low
29913,0.1228,Low
11733,0.1228,Low
51707,0.1228,Low
44688,0.1228,Low
32514,0.1228,Low
19918,0.1228,Low
50532,0.1228,Low
41652,0.1228,Low
1303,0.1228,Low
32181,0.1228,Low
7045,0.1228,Low
50372,0.1228,Low
829,0.1228,Low
31479,0.1228,Low
28702,0.1228,Low
11112,0.1228,Low
8831,0.1228,Low
26940,0.1228,Low
16190,0.1228,Low
6434,0.1228,Low
27966,0.1228,Low
26372,0.1227,Low
35905,0.1227,Low
48475,0.1227,Low
15257,0.1227,Low
14908,0.1227,Low
40717,0.1227,Low
37054,0.1227,Low
37267,0.1227,Low
46034,0.1227,Low
28819,0.1227,Low
17641,0.1227,Low
37111,0.1227,Low
48834,0.1227,Low
50041,0.1227,Low
23952,0.1227,Low
50336,0.1227,Low
19419,0.1227,Low
47236,0.1227,Low
34599,0.1227,Low
44444,0.1227,Low
10522,0.1227,Low
51413,0.1227,Low
6936,0.1227,Low
9565,0.1227,Low
39190,0.1227,Low
46162,0.1227,Low
19357,0.1226,Low
17302,0.1226,Low
18428,0.1226,Low
39722,0.1226,Low
2950,0.1226,Low
45863,0.1226,Low
32533,0.1226,Low
8180,0.1226,Low
51279,0.1226,Low
25640,0.1226,Low
48612,0.1226,Low
37613,0.1226,Low
44610,0.1226,Low
30688,0.1226,Low
28699,0.1226,Low
39175,0.1226,Low
1917,0.1226,Low
17469,0.1226,Low
20876,0.1226,Low
26695,0.1226,Low
4042,0.1226,Low
25087,0.1226,Low
13609,0.1226,Low
14623,0.1226,Low
10051,0.1226,Low
35149,0.1226,Low
9254,0.1226,Low
45520,0.1226,Low
20066,0.1225,Low
30348,0.1225,Low
27301,0.1225,Low
18358,0.1225,Low
7139,0.1225,Low
32987,0.1225,Low
38813,0.1225,Low
32729,0.1225,Low
353,0.1225,Low
3929,0.1225,Low
49040,0.1225,Low
15591,0.1225,Low
40830,0.1225,Low
10075,0.1225,Low
38554,0.1225,Low
24147,0.1225,Low
32755,0.1225,Low
6937,0.1225,Low
8950,0.1225,Low
48994,0.1225,Low
13513,0.1225,Low
2859,0.1225,Low
12621,0.1225,Low
12699,0.1225,Low
40922,0.1225,Low
32042,0.1225,Low
17886,0.1225,Low
14922,0.1225,Low
9955,0.1225,Low
23042,0.1225,Low
13569,0.1225,Low
12242,0.1224,Low
39433,0.1224,Low
4215,0.1224,Low
31664,0.1224,Low
30163,0.1224,Low
15653,0.1224,Low
11866,0.1224,Low
15597,0.1224,Low
27916,0.1224,Low
3334,0.1224,Low
1297,0.1224,Low
29723,0.1224,Low
26062,0.1224,Low
18880,0.1224,Low
34825,0.1224,Low
45589,0.1224,Low
37313,0.1224,Low
18148,0.1224,Low
38285,0.1224,Low
30689,0.1224,Low
6617,0.1224,Low
7570,0.1224,Low
2238,0.1224,Low
12165,0.1224,Low
4804,0.1224,Low
44721,0.1224,Low
49286,0.1223,Low
36194,0.1223,Low
9491,0.1223,Low
19788,0.1223,Low
50452,0.1223,Low
18416,0.1223,Low
30628,0.1223,Low
32162,0.1223,Low
44679,0.1223,Low
29756,0.1223,Low
24922,0.1223,Low
21977,0.1223,Low
28538,0.1223,Low
41256,0.1223,Low
45922,0.1223,Low
29451,0.1223,Low
48478,0.1223,Low
34034,0.1223,Low
15078,0.1223,Low
23487,0.1223,Low
29296,0.1223,Low
38349,0.1222,Low
48719,0.1222,Low
17978,0.1222,Low
31789,0.1222,Low
37535,0.1222,Low
28384,0.1222,Low
11087,0.1222,Low
29067,0.1222,Low
6742,0.1222,Low
2481,0.1222,Low
11635,0.1222,Low
46562,0.1222,Low
15819,0.1222,Low
7915,0.1222,Low
6220,0.1222,Low
9988,0.1222,Low
47574,0.1222,Low
30430,0.1222,Low
8591,0.1222,Low
16390,0.1222,Low
33491,0.1222,Low
649,0.1222,Low
7164,0.1222,Low
47943,0.1222,Low
14447,0.1222,Low
1955,0.1222,Low
7619,0.1222,Low
25221,0.1222,Low
13213,0.1222,Low
26608,0.1221,Low
39525,0.1221,Low
33149,0.1221,Low
31224,0.1221,Low
46659,0.1221,Low
25603,0.1221,Low
35020,0.1221,Low
28713,0.1221,Low
3359,0.1221,Low
8284,0.1221,Low
4946,0.1221,Low
9823,0.1221,Low
27953,0.1221,Low
22993,0.1221,Low
45463,0.1221,Low
13176,0.1221,Low
32145,0.1221,Low
41335,0.1221,Low
37984,0.1221,Low
1456,0.1221,Low
11479,0.1221,Low
13913,0.1221,Low
590,0.1221,Low
37606,0.122,Low
9396,0.122,Low
34678,0.122,Low
42371,0.122,Low
23189,0.122,Low
42135,0.122,Low
5691,0.122,Low
27068,0.122,Low
20042,0.122,Low
21537,0.122,Low
27960,0.122,Low
2999,0.122,Low
8981,0.122,Low
47146,0.122,Low
26176,0.122,Low
25714,0.122,Low
30411,0.122,Low
30337,0.122,Low
29401,0.122,Low
32978,0.122,Low
13494,0.122,Low
2106,0.122,Low
48154,0.122,Low
27597,0.122,Low
27429,0.1219,Low
10052,0.1219,Low
33229,0.1219,Low
28951,0.1219,Low
37742,0.1219,Low
36156,0.1219,Low
28133,0.1219,Low
32244,0.1219,Low
51575,0.1219,Low
26550,0.1219,Low
3373,0.1219,Low
46487,0.1219,Low
636,0.1219,Low
9872,0.1219,Low
45552,0.1219,Low
51501,0.1219,Low
51595,0.1219,Low
29300,0.1219,Low
47211,0.1219,Low
3585,0.1219,Low
26351,0.1218,Low
29074,0.1218,Low
29318,0.1218,Low
8976,0.1218,Low
15720,0.1218,Low
14693,0.1218,Low
46567,0.1218,Low
3275,0.1218,Low
12783,0.1218,Low
35861,0.1218,Low
2319,0.1218,Low
27545,0.1218,Low
36523,0.1218,Low
1505,0.1218,Low
45921,0.1218,Low
49640,0.1218,Low
31173,0.1218,Low
4152,0.1218,Low
2322,0.1218,Low
44134,0.1218,Low
12873,0.1218,Low
12349,0.1218,Low
8662,0.1217,Low
7298,0.1217,Low
26967,0.1217,Low
31842,0.1217,Low
39609,0.1217,Low
48332,0.1217,Low
48967,0.1217,Low
37330,0.1217,Low
8596,0.1217,Low
31968,0.1217,Low
23553,0.1217,Low
22960,0.1217,Low
28961,0.1217,Low
1083,0.1217,Low
4218,0.1217,Low
30980,0.1217,Low
35321,0.1217,Low
50974,0.1217,Low
26724,0.1217,Low
359,0.1217,Low
15056,0.1217,Low
10800,0.1217,Low
38070,0.1217,Low
27330,0.1217,Low
48497,0.1217,Low
14733,0.1217,Low
14957,0.1217,Low
34269,0.1217,Low
22051,0.1217,Low
2382,0.1217,Low
37882,0.1217,Low
3701,0.1217,Low
33475,0.1217,Low
30897,0.1216,Low
40653,0.1216,Low
18478,0.1216,Low
47958,0.1216,Low
14044,0.1216,Low
41777,0.1216,Low
29881,0.1216,Low
40385,0.1216,Low
2696,0.1216,Low
29766,0.1216,Low
29383,0.1216,Low
35414,0.1216,Low
10205,0.1216,Low
35795,0.1216,Low
36366,0.1216,Low
18516,0.1216,Low
34939,0.1216,Low
5698,0.1216,Low
48376,0.1216,Low
13338,0.1216,Low
45065,0.1216,Low
51010,0.1216,Low
1622,0.1216,Low
12274,0.1216,Low
2275,0.1216,Low
13540,0.1215,Low
7940,0.1215,Low
47771,0.1215,Low
15421,0.1215,Low
43797,0.1215,Low
34419,0.1215,Low
14263,0.1215,Low
13332,0.1215,Low
9701,0.1215,Low
6790,0.1215,Low
41069,0.1215,Low
40473,0.1215,Low
2292,0.1214,Low
19399,0.1214,Low
8122,0.1214,Low
23308,0.1214,Low
19997,0.1214,Low
21627,0.1214,Low
15990,0.1214,Low
9711,0.1214,Low
26150,0.1214,Low
44638,0.1214,Low
12258,0.1214,Low
23514,0.1214,Low
33441,0.1214,Low
7876,0.1214,Low
39948,0.1214,Low
16454,0.1214,Low
38353,0.1214,Low
25079,0.1214,Low
38417,0.1213,Low
26509,0.1213,Low
43799,0.1213,Low
29482,0.1213,Low
36074,0.1213,Low
17037,0.1213,Low
11107,0.1213,Low
35324,0.1213,Low
14624,0.1213,Low
9549,0.1213,Low
5169,0.1213,Low
51244,0.1213,Low
10444,0.1213,Low
26078,0.1213,Low
34616,0.1213,Low
9441,0.1213,Low
27226,0.1213,Low
24900,0.1213,Low
41274,0.1213,Low
51970,0.1213,Low
1228,0.1213,Low
19432,0.1213,Low
49495,0.1213,Low
28557,0.1213,Low
29021,0.1213,Low
12493,0.1213,Low
6487,0.1213,Low
51889,0.1213,Low
18487,0.1213,Low
31454,0.1213,Low
42735,0.1212,Low
5262,0.1212,Low
36661,0.1212,Low
50480,0.1212,Low
30465,0.1212,Low
33389,0.1212,Low
33528,0.1212,Low
30230,0.1212,Low
46276,0.1212,Low
746,0.1212,Low
51213,0.1212,Low
25857,0.1212,Low
33973,0.1212,Low
29447,0.1212,Low
48969,0.1212,Low
29333,0.1212,Low
18047,0.1212,Low
15843,0.1212,Low
33081,0.1211,Low
29665,0.1211,Low
8191,0.1211,Low
31038,0.1211,Low
18643,0.1211,Low
42928,0.1211,Low
19830,0.1211,Low
34257,0.1211,Low
4340,0.1211,Low
29783,0.1211,Low
42292,0.1211,Low
36825,0.1211,Low
29256,0.1211,Low
49532,0.1211,Low
35258,0.1211,Low
26990,0.1211,Low
51352,0.1211,Low
29780,0.1211,Low
45665,0.1211,Low
27596,0.1211,Low
2333,0.1211,Low
33132,0.1211,Low
539,0.1211,Low
5,0.121,Low
1666,0.121,Low
27202,0.121,Low
36066,0.121,Low
11316,0.121,Low
49891,0.121,Low
16323,0.121,Low
3323,0.121,Low
47564,0.121,Low
49638,0.121,Low
43938,0.121,Low
14696,0.121,Low
24237,0.121,Low
46109,0.121,Low
28027,0.121,Low
20075,0.121,Low
7357,0.121,Low
15569,0.121,Low
32382,0.121,Low
40847,0.121,Low
19484,0.121,Low
51897,0.121,Low
37086,0.121,Low
48305,0.1209,Low
32316,0.1209,Low
3482,0.1209,Low
7819,0.1209,Low
48442,0.1209,Low
15743,0.1209,Low
21858,0.1209,Low
29935,0.1209,Low
46545,0.1209,Low
5981,0.1209,Low
17904,0.1209,Low
30331,0.1209,Low
26863,0.1209,Low
17381,0.1209,Low
27640,0.1209,Low
18377,0.1209,Low
5671,0.1209,Low
14119,0.1209,Low
46177,0.1209,Low
25102,0.1209,Low
41504,0.1209,Low
19459,0.1209,Low
9497,0.1209,Low
5556,0.1209,Low
12728,0.1209,Low
50700,0.1209,Low
24039,0.1209,Low
850,0.1209,Low
43322,0.1208,Low
24301,0.1208,Low
704,0.1208,Low
37261,0.1208,Low
21130,0.1208,Low
9244,0.1208,Low
7002,0.1208,Low
11453,0.1208,Low
30580,0.1208,Low
29680,0.1208,Low
46150,0.1208,Low
2853,0.1208,Low
27006,0.1208,Low
48962,0.1208,Low
50813,0.1208,Low
51193,0.1208,Low
46577,0.1208,Low
45531,0.1208,Low
20988,0.1208,Low
35199,0.1208,Low
22432,0.1208,Low
19157,0.1208,Low
21727,0.1208,Low
34677,0.1208,Low
51968,0.1208,Low
46785,0.1208,Low
3340,0.1208,Low
21600,0.1208,Low
7028,0.1207,Low
45549,0.1207,Low
17661,0.1207,Low
6786,0.1207,Low
12519,0.1207,Low
40783,0.1207,Low
8797,0.1207,Low
31434,0.1207,Low
42083,0.1207,Low
30129,0.1207,Low
44339,0.1207,Low
25609,0.1207,Low
46399,0.1207,Low
48511,0.1207,Low
32438,0.1207,Low
36670,0.1207,Low
34178,0.1207,Low
22306,0.1207,Low
17304,0.1207,Low
8782,0.1207,Low
42336,0.1207,Low
9969,0.1207,Low
48016,0.1207,Low
50327,0.1207,Low
15036,0.1206,Low
26420,0.1206,Low
30180,0.1206,Low
20770,0.1206,Low
7492,0.1206,Low
33479,0.1206,Low
19503,0.1206,Low
30819,0.1206,Low
509,0.1206,Low
36539,0.1206,Low
34484,0.1206,Low
24000,0.1206,Low
23117,0.1206,Low
28029,0.1206,Low
19596,0.1206,Low
1901,0.1206,Low
28116,0.1206,Low
42786,0.1206,Low
19309,0.1206,Low
46297,0.1206,Low
43016,0.1206,Low
8963,0.1206,Low
8706,0.1206,Low
24086,0.1206,Low
15479,0.1206,Low
37270,0.1205,Low
43844,0.1205,Low
51121,0.1205,Low
36884,0.1205,Low
19133,0.1205,Low
46045,0.1205,Low
1692,0.1205,Low
7378,0.1205,Low
38303,0.1205,Low
39588,0.1205,Low
3823,0.1205,Low
23582,0.1205,Low
5030,0.1205,Low
1463,0.1205,Low
21385,0.1205,Low
962,0.1205,Low
40255,0.1205,Low
46674,0.1205,Low
5685,0.1205,Low
44014,0.1205,Low
13820,0.1204,Low
18667,0.1204,Low
9052,0.1204,Low
17632,0.1204,Low
30033,0.1204,Low
48498,0.1204,Low
21484,0.1204,Low
23830,0.1204,Low
33429,0.1204,Low
41810,0.1204,Low
7122,0.1204,Low
35663,0.1204,Low
37857,0.1204,Low
32312,0.1204,Low
11591,0.1204,Low
38572,0.1204,Low
33777,0.1204,Low
27935,0.1204,Low
46702,0.1204,Low
37524,0.1204,Low
473,0.1204,Low
23690,0.1204,Low
28508,0.1204,Low
718,0.1204,Low
8173,0.1204,Low
23794,0.1204,Low
15208,0.1204,Low
10090,0.1203,Low
41937,0.1203,Low
22240,0.1203,Low
32990,0.1203,Low
29822,0.1203,Low
1884,0.1203,Low
32858,0.1203,Low
27651,0.1203,Low
48192,0.1203,Low
12874,0.1203,Low
26261,0.1203,Low
22653,0.1203,Low
22870,0.1203,Low
27937,0.1203,Low
11348,0.1203,Low
17677,0.1203,Low
7054,0.1203,Low
20801,0.1203,Low
38943,0.1203,Low
26132,0.1203,Low
5741,0.1203,Low
40339,0.1202,Low
49992,0.1202,Low
41387,0.1202,Low
21353,0.1202,Low
45587,0.1202,Low
41105,0.1202,Low
2987,0.1202,Low
32554,0.1202,Low
35474,0.1202,Low
8629,0.1202,Low
3480,0.1202,Low
7080,0.1202,Low
8939,0.1202,Low
6444,0.1202,Low
15293,0.1202,Low
7970,0.1202,Low
7341,0.1202,Low
14824,0.1202,Low
29635,0.1202,Low
10881,0.1202,Low
51685,0.1202,Low
22440,0.1201,Low
5681,0.1201,Low
30313,0.1201,Low
8586,0.1201,Low
44044,0.1201,Low
11168,0.1201,Low
42700,0.1201,Low
29871,0.1201,Low
6897,0.1201,Low
43189,0.1201,Low
46088,0.1201,Low
30540,0.1201,Low
1041,0.1201,Low
37780,0.1201,Low
47516,0.1201,Low
14671,0.1201,Low
40004,0.12,Low
21063,0.12,Low
1398,0.12,Low
2438,0.12,Low
6938,0.12,Low
15788,0.12,Low
28537,0.12,Low
26730,0.12,Low
51483,0.12,Low
14391,0.12,Low
40695,0.12,Low
1494,0.12,Low
41584,0.12,Low
11155,0.12,Low
21799,0.12,Low
46244,0.12,Low
38251,0.12,Low
553,0.12,Low
33543,0.12,Low
5402,0.12,Low
1604,0.12,Low
20482,0.12,Low
36137,0.12,Low
28592,0.12,Low
6708,0.12,Low
30080,0.12,Low
34260,0.12,Low
16336,0.12,Low
1816,0.12,Low
37896,0.12,Low
35084,0.12,Low
2745,0.12,Low
30233,0.1199,Low
30017,0.1199,Low
47040,0.1199,Low
33416,0.1199,Low
11233,0.1199,Low
36604,0.1199,Low
56,0.1199,Low
41125,0.1199,Low
36441,0.1199,Low
4978,0.1199,Low
39471,0.1199,Low
9484,0.1199,Low
46233,0.1199,Low
51814,0.1199,Low
40753,0.1199,Low
26039,0.1199,Low
28490,0.1199,Low
30298,0.1199,Low
8602,0.1199,Low
42585,0.1199,Low
47682,0.1199,Low
11562,0.1199,Low
21724,0.1199,Low
12674,0.1199,Low
49198,0.1199,Low
2840,0.1199,Low
51150,0.1199,Low
13364,0.1199,Low
32759,0.1199,Low
35336,0.1199,Low
44384,0.1199,Low
13398,0.1199,Low
7271,0.1198,Low
36437,0.1198,Low
25246,0.1198,Low
27760,0.1198,Low
15195,0.1198,Low
21049,0.1198,Low
19908,0.1198,Low
36778,0.1198,Low
22228,0.1198,Low
15380,0.1198,Low
48956,0.1198,Low
3104,0.1198,Low
12472,0.1198,Low
465,0.1198,Low
50098,0.1198,Low
35732,0.1198,Low
47379,0.1198,Low
43822,0.1198,Low
6545,0.1198,Low
15677,0.1198,Low
26708,0.1198,Low
23079,0.1198,Low
7647,0.1198,Low
9878,0.1198,Low
42768,0.1198,Low
33141,0.1198,Low
43315,0.1198,Low
40495,0.1198,Low
50364,0.1198,Low
24595,0.1198,Low
20844,0.1198,Low
17672,0.1197,Low
27504,0.1197,Low
50467,0.1197,Low
30854,0.1197,Low
47348,0.1197,Low
5679,0.1197,Low
28778,0.1197,Low
38899,0.1197,Low
8325,0.1197,Low
9584,0.1197,Low
15835,0.1197,Low
7006,0.1197,Low
6607,0.1197,Low
9093,0.1197,Low
33262,0.1197,Low
46614,0.1197,Low
12984,0.1197,Low
37912,0.1197,Low
36089,0.1197,Low
28727,0.1197,Low
37147,0.1197,Low
41439,0.1197,Low
24459,0.1197,Low
11912,0.1197,Low
46646,0.1197,Low
16983,0.1197,Low
33265,0.1197,Low
29655,0.1196,Low
12200,0.1196,Low
27138,0.1196,Low
28894,0.1196,Low
48410,0.1196,Low
5085,0.1196,Low
12287,0.1196,Low
49549,0.1196,Low
17348,0.1196,Low
8819,0.1196,Low
45672,0.1196,Low
72,0.1196,Low
9754,0.1196,Low
23130,0.1196,Low
40650,0.1196,Low
26374,0.1196,Low
10804,0.1196,Low
48481,0.1196,Low
932,0.1196,Low
26500,0.1196,Low
32536,0.1196,Low
9654,0.1196,Low
18634,0.1196,Low
44190,0.1196,Low
24885,0.1196,Low
12415,0.1195,Low
6800,0.1195,Low
30869,0.1195,Low
19050,0.1195,Low
26251,0.1195,Low
6303,0.1195,Low
43567,0.1195,Low
48404,0.1195,Low
5009,0.1195,Low
51390,0.1195,Low
44836,0.1195,Low
32637,0.1195,Low
14891,0.1195,Low
43538,0.1195,Low
13772,0.1195,Low
16379,0.1195,Low
23576,0.1195,Low
39395,0.1195,Low
6733,0.1195,Low
12450,0.1195,Low
11442,0.1195,Low
48881,0.1194,Low
50448,0.1194,Low
23038,0.1194,Low
21816,0.1194,Low
10104,0.1194,Low
13425,0.1194,Low
5644,0.1194,Low
18484,0.1194,Low
30372,0.1194,Low
49724,0.1194,Low
19244,0.1194,Low
3758,0.1194,Low
41103,0.1194,Low
25938,0.1194,Low
38965,0.1194,Low
15706,0.1194,Low
20887,0.1194,Low
4819,0.1194,Low
26195,0.1194,Low
29359,0.1194,Low
27885,0.1193,Low
1890,0.1193,Low
17860,0.1193,Low
9971,0.1193,Low
31043,0.1193,Low
23713,0.1193,Low
13086,0.1193,Low
43841,0.1193,Low
30133,0.1193,Low
24546,0.1193,Low
34146,0.1193,Low
20899,0.1193,Low
40941,0.1193,Low
18835,0.1193,Low
26207,0.1193,Low
41825,0.1193,Low
38524,0.1193,Low
48225,0.1193,Low
10724,0.1192,Low
18991,0.1192,Low
13884,0.1192,Low
47167,0.1192,Low
17466,0.1192,Low
19409,0.1192,Low
30968,0.1192,Low
14323,0.1192,Low
38277,0.1192,Low
3036,0.1192,Low
1745,0.1192,Low
23077,0.1192,Low
29422,0.1192,Low
6666,0.1192,Low
30165,0.1192,Low
16981,0.1192,Low
41160,0.1192,Low
7572,0.1192,Low
37407,0.1191,Low
49234,0.1191,Low
357,0.1191,Low
6994,0.1191,Low
23722,0.1191,Low
49403,0.1191,Low
21542,0.1191,Low
9572,0.1191,Low
47759,0.1191,Low
35947,0.1191,Low
13173,0.1191,Low
27252,0.1191,Low
28058,0.1191,Low
46990,0.1191,Low
37536,0.1191,Low
202,0.1191,Low
1155,0.1191,Low
29061,0.1191,Low
20384,0.1191,Low
40959,0.1191,Low
18055,0.1191,Low
33376,0.1191,Low
12711,0.1191,Low
33027,0.1191,Low
14709,0.1191,Low
27308,0.1191,Low
5963,0.1191,Low
29257,0.1191,Low
9804,0.1191,Low
3265,0.1191,Low
27460,0.1191,Low
13691,0.1191,Low
30972,0.1191,Low
877,0.1191,Low
34297,0.119,Low
29377,0.119,Low
38372,0.119,Low
17777,0.119,Low
47234,0.119,Low
42932,0.119,Low
7071,0.119,Low
8004,0.119,Low
34524,0.119,Low
39916,0.119,Low
4347,0.119,Low
37049,0.119,Low
39312,0.119,Low
46370,0.119,Low
14321,0.119,Low
37824,0.119,Low
10502,0.119,Low
24653,0.119,Low
41004,0.119,Low
18859,0.119,Low
24439,0.119,Low
40886,0.119,Low
19809,0.119,Low
2719,0.119,Low
16852,0.119,Low
47177,0.119,Low
17733,0.119,Low
8890,0.119,Low
34336,0.119,Low
32165,0.119,Low
12113,0.119,Low
17597,0.119,Low
3606,0.119,Low
12130,0.119,Low
642,0.1189,Low
36689,0.1189,Low
50121,0.1189,Low
24241,0.1189,Low
34526,0.1189,Low
9977,0.1189,Low
11820,0.1189,Low
49584,0.1189,Low
8684,0.1189,Low
14991,0.1189,Low
45492,0.1189,Low
51395,0.1189,Low
21505,0.1189,Low
24743,0.1189,Low
23424,0.1189,Low
42814,0.1189,Low
11750,0.1189,Low
40207,0.1189,Low
26345,0.1189,Low
19877,0.1189,Low
31759,0.1189,Low
16712,0.1189,Low
23723,0.1188,Low
7517,0.1188,Low
23859,0.1188,Low
38013,0.1188,Low
14164,0.1188,Low
9161,0.1188,Low
39411,0.1188,Low
38085,0.1188,Low
36277,0.1188,Low
17568,0.1188,Low
18940,0.1188,Low
37041,0.1188,Low
26674,0.1188,Low
28580,0.1188,Low
18723,0.1188,Low
2081,0.1188,Low
48855,0.1188,Low
7962,0.1188,Low
49491,0.1188,Low
40558,0.1188,Low
34468,0.1188,Low
12942,0.1188,Low
30522,0.1188,Low
48794,0.1188,Low
44032,0.1187,Low
45697,0.1187,Low
20406,0.1187,Low
15625,0.1187,Low
40577,0.1187,Low
10767,0.1187,Low
22292,0.1187,Low
10699,0.1187,Low
22036,0.1187,Low
22560,0.1187,Low
13303,0.1187,Low
35973,0.1187,Low
20305,0.1187,Low
21145,0.1187,Low
37689,0.1187,Low
18683,0.1187,Low
6886,0.1187,Low
29159,0.1187,Low
37993,0.1187,Low
42934,0.1187,Low
27055,0.1186,Low
4617,0.1186,Low
21295,0.1186,Low
40130,0.1186,Low
38597,0.1186,Low
2913,0.1186,Low
43337,0.1186,Low
38923,0.1186,Low
38980,0.1186,Low
33729,0.1186,Low
35810,0.1186,Low
32563,0.1186,Low
7339,0.1186,Low
39330,0.1186,Low
36276,0.1186,Low
44459,0.1186,Low
44906,0.1186,Low
29839,0.1186,Low
10347,0.1186,Low
16815,0.1186,Low
32776,0.1186,Low
7508,0.1186,Low
22266,0.1186,Low
45695,0.1186,Low
45721,0.1186,Low
42975,0.1185,Low
3261,0.1185,Low
30728,0.1185,Low
5533,0.1185,Low
35110,0.1185,Low
27399,0.1185,Low
28215,0.1185,Low
29615,0.1185,Low
38647,0.1185,Low
46295,0.1185,Low
23711,0.1185,Low
18299,0.1185,Low
29752,0.1185,Low
49114,0.1185,Low
19198,0.1185,Low
49856,0.1185,Low
36633,0.1185,Low
49142,0.1185,Low
39783,0.1185,Low
28038,0.1185,Low
34399,0.1185,Low
23951,0.1184,Low
6074,0.1184,Low
29809,0.1184,Low
33828,0.1184,Low
32986,0.1184,Low
10915,0.1184,Low
41477,0.1184,Low
32166,0.1184,Low
27236,0.1184,Low
3650,0.1184,Low
4759,0.1184,Low
6119,0.1184,Low
4535,0.1184,Low
10812,0.1184,Low
3960,0.1184,Low
45184,0.1184,Low
31197,0.1184,Low
48326,0.1184,Low
2561,0.1184,Low
45722,0.1184,Low
47057,0.1184,Low
13139,0.1184,Low
45455,0.1184,Low
11647,0.1184,Low
22117,0.1184,Low
25496,0.1184,Low
9120,0.1183,Low
21695,0.1183,Low
17341,0.1183,Low
22104,0.1183,Low
40148,0.1183,Low
37414,0.1183,Low
4762,0.1183,Low
36862,0.1183,Low
380,0.1183,Low
43204,0.1183,Low
16289,0.1183,Low
2046,0.1183,Low
20116,0.1183,Low
49317,0.1183,Low
42944,0.1183,Low
50969,0.1183,Low
35450,0.1183,Low
24101,0.1183,Low
7935,0.1183,Low
20850,0.1183,Low
14590,0.1183,Low
7979,0.1183,Low
31737,0.1182,Low
36073,0.1182,Low
21419,0.1182,Low
42039,0.1182,Low
46798,0.1182,Low
22579,0.1182,Low
30583,0.1182,Low
21699,0.1182,Low
16411,0.1182,Low
24094,0.1182,Low
42346,0.1182,Low
1182,0.1182,Low
39349,0.1182,Low
20188,0.1182,Low
1288,0.1182,Low
45551,0.1182,Low
32923,0.1182,Low
28742,0.1182,Low
9944,0.1182,Low
33082,0.1182,Low
40399,0.1182,Low
36779,0.1182,Low
19000,0.1182,Low
51112,0.1182,Low
30203,0.1182,Low
41233,0.1182,Low
7950,0.1182,Low
28370,0.1182,Low
25561,0.1182,Low
29217,0.1182,Low
45656,0.1182,Low
22547,0.1182,Low
47530,0.1182,Low
51027,0.1182,Low
18784,0.1182,Low
51337,0.1181,Low
35762,0.1181,Low
51054,0.1181,Low
12201,0.1181,Low
30487,0.1181,Low
17293,0.1181,Low
31568,0.1181,Low
44602,0.1181,Low
7066,0.1181,Low
44409,0.1181,Low
45759,0.1181,Low
39724,0.1181,Low
20667,0.1181,Low
39323,0.1181,Low
23342,0.1181,Low
13412,0.1181,Low
45954,0.1181,Low
18491,0.1181,Low
35954,0.1181,Low
32526,0.1181,Low
39230,0.1181,Low
11258,0.1181,Low
25252,0.1181,Low
39572,0.1181,Low
21414,0.1181,Low
7512,0.1181,Low
48110,0.1181,Low
21633,0.118,Low
29818,0.118,Low
37598,0.118,Low
49036,0.118,Low
35850,0.118,Low
50143,0.118,Low
8875,0.118,Low
44232,0.118,Low
16680,0.118,Low
43019,0.118,Low
7813,0.118,Low
45115,0.118,Low
24229,0.118,Low
9613,0.118,Low
12634,0.118,Low
47941,0.118,Low
18677,0.118,Low
22204,0.118,Low
22311,0.118,Low
4033,0.118,Low
10221,0.1179,Low
27100,0.1179,Low
51314,0.1179,Low
46617,0.1179,Low
20836,0.1179,Low
49321,0.1179,Low
27333,0.1179,Low
24749,0.1179,Low
46008,0.1179,Low
19373,0.1179,Low
41325,0.1179,Low
25300,0.1179,Low
14161,0.1179,Low
12326,0.1179,Low
13894,0.1179,Low
7744,0.1179,Low
9510,0.1179,Low
1199,0.1179,Low
10404,0.1179,Low
49924,0.1178,Low
36641,0.1178,Low
44859,0.1178,Low
8444,0.1178,Low
39985,0.1178,Low
14302,0.1178,Low
48770,0.1178,Low
5143,0.1178,Low
6811,0.1178,Low
21942,0.1178,Low
7303,0.1178,Low
30168,0.1178,Low
38897,0.1178,Low
47891,0.1178,Low
2775,0.1178,Low
7196,0.1178,Low
17743,0.1178,Low
25140,0.1178,Low
38226,0.1178,Low
17581,0.1178,Low
15333,0.1178,Low
41753,0.1178,Low
35786,0.1178,Low
44090,0.1178,Low
37257,0.1178,Low
42889,0.1177,Low
9026,0.1177,Low
19876,0.1177,Low
33927,0.1177,Low
20853,0.1177,Low
22042,0.1177,Low
12414,0.1177,Low
574,0.1177,Low
42686,0.1177,Low
35594,0.1177,Low
22527,0.1177,Low
47832,0.1177,Low
855,0.1177,Low
45974,0.1177,Low
51806,0.1177,Low
37124,0.1177,Low
46161,0.1177,Low
1181,0.1177,Low
297,0.1177,Low
16714,0.1177,Low
26280,0.1177,Low
18582,0.1177,Low
44143,0.1176,Low
14123,0.1176,Low
40298,0.1176,Low
3806,0.1176,Low
31753,0.1176,Low
21278,0.1176,Low
41988,0.1176,Low
3709,0.1176,Low
46042,0.1176,Low
27680,0.1176,Low
12335,0.1176,Low
4163,0.1176,Low
14995,0.1176,Low
23309,0.1176,Low
30828,0.1176,Low
40939,0.1176,Low
11834,0.1176,Low
47445,0.1176,Low
48386,0.1176,Low
16877,0.1175,Low
42547,0.1175,Low
18027,0.1175,Low
9108,0.1175,Low
46438,0.1175,Low
31785,0.1175,Low
27193,0.1175,Low
7224,0.1175,Low
14009,0.1175,Low
28092,0.1175,Low
37326,0.1175,Low
43987,0.1175,Low
14081,0.1175,Low
8542,0.1175,Low
48260,0.1175,Low
35733,0.1175,Low
34729,0.1175,Low
12213,0.1175,Low
23876,0.1175,Low
43130,0.1175,Low
35146,0.1175,Low
33572,0.1175,Low
48143,0.1175,Low
11095,0.1175,Low
11554,0.1175,Low
5719,0.1175,Low
36728,0.1174,Low
50249,0.1174,Low
7896,0.1174,Low
50264,0.1174,Low
22288,0.1174,Low
44703,0.1174,Low
49,0.1174,Low
7441,0.1174,Low
32078,0.1174,Low
20167,0.1174,Low
12049,0.1174,Low
35245,0.1174,Low
21788,0.1174,Low
45785,0.1174,Low
50990,0.1174,Low
35229,0.1174,Low
5342,0.1174,Low
21544,0.1174,Low
41131,0.1174,Low
30052,0.1174,Low
48372,0.1173,Low
6901,0.1173,Low
20523,0.1173,Low
50326,0.1173,Low
35198,0.1173,Low
2029,0.1173,Low
2196,0.1173,Low
8161,0.1173,Low
46348,0.1173,Low
15773,0.1173,Low
15637,0.1173,Low
5410,0.1173,Low
33467,0.1173,Low
23868,0.1173,Low
11094,0.1173,Low
17464,0.1173,Low
18257,0.1173,Low
3417,0.1173,Low
41570,0.1173,Low
38222,0.1173,Low
35156,0.1172,Low
36181,0.1172,Low
16384,0.1172,Low
43015,0.1172,Low
18605,0.1172,Low
15980,0.1172,Low
10177,0.1172,Low
30846,0.1172,Low
37480,0.1172,Low
20548,0.1172,Low
31188,0.1172,Low
34555,0.1172,Low
2831,0.1172,Low
3523,0.1172,Low
37778,0.1172,Low
2352,0.1172,Low
33862,0.1172,Low
17906,0.1172,Low
12898,0.1172,Low
39886,0.1172,Low
50492,0.1172,Low
43763,0.1171,Low
12302,0.1171,Low
12383,0.1171,Low
45554,0.1171,Low
6073,0.1171,Low
10056,0.1171,Low
49072,0.1171,Low
17487,0.1171,Low
1157,0.1171,Low
38907,0.1171,Low
30069,0.1171,Low
30498,0.1171,Low
36966,0.1171,Low
26803,0.1171,Low
24279,0.1171,Low
49665,0.1171,Low
1440,0.1171,Low
20083,0.1171,Low
15933,0.1171,Low
23917,0.1171,Low
35436,0.1171,Low
9190,0.117,Low
20195,0.117,Low
34227,0.117,Low
49808,0.117,Low
34019,0.117,Low
3043,0.117,Low
10989,0.117,Low
34067,0.117,Low
18541,0.117,Low
18831,0.117,Low
14429,0.117,Low
16393,0.117,Low
17290,0.117,Low
17209,0.117,Low
45632,0.117,Low
49779,0.117,Low
25125,0.117,Low
6294,0.117,Low
23660,0.117,Low
46492,0.117,Low
8413,0.117,Low
8512,0.117,Low
33046,0.117,Low
36084,0.117,Low
683,0.117,Low
29098,0.117,Low
17451,0.117,Low
25594,0.117,Low
31225,0.117,Low
47843,0.117,Low
19397,0.117,Low
51450,0.1169,Low
5713,0.1169,Low
18391,0.1169,Low
48672,0.1169,Low
45852,0.1169,Low
18086,0.1169,Low
1401,0.1169,Low
17928,0.1169,Low
48176,0.1169,Low
34169,0.1169,Low
11670,0.1169,Low
3428,0.1169,Low
9601,0.1169,Low
49842,0.1169,Low
34376,0.1169,Low
24477,0.1169,Low
32949,0.1169,Low
45047,0.1169,Low
33953,0.1169,Low
39036,0.1169,Low
21095,0.1169,Low
564,0.1169,Low
42183,0.1169,Low
3832,0.1169,Low
44640,0.1168,Low
10653,0.1168,Low
21143,0.1168,Low
1266,0.1168,Low
50092,0.1168,Low
9921,0.1168,Low
10450,0.1168,Low
43741,0.1168,Low
45075,0.1168,Low
33485,0.1168,Low
23982,0.1168,Low
17553,0.1168,Low
39618,0.1168,Low
29864,0.1168,Low
31143,0.1168,Low
41122,0.1168,Low
46105,0.1167,Low
13600,0.1167,Low
38445,0.1167,Low
40881,0.1167,Low
12298,0.1167,Low
44162,0.1167,Low
2717,0.1167,Low
10995,0.1167,Low
18129,0.1167,Low
40665,0.1167,Low
22006,0.1167,Low
45912,0.1167,Low
34668,0.1167,Low
17021,0.1167,Low
39210,0.1167,Low
35117,0.1167,Low
10150,0.1167,Low
8505,0.1167,Low
31369,0.1167,Low
6612,0.1167,Low
27662,0.1167,Low
27273,0.1167,Low
3521,0.1167,Low
36584,0.1167,Low
946,0.1167,Low
38673,0.1166,Low
41214,0.1166,Low
45466,0.1166,Low
46610,0.1166,Low
48891,0.1166,Low
5010,0.1166,Low
19715,0.1166,Low
48466,0.1166,Low
14990,0.1166,Low
44299,0.1166,Low
31771,0.1166,Low
25497,0.1166,Low
48153,0.1166,Low
8696,0.1166,Low
35052,0.1166,Low
22555,0.1166,Low
40617,0.1166,Low
44510,0.1166,Low
46285,0.1166,Low
46788,0.1166,Low
23288,0.1166,Low
28684,0.1166,Low
44877,0.1166,Low
36309,0.1166,Low
29435,0.1166,Low
23041,0.1166,Low
13824,0.1166,Low
44281,0.1165,Low
18295,0.1165,Low
9840,0.1165,Low
6490,0.1165,Low
503,0.1165,Low
32277,0.1165,Low
24012,0.1165,Low
4698,0.1165,Low
12881,0.1165,Low
32339,0.1165,Low
49254,0.1165,Low
39047,0.1165,Low
43561,0.1165,Low
2320,0.1165,Low
15616,0.1165,Low
35628,0.1165,Low
607,0.1165,Low
6056,0.1165,Low
31074,0.1165,Low
35476,0.1165,Low
37239,0.1165,Low
45600,0.1165,Low
33605,0.1164,Low
45994,0.1164,Low
49324,0.1164,Low
22381,0.1164,Low
2272,0.1164,Low
1428,0.1164,Low
46,0.1164,Low
48077,0.1164,Low
11513,0.1164,Low
10058,0.1164,Low
32195,0.1164,Low
6890,0.1164,Low
19618,0.1164,Low
36389,0.1164,Low
26764,0.1164,Low
44320,0.1164,Low
38300,0.1164,Low
14819,0.1164,Low
39820,0.1164,Low
45203,0.1164,Low
25900,0.1164,Low
3484,0.1164,Low
12245,0.1163,Low
29237,0.1163,Low
49050,0.1163,Low
27032,0.1163,Low
44111,0.1163,Low
30121,0.1163,Low
16196,0.1163,Low
29419,0.1163,Low
43587,0.1163,Low
3841,0.1163,Low
34986,0.1163,Low
29039,0.1163,Low
51093,0.1163,Low
31784,0.1163,Low
18330,0.1163,Low
7840,0.1163,Low
45449,0.1163,Low
25114,0.1163,Low
39387,0.1162,Low
26222,0.1162,Low
45402,0.1162,Low
10258,0.1162,Low
429,0.1162,Low
15889,0.1162,Low
21611,0.1162,Low
27556,0.1162,Low
3049,0.1162,Low
13029,0.1162,Low
27786,0.1162,Low
8576,0.1162,Low
25250,0.1162,Low
21797,0.1162,Low
24818,0.1162,Low
27804,0.1161,Low
7968,0.1161,Low
39824,0.1161,Low
1258,0.1161,Low
9172,0.1161,Low
42656,0.1161,Low
19440,0.1161,Low
39229,0.1161,Low
48992,0.1161,Low
47788,0.1161,Low
43121,0.1161,Low
35791,0.1161,Low
40370,0.1161,Low
50248,0.1161,Low
8083,0.1161,Low
31128,0.1161,Low
44304,0.1161,Low
1803,0.1161,Low
14334,0.1161,Low
4754,0.1161,Low
25935,0.116,Low
14257,0.116,Low
38525,0.116,Low
39723,0.116,Low
49149,0.116,Low
47312,0.116,Low
27811,0.116,Low
8956,0.116,Low
3726,0.116,Low
24310,0.116,Low
22080,0.116,Low
51017,0.116,Low
3678,0.116,Low
22602,0.116,Low
37312,0.116,Low
41447,0.116,Low
22403,0.116,Low
12654,0.116,Low
14699,0.116,Low
7574,0.116,Low
22859,0.116,Low
39466,0.116,Low
33244,0.116,Low
40619,0.1159,Low
8927,0.1159,Low
37465,0.1159,Low
28916,0.1159,Low
34020,0.1159,Low
50485,0.1159,Low
50825,0.1159,Low
33028,0.1159,Low
51512,0.1159,Low
28887,0.1159,Low
14925,0.1159,Low
12050,0.1159,Low
48454,0.1159,Low
25647,0.1159,Low
15736,0.1159,Low
31702,0.1159,Low
7008,0.1159,Low
43115,0.1159,Low
31747,0.1158,Low
41198,0.1158,Low
25204,0.1158,Low
50574,0.1158,Low
11890,0.1158,Low
24223,0.1158,Low
12849,0.1158,Low
3411,0.1158,Low
20225,0.1158,Low
22121,0.1158,Low
33140,0.1158,Low
44594,0.1158,Low
19676,0.1158,Low
22173,0.1158,Low
13625,0.1158,Low
22975,0.1158,Low
37432,0.1158,Low
26623,0.1158,Low
7901,0.1158,Low
21656,0.1158,Low
21029,0.1158,Low
36176,0.1158,Low
39513,0.1158,Low
81,0.1158,Low
19293,0.1158,Low
35516,0.1158,Low
47965,0.1158,Low
31172,0.1158,Low
16097,0.1157,Low
11489,0.1157,Low
42984,0.1157,Low
20409,0.1157,Low
5054,0.1157,Low
48499,0.1157,Low
16842,0.1157,Low
28585,0.1157,Low
41883,0.1157,Low
5223,0.1157,Low
45942,0.1157,Low
44975,0.1157,Low
30355,0.1157,Low
41523,0.1157,Low
43099,0.1157,Low
24152,0.1157,Low
32286,0.1157,Low
44913,0.1157,Low
43944,0.1157,Low
32205,0.1157,Low
7855,0.1157,Low
45053,0.1157,Low
49362,0.1156,Low
9854,0.1156,Low
14618,0.1156,Low
22879,0.1156,Low
37143,0.1156,Low
1427,0.1156,Low
9061,0.1156,Low
50830,0.1156,Low
42988,0.1156,Low
26576,0.1156,Low
22105,0.1156,Low
10909,0.1156,Low
42812,0.1156,Low
702,0.1156,Low
1805,0.1156,Low
32870,0.1156,Low
5355,0.1156,Low
20718,0.1156,Low
21224,0.1156,Low
24672,0.1156,Low
47511,0.1156,Low
36613,0.1156,Low
18876,0.1156,Low
28547,0.1156,Low
43298,0.1156,Low
43699,0.1155,Low
9702,0.1155,Low
10606,0.1155,Low
25748,0.1155,Low
27456,0.1155,Low
9590,0.1155,Low
29024,0.1155,Low
6249,0.1155,Low
49129,0.1155,Low
45195,0.1155,Low
23831,0.1155,Low
24844,0.1155,Low
32937,0.1155,Low
23360,0.1155,Low
36185,0.1155,Low
4321,0.1154,Low
30912,0.1154,Low
45673,0.1154,Low
22997,0.1154,Low
15855,0.1154,Low
11520,0.1154,Low
45220,0.1154,Low
42024,0.1154,Low
13064,0.1154,Low
5055,0.1154,Low
34474,0.1154,Low
45799,0.1154,Low
2451,0.1154,Low
5136,0.1154,Low
38929,0.1153,Low
37531,0.1153,Low
13394,0.1153,Low
45806,0.1153,Low
20203,0.1153,Low
15868,0.1153,Low
4316,0.1153,Low
19281,0.1153,Low
45418,0.1153,Low
43139,0.1153,Low
49340,0.1153,Low
38220,0.1153,Low
28663,0.1153,Low
46546,0.1153,Low
22611,0.1153,Low
15389,0.1153,Low
26529,0.1153,Low
36544,0.1153,Low
13688,0.1153,Low
37168,0.1153,Low
22742,0.1153,Low
48278,0.1153,Low
47071,0.1153,Low
21526,0.1152,Low
24404,0.1152,Low
30021,0.1152,Low
34263,0.1152,Low
2377,0.1152,Low
39369,0.1152,Low
10802,0.1152,Low
20308,0.1152,Low
19094,0.1152,Low
49077,0.1152,Low
40386,0.1152,Low
34138,0.1152,Low
15114,0.1152,Low
20516,0.1152,Low
11232,0.1151,Low
3127,0.1151,Low
12424,0.1151,Low
27259,0.1151,Low
10013,0.1151,Low
33839,0.1151,Low
41953,0.1151,Low
38182,0.1151,Low
50563,0.1151,Low
40901,0.1151,Low
27199,0.1151,Low
13200,0.1151,Low
37061,0.1151,Low
39651,0.1151,Low
50952,0.1151,Low
20382,0.1151,Low
21933,0.1151,Low
21802,0.115,Low
4213,0.115,Low
8373,0.115,Low
39140,0.115,Low
15831,0.115,Low
32102,0.115,Low
50891,0.115,Low
31429,0.115,Low
36028,0.115,Low
39451,0.115,Low
20399,0.115,Low
46359,0.115,Low
41528,0.115,Low
6732,0.115,Low
37491,0.115,Low
6224,0.115,Low
47412,0.115,Low
26174,0.115,Low
49622,0.115,Low
32139,0.115,Low
39357,0.115,Low
1498,0.115,Low
25953,0.115,Low
43536,0.115,Low
30312,0.115,Low
4456,0.115,Low
10911,0.1149,Low
31393,0.1149,Low
50539,0.1149,Low
19960,0.1149,Low
5267,0.1149,Low
3759,0.1149,Low
3811,0.1149,Low
10456,0.1149,Low
47694,0.1149,Low
17166,0.1149,Low
25597,0.1149,Low
18983,0.1149,Low
34736,0.1149,Low
43283,0.1149,Low
41267,0.1149,Low
28636,0.1149,Low
34824,0.1149,Low
378,0.1149,Low
12084,0.1149,Low
44788,0.1149,Low
3374,0.1149,Low
49702,0.1148,Low
28701,0.1148,Low
4503,0.1148,Low
33556,0.1148,Low
4867,0.1148,Low
20702,0.1148,Low
751,0.1148,Low
48505,0.1148,Low
20019,0.1148,Low
42953,0.1148,Low
24399,0.1148,Low
826,0.1148,Low
63,0.1148,Low
51774,0.1148,Low
44555,0.1147,Low
51346,0.1147,Low
5193,0.1147,Low
35645,0.1147,Low
34851,0.1147,Low
36237,0.1147,Low
33855,0.1147,Low
47937,0.1147,Low
49175,0.1147,Low
36877,0.1147,Low
6075,0.1147,Low
16414,0.1147,Low
22265,0.1147,Low
1011,0.1147,Low
2621,0.1147,Low
28590,0.1147,Low
24780,0.1147,Low
31372,0.1147,Low
13075,0.1147,Low
4786,0.1147,Low
4111,0.1147,Low
9983,0.1147,Low
23052,0.1147,Low
20812,0.1147,Low
49786,0.1147,Low
6727,0.1147,Low
21956,0.1147,Low
39124,0.1147,Low
33011,0.1147,Low
43211,0.1147,Low
35166,0.1147,Low
20617,0.1147,Low
15398,0.1146,Low
4823,0.1146,Low
6707,0.1146,Low
37731,0.1146,Low
24555,0.1146,Low
7898,0.1146,Low
17365,0.1146,Low
29459,0.1146,Low
46872,0.1146,Low
3858,0.1146,Low
11439,0.1146,Low
41443,0.1146,Low
41039,0.1146,Low
14228,0.1146,Low
29248,0.1146,Low
42513,0.1146,Low
40596,0.1146,Low
8931,0.1146,Low
37091,0.1146,Low
29113,0.1146,Low
32419,0.1146,Low
46057,0.1146,Low
38833,0.1146,Low
35231,0.1146,Low
23669,0.1146,Low
14695,0.1146,Low
51091,0.1146,Low
20815,0.1146,Low
32063,0.1146,Low
1856,0.1146,Low
51287,0.1145,Low
39146,0.1145,Low
22390,0.1145,Low
26449,0.1145,Low
2958,0.1145,Low
19855,0.1145,Low
35158,0.1145,Low
15789,0.1145,Low
27653,0.1145,Low
12436,0.1145,Low
36455,0.1145,Low
8966,0.1145,Low
34319,0.1145,Low
36109,0.1145,Low
4295,0.1145,Low
49421,0.1145,Low
45149,0.1145,Low
8090,0.1145,Low
27914,0.1145,Low
1833,0.1145,Low
7261,0.1145,Low
42638,0.1144,Low
16533,0.1144,Low
48894,0.1144,Low
38675,0.1144,Low
33343,0.1144,Low
40350,0.1144,Low
25095,0.1144,Low
12639,0.1144,Low
41245,0.1144,Low
22908,0.1144,Low
11434,0.1144,Low
16290,0.1144,Low
5364,0.1144,Low
41006,0.1144,Low
22147,0.1144,Low
1190,0.1144,Low
17344,0.1144,Low
25741,0.1144,Low
41461,0.1144,Low
28496,0.1144,Low
14426,0.1144,Low
35913,0.1144,Low
18105,0.1144,Low
46975,0.1144,Low
3583,0.1144,Low
42355,0.1144,Low
50805,0.1144,Low
51573,0.1144,Low
25406,0.1144,Low
4159,0.1144,Low
12676,0.1144,Low
38773,0.1144,Low
1005,0.1144,Low
48637,0.1144,Low
34797,0.1144,Low
9060,0.1143,Low
22962,0.1143,Low
29031,0.1143,Low
22235,0.1143,Low
11545,0.1143,Low
18814,0.1143,Low
31773,0.1143,Low
41263,0.1143,Low
13343,0.1143,Low
49699,0.1143,Low
51005,0.1143,Low
138,0.1143,Low
24577,0.1143,Low
5338,0.1143,Low
24982,0.1143,Low
50433,0.1143,Low
30835,0.1142,Low
47500,0.1142,Low
21850,0.1142,Low
24334,0.1142,Low
41346,0.1142,Low
31756,0.1142,Low
18596,0.1142,Low
5886,0.1142,Low
47894,0.1142,Low
26642,0.1142,Low
34896,0.1142,Low
10032,0.1142,Low
30507,0.1142,Low
36311,0.1142,Low
32930,0.1142,Low
5200,0.1142,Low
11738,0.1141,Low
49742,0.1141,Low
28218,0.1141,Low
36563,0.1141,Low
35811,0.1141,Low
44538,0.1141,Low
34455,0.1141,Low
35874,0.1141,Low
49020,0.1141,Low
26741,0.1141,Low
49526,0.1141,Low
6905,0.1141,Low
46144,0.1141,Low
23611,0.1141,Low
31595,0.1141,Low
36774,0.1141,Low
31191,0.1141,Low
3030,0.1141,Low
21602,0.1141,Low
4095,0.1141,Low
27965,0.1141,Low
27360,0.114,Low
31317,0.114,Low
27594,0.114,Low
21571,0.114,Low
11585,0.114,Low
42449,0.114,Low
6920,0.114,Low
4224,0.114,Low
30096,0.114,Low
11845,0.114,Low
12094,0.114,Low
7232,0.114,Low
37510,0.114,Low
41739,0.114,Low
27324,0.114,Low
39396,0.114,Low
34788,0.114,Low
5369,0.1139,Low
50876,0.1139,Low
40750,0.1139,Low
3120,0.1139,Low
14811,0.1139,Low
19374,0.1139,Low
9209,0.1139,Low
39410,0.1139,Low
6093,0.1139,Low
44007,0.1139,Low
44238,0.1139,Low
38441,0.1139,Low
502,0.1139,Low
29669,0.1139,Low
7398,0.1139,Low
554,0.1139,Low
11162,0.1139,Low
29389,0.1139,Low
37567,0.1139,Low
29633,0.1139,Low
6352,0.1139,Low
19202,0.1139,Low
24158,0.1139,Low
6003,0.1139,Low
33812,0.1139,Low
33653,0.1139,Low
13319,0.1139,Low
29960,0.1139,Low
16586,0.1139,Low
19040,0.1139,Low
6326,0.1138,Low
31287,0.1138,Low
8217,0.1138,Low
27368,0.1138,Low
11226,0.1138,Low
37638,0.1138,Low
41080,0.1138,Low
20607,0.1138,Low
36358,0.1138,Low
44816,0.1138,Low
12021,0.1138,Low
25202,0.1138,Low
48920,0.1138,Low
25253,0.1138,Low
31955,0.1138,Low
9283,0.1138,Low
4920,0.1138,Low
5036,0.1138,Low
12119,0.1138,Low
36177,0.1137,Low
25663,0.1137,Low
22853,0.1137,Low
21736,0.1137,Low
35531,0.1137,Low
49076,0.1137,Low
27863,0.1137,Low
22730,0.1137,Low
21236,0.1137,Low
269,0.1137,Low
51866,0.1137,Low
1778,0.1137,Low
15125,0.1137,Low
47472,0.1137,Low
46802,0.1137,Low
39610,0.1137,Low
28720,0.1137,Low
6380,0.1137,Low
10067,0.1137,Low
24408,0.1137,Low
31599,0.1137,Low
3591,0.1137,Low
15784,0.1137,Low
21794,0.1136,Low
12455,0.1136,Low
1723,0.1136,Low
36279,0.1136,Low
19330,0.1136,Low
22664,0.1136,Low
14526,0.1136,Low
30946,0.1136,Low
17481,0.1136,Low
9104,0.1136,Low
9432,0.1136,Low
17924,0.1136,Low
24877,0.1136,Low
28551,0.1136,Low
27253,0.1136,Low
48455,0.1136,Low
24295,0.1136,Low
27170,0.1135,Low
25393,0.1135,Low
21018,0.1135,Low
6862,0.1135,Low
46720,0.1135,Low
38305,0.1135,Low
44663,0.1135,Low
26816,0.1135,Low
38528,0.1135,Low
35781,0.1135,Low
3209,0.1135,Low
21382,0.1135,Low
22302,0.1135,Low
42890,0.1135,Low
35853,0.1135,Low
241,0.1135,Low
49517,0.1135,Low
27778,0.1135,Low
9053,0.1134,Low
47515,0.1134,Low
37163,0.1134,Low
38843,0.1134,Low
24007,0.1134,Low
4772,0.1134,Low
22929,0.1134,Low
34174,0.1134,Low
31749,0.1134,Low
18475,0.1134,Low
41826,0.1134,Low
44405,0.1134,Low
27991,0.1134,Low
26453,0.1134,Low
49402,0.1134,Low
4497,0.1134,Low
15281,0.1134,Low
24924,0.1134,Low
11393,0.1134,Low
2908,0.1134,Low
2381,0.1134,Low
10218,0.1134,Low
10842,0.1134,Low
2844,0.1134,Low
41124,0.1134,Low
1374,0.1134,Low
19322,0.1134,Low
50595,0.1134,Low
50779,0.1134,Low
15246,0.1134,Low
36388,0.1134,Low
50384,0.1134,Low
10702,0.1133,Low
16488,0.1133,Low
23540,0.1133,Low
5105,0.1133,Low
31604,0.1133,Low
8333,0.1133,Low
33063,0.1133,Low
26737,0.1133,Low
38448,0.1133,Low
1396,0.1133,Low
26482,0.1133,Low
49333,0.1133,Low
6860,0.1133,Low
38255,0.1133,Low
46466,0.1133,Low
14540,0.1133,Low
33931,0.1133,Low
4036,0.1133,Low
58,0.1133,Low
18320,0.1133,Low
10836,0.1132,Low
28476,0.1132,Low
48420,0.1132,Low
38900,0.1132,Low
8367,0.1132,Low
39784,0.1132,Low
11448,0.1132,Low
48850,0.1132,Low
13754,0.1132,Low
20319,0.1132,Low
3227,0.1132,Low
6374,0.1132,Low
11248,0.1132,Low
27713,0.1132,Low
28100,0.1132,Low
14093,0.1132,Low
18367,0.1132,Low
11205,0.1132,Low
28300,0.1132,Low
48266,0.1132,Low
10086,0.1132,Low
5510,0.1132,Low
20490,0.1132,Low
18413,0.1132,Low
22815,0.1132,Low
13382,0.1132,Low
37891,0.1132,Low
39569,0.1131,Low
47626,0.1131,Low
17936,0.1131,Low
843,0.1131,Low
10057,0.1131,Low
33327,0.1131,Low
19044,0.1131,Low
10966,0.1131,Low
40806,0.1131,Low
14813,0.1131,Low
38981,0.1131,Low
25049,0.1131,Low
13150,0.1131,Low
39649,0.1131,Low
40217,0.1131,Low
2028,0.1131,Low
38206,0.1131,Low
41637,0.1131,Low
19500,0.1131,Low
23813,0.1131,Low
28561,0.1131,Low
21179,0.1131,Low
34515,0.1131,Low
31254,0.1131,Low
37923,0.1131,Low
22158,0.1131,Low
36166,0.1131,Low
24750,0.113,Low
1384,0.113,Low
41053,0.113,Low
9360,0.113,Low
49704,0.113,Low
44530,0.113,Low
38191,0.113,Low
48582,0.113,Low
44160,0.113,Low
30152,0.113,Low
43243,0.113,Low
25680,0.113,Low
44527,0.113,Low
45143,0.113,Low
7256,0.113,Low
47000,0.113,Low
8965,0.113,Low
20907,0.113,Low
5221,0.113,Low
46658,0.113,Low
42066,0.113,Low
17705,0.113,Low
15279,0.113,Low
26610,0.1129,Low
25127,0.1129,Low
43309,0.1129,Low
386,0.1129,Low
31194,0.1129,Low
36254,0.1129,Low
3210,0.1129,Low
1923,0.1129,Low
1393,0.1129,Low
24267,0.1129,Low
5673,0.1129,Low
24274,0.1129,Low
33268,0.1129,Low
49690,0.1129,Low
17717,0.1129,Low
30695,0.1129,Low
15054,0.1129,Low
23080,0.1129,Low
28026,0.1129,Low
40425,0.1129,Low
47160,0.1129,Low
5842,0.1129,Low
16915,0.1129,Low
22783,0.1128,Low
41689,0.1128,Low
33699,0.1128,Low
31029,0.1128,Low
14217,0.1128,Low
3522,0.1128,Low
28461,0.1128,Low
2146,0.1128,Low
31754,0.1128,Low
16200,0.1128,Low
6295,0.1128,Low
40676,0.1128,Low
50442,0.1128,Low
25458,0.1128,Low
773,0.1128,Low
20082,0.1128,Low
38867,0.1128,Low
38369,0.1128,Low
29056,0.1128,Low
36002,0.1128,Low
14010,0.1128,Low
41438,0.1128,Low
3665,0.1128,Low
41611,0.1128,Low
47846,0.1128,Low
19004,0.1128,Low
27986,0.1128,Low
47426,0.1128,Low
47036,0.1128,Low
38115,0.1128,Low
6442,0.1128,Low
37139,0.1128,Low
14547,0.1127,Low
43783,0.1127,Low
47858,0.1127,Low
14755,0.1127,Low
39817,0.1127,Low
10991,0.1127,Low
7370,0.1127,Low
17824,0.1127,Low
49203,0.1127,Low
1903,0.1127,Low
29517,0.1127,Low
48456,0.1127,Low
26523,0.1127,Low
17308,0.1127,Low
45270,0.1127,Low
18435,0.1126,Low
15862,0.1126,Low
13044,0.1126,Low
21892,0.1126,Low
33412,0.1126,Low
5487,0.1126,Low
47954,0.1126,Low
51004,0.1126,Low
30818,0.1126,Low
9912,0.1126,Low
25891,0.1126,Low
6186,0.1126,Low
38481,0.1126,Low
30361,0.1126,Low
18755,0.1126,Low
50717,0.1126,Low
19056,0.1126,Low
39064,0.1126,Low
30263,0.1126,Low
20094,0.1126,Low
33774,0.1126,Low
42306,0.1126,Low
35966,0.1126,Low
26950,0.1126,Low
17118,0.1125,Low
21470,0.1125,Low
30429,0.1125,Low
16417,0.1125,Low
16348,0.1125,Low
19892,0.1125,Low
29844,0.1125,Low
31709,0.1125,Low
16655,0.1125,Low
47168,0.1125,Low
19017,0.1125,Low
5876,0.1125,Low
20781,0.1125,Low
14507,0.1125,Low
29638,0.1125,Low
48256,0.1125,Low
29048,0.1125,Low
17601,0.1125,Low
27645,0.1125,Low
28156,0.1124,Low
26056,0.1124,Low
11786,0.1124,Low
17850,0.1124,Low
24666,0.1124,Low
51329,0.1124,Low
15008,0.1124,Low
17769,0.1124,Low
41309,0.1124,Low
20186,0.1124,Low
46758,0.1124,Low
37692,0.1124,Low
32997,0.1124,Low
47704,0.1124,Low
21594,0.1124,Low
9821,0.1124,Low
26354,0.1124,Low
2986,0.1124,Low
19938,0.1124,Low
22777,0.1124,Low
3458,0.1124,Low
48476,0.1124,Low
18807,0.1124,Low
38344,0.1123,Low
30984,0.1123,Low
18235,0.1123,Low
16099,0.1123,Low
51338,0.1123,Low
34521,0.1123,Low
39442,0.1123,Low
7463,0.1123,Low
28158,0.1123,Low
43514,0.1123,Low
45590,0.1123,Low
9471,0.1123,Low
31409,0.1123,Low
10544,0.1123,Low
46633,0.1123,Low
19534,0.1123,Low
23845,0.1123,Low
45726,0.1123,Low
15299,0.1123,Low
22431,0.1123,Low
43785,0.1123,Low
20214,0.1123,Low
51299,0.1123,Low
4871,0.1123,Low
21019,0.1122,Low
32919,0.1122,Low
26947,0.1122,Low
38727,0.1122,Low
24064,0.1122,Low
51113,0.1122,Low
22427,0.1122,Low
6538,0.1122,Low
48005,0.1122,Low
47867,0.1122,Low
16046,0.1122,Low
32733,0.1122,Low
12694,0.1122,Low
19583,0.1122,Low
8016,0.1122,Low
33246,0.1122,Low
26684,0.1122,Low
14856,0.1122,Low
25994,0.1122,Low
453,0.1122,Low
10931,0.1122,Low
34349,0.1122,Low
49230,0.1122,Low
27641,0.1121,Low
50745,0.1121,Low
15211,0.1121,Low
44350,0.1121,Low
34731,0.1121,Low
25484,0.1121,Low
13707,0.1121,Low
6134,0.1121,Low
49792,0.1121,Low
17009,0.1121,Low
14826,0.1121,Low
22911,0.1121,Low
40098,0.1121,Low
12483,0.1121,Low
45502,0.1121,Low
39563,0.1121,Low
21088,0.1121,Low
1734,0.1121,Low
24434,0.1121,Low
38630,0.1121,Low
19487,0.112,Low
29514,0.112,Low
15550,0.112,Low
40652,0.112,Low
16054,0.112,Low
10771,0.112,Low
37897,0.112,Low
50337,0.112,Low
30856,0.112,Low
33463,0.112,Low
8370,0.112,Low
28042,0.112,Low
4990,0.112,Low
20215,0.112,Low
30127,0.112,Low
48642,0.112,Low
10550,0.112,Low
51258,0.112,Low
32983,0.112,Low
4740,0.112,Low
34987,0.112,Low
8200,0.112,Low
32081,0.112,Low
17640,0.112,Low
16747,0.1119,Low
35112,0.1119,Low
1482,0.1119,Low
31499,0.1119,Low
13681,0.1119,Low
7229,0.1119,Low
29789,0.1119,Low
15286,0.1119,Low
11314,0.1119,Low
39176,0.1119,Low
8908,0.1119,Low
7905,0.1119,Low
24916,0.1119,Low
7604,0.1119,Low
6470,0.1119,Low
29361,0.1119,Low
40744,0.1119,Low
34240,0.1119,Low
29040,0.1119,Low
27844,0.1119,Low
20216,0.1118,Low
12160,0.1118,Low
44553,0.1118,Low
23313,0.1118,Low
33541,0.1118,Low
2606,0.1118,Low
45829,0.1118,Low
11296,0.1118,Low
36327,0.1118,Low
41758,0.1118,Low
8617,0.1118,Low
35047,0.1118,Low
8032,0.1118,Low
15848,0.1118,Low
16423,0.1118,Low
19062,0.1118,Low
43861,0.1118,Low
25648,0.1118,Low
37941,0.1118,Low
1237,0.1118,Low
33936,0.1117,Low
28996,0.1117,Low
5314,0.1117,Low
23867,0.1117,Low
31886,0.1117,Low
50233,0.1117,Low
43519,0.1117,Low
47936,0.1117,Low
11970,0.1117,Low
43301,0.1117,Low
31787,0.1117,Low
40240,0.1117,Low
17157,0.1117,Low
30231,0.1117,Low
16382,0.1117,Low
33077,0.1117,Low
11760,0.1117,Low
48015,0.1117,Low
30073,0.1117,Low
37121,0.1117,Low
27340,0.1117,Low
44383,0.1117,Low
5997,0.1117,Low
10017,0.1117,Low
32999,0.1117,Low
11871,0.1117,Low
15376,0.1117,Low
42648,0.1116,Low
14207,0.1116,Low
26303,0.1116,Low
25427,0.1116,Low
38009,0.1116,Low
44342,0.1116,Low
5654,0.1116,Low
43028,0.1116,Low
8752,0.1116,Low
16834,0.1116,Low
34756,0.1116,Low
32152,0.1116,Low
45367,0.1116,Low
2802,0.1116,Low
33452,0.1116,Low
26938,0.1116,Low
7230,0.1116,Low
47124,0.1116,Low
36853,0.1116,Low
38096,0.1116,Low
23890,0.1115,Low
24417,0.1115,Low
18354,0.1115,Low
29129,0.1115,Low
51059,0.1115,Low
33857,0.1115,Low
23932,0.1115,Low
3278,0.1115,Low
25978,0.1115,Low
6179,0.1115,Low
39570,0.1115,Low
50077,0.1115,Low
43295,0.1115,Low
22030,0.1115,Low
42629,0.1115,Low
36297,0.1115,Low
5916,0.1115,Low
35045,0.1115,Low
50628,0.1115,Low
10960,0.1115,Low
39879,0.1114,Low
9797,0.1114,Low
1461,0.1114,Low
46430,0.1114,Low
24620,0.1114,Low
28048,0.1114,Low
30726,0.1114,Low
41734,0.1114,Low
42713,0.1114,Low
25565,0.1114,Low
7942,0.1114,Low
50216,0.1114,Low
38168,0.1114,Low
46094,0.1114,Low
49002,0.1114,Low
35493,0.1114,Low
23348,0.1114,Low
4207,0.1114,Low
12230,0.1114,Low
49789,0.1114,Low
45163,0.1113,Low
2815,0.1113,Low
20404,0.1113,Low
2102,0.1113,Low
20898,0.1113,Low
38471,0.1113,Low
22683,0.1113,Low
42299,0.1113,Low
36308,0.1113,Low
17903,0.1113,Low
15220,0.1113,Low
29382,0.1113,Low
49935,0.1113,Low
2586,0.1113,Low
19708,0.1113,Low
35548,0.1113,Low
47931,0.1113,Low
22328,0.1113,Low
44939,0.1113,Low
33481,0.1113,Low
25058,0.1113,Low
33375,0.1113,Low
23439,0.1112,Low
43089,0.1112,Low
419,0.1112,Low
44072,0.1112,Low
25506,0.1112,Low
8649,0.1112,Low
12540,0.1112,Low
26774,0.1112,Low
22616,0.1112,Low
8493,0.1112,Low
18856,0.1112,Low
49645,0.1112,Low
38123,0.1112,Low
5142,0.1112,Low
21947,0.1112,Low
42018,0.1112,Low
50215,0.1112,Low
23726,0.1112,Low
12460,0.1112,Low
12573,0.1112,Low
4798,0.1112,Low
49661,0.1111,Low
13947,0.1111,Low
4724,0.1111,Low
30977,0.1111,Low
27461,0.1111,Low
38995,0.1111,Low
51704,0.1111,Low
31997,0.1111,Low
23988,0.1111,Low
16800,0.1111,Low
14298,0.1111,Low
38495,0.1111,Low
22169,0.1111,Low
28093,0.1111,Low
10924,0.1111,Low
38397,0.1111,Low
25657,0.1111,Low
27874,0.1111,Low
25604,0.1111,Low
49768,0.1111,Low
26285,0.1111,Low
49541,0.1111,Low
38028,0.1111,Low
16603,0.1111,Low
11977,0.111,Low
25290,0.111,Low
41162,0.111,Low
12268,0.111,Low
36160,0.111,Low
2170,0.111,Low
31274,0.111,Low
35387,0.111,Low
20684,0.111,Low
12597,0.111,Low
18604,0.111,Low
4738,0.111,Low
11481,0.111,Low
10411,0.111,Low
42738,0.111,Low
23369,0.111,Low
49782,0.111,Low
7613,0.1109,Low
11499,0.1109,Low
20129,0.1109,Low
51612,0.1109,Low
20559,0.1109,Low
18692,0.1109,Low
2800,0.1109,Low
6091,0.1109,Low
34809,0.1109,Low
5590,0.1109,Low
5387,0.1109,Low
5004,0.1109,Low
47757,0.1109,Low
25257,0.1109,Low
22670,0.1109,Low
13518,0.1109,Low
40774,0.1109,Low
853,0.1109,Low
19638,0.1109,Low
48756,0.1109,Low
2079,0.1109,Low
29747,0.1109,Low
49570,0.1108,Low
18077,0.1108,Low
12292,0.1108,Low
32815,0.1108,Low
51802,0.1108,Low
2552,0.1108,Low
13376,0.1108,Low
24600,0.1108,Low
21034,0.1108,Low
5294,0.1108,Low
23365,0.1108,Low
42537,0.1108,Low
31550,0.1108,Low
33474,0.1108,Low
20132,0.1108,Low
7417,0.1108,Low
10882,0.1108,Low
32699,0.1108,Low
47134,0.1108,Low
18503,0.1108,Low
27161,0.1108,Low
37276,0.1108,Low
31185,0.1108,Low
16012,0.1108,Low
3712,0.1108,Low
44390,0.1108,Low
47262,0.1108,Low
41007,0.1107,Low
39117,0.1107,Low
2209,0.1107,Low
120,0.1107,Low
36458,0.1107,Low
28132,0.1107,Low
17689,0.1107,Low
3081,0.1107,Low
38159,0.1107,Low
41351,0.1107,Low
26995,0.1107,Low
24688,0.1107,Low
7928,0.1107,Low
34861,0.1107,Low
10634,0.1107,Low
47856,0.1107,Low
45118,0.1107,Low
39994,0.1106,Low
8127,0.1106,Low
28874,0.1106,Low
36798,0.1106,Low
6838,0.1106,Low
6024,0.1106,Low
41027,0.1106,Low
6412,0.1106,Low
9480,0.1106,Low
8585,0.1106,Low
27058,0.1106,Low
45389,0.1106,Low
26750,0.1106,Low
12208,0.1106,Low
43170,0.1106,Low
3977,0.1106,Low
24214,0.1106,Low
26486,0.1106,Low
13407,0.1106,Low
39626,0.1106,Low
49255,0.1106,Low
22058,0.1106,Low
23933,0.1105,Low
27075,0.1105,Low
48517,0.1105,Low
40703,0.1105,Low
2149,0.1105,Low
2714,0.1105,Low
41999,0.1105,Low
26534,0.1105,Low
5349,0.1105,Low
21404,0.1105,Low
33601,0.1105,Low
7696,0.1105,Low
11118,0.1105,Low
2993,0.1105,Low
42941,0.1105,Low
20375,0.1105,Low
9863,0.1105,Low
13537,0.1105,Low
30839,0.1105,Low
40023,0.1105,Low
14332,0.1105,Low
36204,0.1105,Low
14320,0.1105,Low
36143,0.1105,Low
35807,0.1105,Low
44247,0.1104,Low
19141,0.1104,Low
11274,0.1104,Low
6292,0.1104,Low
46999,0.1104,Low
40904,0.1104,Low
47669,0.1104,Low
38750,0.1104,Low
44256,0.1104,Low
25287,0.1104,Low
15924,0.1104,Low
44878,0.1104,Low
43065,0.1104,Low
3033,0.1104,Low
1477,0.1104,Low
34364,0.1104,Low
21309,0.1104,Low
27157,0.1104,Low
15509,0.1104,Low
32182,0.1104,Low
1479,0.1104,Low
17122,0.1104,Low
37653,0.1104,Low
8301,0.1103,Low
3393,0.1103,Low
47112,0.1103,Low
10581,0.1103,Low
40669,0.1103,Low
19886,0.1103,Low
49545,0.1103,Low
9638,0.1103,Low
43277,0.1103,Low
49269,0.1103,Low
40491,0.1103,Low
18459,0.1103,Low
5075,0.1103,Low
748,0.1103,Low
24105,0.1103,Low
2459,0.1103,Low
12486,0.1103,Low
2323,0.1103,Low
30181,0.1103,Low
18982,0.1102,Low
11575,0.1102,Low
51766,0.1102,Low
21517,0.1102,Low
18915,0.1102,Low
50743,0.1102,Low
33496,0.1102,Low
31965,0.1102,Low
13803,0.1102,Low
45098,0.1102,Low
30332,0.1102,Low
18730,0.1102,Low
36944,0.1102,Low
45736,0.1102,Low
12893,0.1102,Low
29572,0.1102,Low
25273,0.1102,Low
18515,0.1102,Low
46434,0.1102,Low
11869,0.1102,Low
8754,0.1102,Low
7694,0.1102,Low
14437,0.1102,Low
6299,0.1102,Low
41603,0.1101,Low
41366,0.1101,Low
20013,0.1101,Low
19107,0.1101,Low
15524,0.1101,Low
25373,0.1101,Low
25222,0.1101,Low
25584,0.1101,Low
31098,0.1101,Low
39951,0.1101,Low
43468,0.1101,Low
39732,0.1101,Low
29937,0.1101,Low
5331,0.1101,Low
35160,0.11,Low
26172,0.11,Low
33871,0.11,Low
8502,0.11,Low
49967,0.11,Low
771,0.11,Low
36530,0.11,Low
2660,0.11,Low
45646,0.11,Low
25628,0.11,Low
24082,0.11,Low
12032,0.11,Low
14454,0.11,Low
29887,0.11,Low
43575,0.11,Low
5335,0.11,Low
46630,0.11,Low
39081,0.11,Low
15648,0.11,Low
13179,0.11,Low
49635,0.11,Low
18485,0.11,Low
3984,0.11,Low
21557,0.11,Low
1462,0.11,Low
7407,0.1099,Low
45454,0.1099,Low
30808,0.1099,Low
20420,0.1099,Low
30610,0.1099,Low
43896,0.1099,Low
29339,0.1099,Low
25797,0.1099,Low
13669,0.1099,Low
47676,0.1099,Low
30043,0.1099,Low
15517,0.1099,Low
31410,0.1099,Low
18242,0.1099,Low
14928,0.1099,Low
51724,0.1099,Low
35344,0.1099,Low
21823,0.1099,Low
284,0.1099,Low
6419,0.1099,Low
19641,0.1098,Low
23271,0.1098,Low
15459,0.1098,Low
45018,0.1098,Low
39707,0.1098,Low
37955,0.1098,Low
1339,0.1098,Low
45483,0.1098,Low
26080,0.1098,Low
38868,0.1098,Low
24816,0.1098,Low
27352,0.1098,Low
28327,0.1098,Low
31241,0.1098,Low
34562,0.1098,Low
7501,0.1098,Low
14264,0.1098,Low
28412,0.1098,Low
19164,0.1097,Low
5759,0.1097,Low
2926,0.1097,Low
31187,0.1097,Low
30936,0.1097,Low
14741,0.1097,Low
2256,0.1097,Low
39590,0.1097,Low
50309,0.1097,Low
22257,0.1097,Low
38011,0.1097,Low
18974,0.1097,Low
26308,0.1097,Low
26802,0.1097,Low
17232,0.1097,Low
1739,0.1097,Low
23485,0.1097,Low
26884,0.1097,Low
41407,0.1097,Low
42804,0.1097,Low
1336,0.1097,Low
26510,0.1097,Low
23467,0.1097,Low
14279,0.1097,Low
41057,0.1096,Low
37543,0.1096,Low
15010,0.1096,Low
20949,0.1096,Low
48239,0.1096,Low
44399,0.1096,Low
48775,0.1096,Low
24109,0.1096,Low
38016,0.1096,Low
21184,0.1096,Low
20865,0.1096,Low
47711,0.1096,Low
39660,0.1096,Low
4597,0.1096,Low
5203,0.1096,Low
25028,0.1095,Low
33119,0.1095,Low
4967,0.1095,Low
39483,0.1095,Low
18685,0.1095,Low
46727,0.1095,Low
28465,0.1095,Low
51275,0.1095,Low
25203,0.1095,Low
9005,0.1095,Low
51200,0.1095,Low
15448,0.1095,Low
13429,0.1095,Low
6381,0.1095,Low
9904,0.1095,Low
20165,0.1095,Low
8776,0.1095,Low
11615,0.1095,Low
2882,0.1095,Low
20946,0.1095,Low
2763,0.1095,Low
10688,0.1095,Low
25987,0.1095,Low
5253,0.1095,Low
14868,0.1095,Low
6305,0.1094,Low
6878,0.1094,Low
35348,0.1094,Low
25407,0.1094,Low
27222,0.1094,Low
45071,0.1094,Low
39174,0.1094,Low
22965,0.1094,Low
31557,0.1094,Low
33742,0.1094,Low
47473,0.1094,Low
30039,0.1094,Low
16843,0.1094,Low
48258,0.1094,Low
44423,0.1094,Low
11225,0.1094,Low
17693,0.1094,Low
9445,0.1094,Low
49707,0.1093,Low
31312,0.1093,Low
48181,0.1093,Low
45361,0.1093,Low
37048,0.1093,Low
26375,0.1093,Low
20867,0.1093,Low
30464,0.1093,Low
30187,0.1093,Low
9383,0.1093,Low
5894,0.1093,Low
49647,0.1093,Low
51235,0.1093,Low
49626,0.1093,Low
26636,0.1093,Low
22364,0.1093,Low
10733,0.1093,Low
25277,0.1093,Low
23460,0.1092,Low
6585,0.1092,Low
47038,0.1092,Low
39583,0.1092,Low
46103,0.1092,Low
10102,0.1092,Low
15327,0.1092,Low
34363,0.1092,Low
35878,0.1092,Low
26314,0.1092,Low
43261,0.1092,Low
49590,0.1092,Low
4694,0.1092,Low
13191,0.1092,Low
32441,0.1092,Low
32352,0.1092,Low
17326,0.1092,Low
26577,0.1092,Low
50265,0.1092,Low
18764,0.1092,Low
22412,0.1092,Low
48279,0.1092,Low
1376,0.1092,Low
29773,0.1091,Low
40256,0.1091,Low
28655,0.1091,Low
8036,0.1091,Low
29734,0.1091,Low
24518,0.1091,Low
34000,0.1091,Low
33186,0.1091,Low
30949,0.1091,Low
20833,0.1091,Low
18536,0.1091,Low
22909,0.1091,Low
23666,0.1091,Low
7238,0.1091,Low
6864,0.1091,Low
50849,0.109,Low
42937,0.109,Low
41473,0.109,Low
29160,0.109,Low
48011,0.109,Low
31365,0.109,Low
16243,0.109,Low
35295,0.109,Low
14380,0.109,Low
22867,0.109,Low
16193,0.109,Low
23163,0.109,Low
6636,0.109,Low
35407,0.109,Low
44027,0.109,Low
47951,0.1089,Low
51827,0.1089,Low
29529,0.1089,Low
7757,0.1089,Low
8344,0.1089,Low
32068,0.1089,Low
5029,0.1089,Low
19431,0.1089,Low
49045,0.1089,Low
26958,0.1089,Low
24414,0.1089,Low
32050,0.1089,Low
25523,0.1089,Low
1365,0.1089,Low
48048,0.1089,Low
36702,0.1089,Low
14880,0.1089,Low
51635,0.1089,Low
6594,0.1089,Low
33471,0.1089,Low
19889,0.1089,Low
36801,0.1088,Low
904,0.1088,Low
36305,0.1088,Low
44891,0.1088,Low
3099,0.1088,Low
70,0.1088,Low
29423,0.1088,Low
14869,0.1088,Low
8677,0.1088,Low
38263,0.1088,Low
23529,0.1088,Low
49112,0.1088,Low
17893,0.1088,Low
7822,0.1088,Low
571,0.1088,Low
17750,0.1088,Low
45171,0.1088,Low
40954,0.1088,Low
38139,0.1088,Low
28462,0.1087,Low
13891,0.1087,Low
35183,0.1087,Low
3644,0.1087,Low
2557,0.1087,Low
15640,0.1087,Low
16819,0.1087,Low
45937,0.1087,Low
18574,0.1087,Low
12510,0.1087,Low
32566,0.1087,Low
15102,0.1087,Low
45336,0.1087,Low
27441,0.1087,Low
43846,0.1087,Low
14774,0.1087,Low
10445,0.1087,Low
17023,0.1087,Low
35279,0.1087,Low
7367,0.1087,Low
5970,0.1087,Low
33283,0.1087,Low
38946,0.1087,Low
21642,0.1087,Low
30113,0.1086,Low
1361,0.1086,Low
21985,0.1086,Low
7007,0.1086,Low
15883,0.1086,Low
20201,0.1086,Low
38785,0.1086,Low
6683,0.1086,Low
13084,0.1086,Low
22760,0.1086,Low
4059,0.1086,Low
38137,0.1086,Low
48675,0.1086,Low
9178,0.1086,Low
34641,0.1086,Low
15815,0.1086,Low
20441,0.1086,Low
37504,0.1086,Low
31212,0.1086,Low
26861,0.1086,Low
5112,0.1086,Low
9350,0.1086,Low
14780,0.1086,Low
39547,0.1086,Low
47784,0.1085,Low
91,0.1085,Low
15856,0.1085,Low
48735,0.1085,Low
17275,0.1085,Low
24125,0.1085,Low
42233,0.1085,Low
6915,0.1085,Low
25135,0.1085,Low
26204,0.1085,Low
26307,0.1085,Low
43440,0.1085,Low
28010,0.1085,Low
29825,0.1085,Low
34513,0.1085,Low
31994,0.1085,Low
23323,0.1085,Low
28767,0.1085,Low
834,0.1085,Low
45472,0.1085,Low
40825,0.1085,Low
47093,0.1085,Low
46995,0.1085,Low
25836,0.1084,Low
39223,0.1084,Low
21646,0.1084,Low
2410,0.1084,Low
37636,0.1084,Low
10083,0.1084,Low
38847,0.1084,Low
4119,0.1084,Low
31755,0.1084,Low
18598,0.1084,Low
46266,0.1084,Low
19307,0.1084,Low
39243,0.1084,Low
22930,0.1084,Low
14374,0.1084,Low
40648,0.1084,Low
25266,0.1084,Low
33065,0.1084,Low
35774,0.1084,Low
2797,0.1084,Low
31386,0.1083,Low
13456,0.1083,Low
15249,0.1083,Low
30116,0.1083,Low
20168,0.1083,Low
2875,0.1083,Low
15463,0.1083,Low
19,0.1083,Low
34849,0.1083,Low
29841,0.1083,Low
1045,0.1083,Low
24191,0.1083,Low
20068,0.1083,Low
21186,0.1083,Low
25961,0.1083,Low
17176,0.1083,Low
51056,0.1083,Low
28478,0.1083,Low
35528,0.1083,Low
46819,0.1083,Low
41785,0.1083,Low
37737,0.1083,Low
43999,0.1083,Low
24602,0.1082,Low
42949,0.1082,Low
8645,0.1082,Low
13808,0.1082,Low
3607,0.1082,Low
51655,0.1082,Low
32354,0.1082,Low
41872,0.1082,Low
37399,0.1082,Low
51929,0.1082,Low
50783,0.1082,Low
29179,0.1082,Low
1320,0.1082,Low
3840,0.1082,Low
20378,0.1082,Low
49650,0.1082,Low
14017,0.1082,Low
45421,0.1082,Low
19807,0.1082,Low
47314,0.1082,Low
34967,0.1082,Low
21111,0.1082,Low
4240,0.1082,Low
43022,0.1081,Low
32831,0.1081,Low
28674,0.1081,Low
51725,0.1081,Low
32314,0.1081,Low
23701,0.1081,Low
31515,0.1081,Low
44236,0.1081,Low
8249,0.1081,Low
44024,0.1081,Low
19271,0.1081,Low
32757,0.1081,Low
5291,0.1081,Low
35035,0.1081,Low
28642,0.1081,Low
38747,0.1081,Low
6193,0.1081,Low
7178,0.1081,Low
38896,0.1081,Low
16760,0.1081,Low
18816,0.108,Low
51566,0.108,Low
42010,0.108,Low
38836,0.108,Low
8712,0.108,Low
17443,0.108,Low
5774,0.108,Low
20568,0.108,Low
32634,0.108,Low
29147,0.108,Low
6340,0.108,Low
7241,0.108,Low
44540,0.108,Low
41736,0.108,Low
29495,0.108,Low
31718,0.108,Low
1077,0.108,Low
38547,0.108,Low
2744,0.108,Low
11304,0.108,Low
34286,0.108,Low
50493,0.108,Low
21033,0.108,Low
7763,0.108,Low
14145,0.108,Low
25990,0.108,Low
37816,0.108,Low
10981,0.108,Low
16269,0.108,Low
12932,0.1079,Low
36868,0.1079,Low
39151,0.1079,Low
15328,0.1079,Low
50506,0.1079,Low
18590,0.1079,Low
45062,0.1079,Low
31235,0.1079,Low
5321,0.1079,Low
4226,0.1079,Low
41558,0.1079,Low
39725,0.1079,Low
9264,0.1079,Low
19048,0.1079,Low
18373,0.1079,Low
50059,0.1079,Low
46308,0.1079,Low
13689,0.1079,Low
34802,0.1079,Low
25134,0.1079,Low
21425,0.1079,Low
23039,0.1078,Low
27620,0.1078,Low
47109,0.1078,Low
9573,0.1078,Low
32485,0.1078,Low
23801,0.1078,Low
38363,0.1078,Low
17288,0.1078,Low
11098,0.1078,Low
17973,0.1078,Low
30008,0.1078,Low
10072,0.1078,Low
40061,0.1078,Low
40641,0.1078,Low
22529,0.1078,Low
44217,0.1078,Low
25388,0.1078,Low
11505,0.1078,Low
46838,0.1078,Low
17151,0.1077,Low
42264,0.1077,Low
15260,0.1077,Low
18280,0.1077,Low
34191,0.1077,Low
2819,0.1077,Low
22972,0.1077,Low
16073,0.1077,Low
36405,0.1077,Low
10673,0.1077,Low
50385,0.1077,Low
16510,0.1077,Low
34869,0.1077,Low
31002,0.1077,Low
16861,0.1077,Low
51062,0.1077,Low
5911,0.1077,Low
22284,0.1077,Low
21839,0.1077,Low
47712,0.1077,Low
49974,0.1077,Low
18223,0.1077,Low
20666,0.1077,Low
10623,0.1077,Low
51219,0.1076,Low
2749,0.1076,Low
37557,0.1076,Low
11129,0.1076,Low
20517,0.1076,Low
35680,0.1076,Low
9347,0.1076,Low
37916,0.1076,Low
21678,0.1076,Low
19021,0.1076,Low
1922,0.1076,Low
41107,0.1076,Low
17374,0.1076,Low
4928,0.1076,Low
43116,0.1076,Low
7640,0.1076,Low
7826,0.1076,Low
17110,0.1076,Low
2139,0.1076,Low
50637,0.1076,Low
24855,0.1076,Low
7751,0.1076,Low
41207,0.1076,Low
49829,0.1076,Low
34907,0.1075,Low
21675,0.1075,Low
14151,0.1075,Low
28985,0.1075,Low
43573,0.1075,Low
24360,0.1075,Low
49048,0.1075,Low
39534,0.1075,Low
43162,0.1075,Low
19403,0.1075,Low
25841,0.1075,Low
29810,0.1075,Low
21683,0.1075,Low
48562,0.1074,Low
24804,0.1074,Low
4195,0.1074,Low
41666,0.1074,Low
26140,0.1074,Low
45546,0.1074,Low
48545,0.1074,Low
20658,0.1074,Low
35278,0.1074,Low
18090,0.1074,Low
44169,0.1074,Low
27546,0.1074,Low
15828,0.1074,Low
50061,0.1074,Low
14684,0.1074,Low
18200,0.1074,Low
35981,0.1074,Low
8688,0.1074,Low
717,0.1073,Low
3593,0.1073,Low
51903,0.1073,Low
13163,0.1073,Low
11224,0.1073,Low
21902,0.1073,Low
37942,0.1073,Low
42702,0.1073,Low
36291,0.1073,Low
1534,0.1073,Low
7057,0.1073,Low
42503,0.1073,Low
23235,0.1073,Low
28813,0.1073,Low
37868,0.1073,Low
34928,0.1073,Low
24248,0.1073,Low
19392,0.1073,Low
29342,0.1073,Low
5322,0.1072,Low
39718,0.1072,Low
47819,0.1072,Low
16719,0.1072,Low
4558,0.1072,Low
33781,0.1072,Low
32519,0.1072,Low
44483,0.1072,Low
46691,0.1072,Low
27272,0.1072,Low
24928,0.1072,Low
50004,0.1072,Low
45222,0.1072,Low
46406,0.1072,Low
23610,0.1072,Low
28293,0.1072,Low
33444,0.1072,Low
45771,0.1072,Low
40711,0.1072,Low
25781,0.1072,Low
12489,0.1072,Low
37393,0.1072,Low
19012,0.1072,Low
29033,0.1072,Low
38921,0.1071,Low
51818,0.1071,Low
47713,0.1071,Low
34383,0.1071,Low
50381,0.1071,Low
29599,0.1071,Low
49338,0.1071,Low
33840,0.1071,Low
30247,0.1071,Low
118,0.1071,Low
21943,0.1071,Low
28157,0.1071,Low
21487,0.1071,Low
46461,0.1071,Low
46419,0.1071,Low
6848,0.1071,Low
15601,0.1071,Low
15966,0.1071,Low
42410,0.1071,Low
37158,0.1071,Low
988,0.1071,Low
4745,0.1071,Low
9522,0.1071,Low
27262,0.1071,Low
36976,0.1071,Low
38419,0.107,Low
34293,0.107,Low
17539,0.107,Low
42510,0.107,Low
26452,0.107,Low
18679,0.107,Low
14445,0.107,Low
51087,0.107,Low
18610,0.107,Low
49468,0.107,Low
44956,0.107,Low
20472,0.107,Low
26914,0.107,Low
50163,0.107,Low
31390,0.107,Low
51415,0.107,Low
46937,0.107,Low
24304,0.107,Low
22869,0.107,Low
19729,0.107,Low
29525,0.107,Low
37608,0.107,Low
31339,0.107,Low
15728,0.107,Low
48418,0.107,Low
21043,0.107,Low
1006,0.107,Low
2854,0.1069,Low
44322,0.1069,Low
40146,0.1069,Low
44995,0.1069,Low
10580,0.1069,Low
51589,0.1069,Low
12111,0.1069,Low
5192,0.1069,Low
7738,0.1069,Low
44633,0.1069,Low
50695,0.1069,Low
12369,0.1069,Low
719,0.1069,Low
47104,0.1069,Low
35443,0.1069,Low
40437,0.1069,Low
24553,0.1069,Low
13838,0.1069,Low
28630,0.1069,Low
44992,0.1069,Low
41254,0.1069,Low
8941,0.1069,Low
18836,0.1069,Low
32338,0.1069,Low
48426,0.1069,Low
50419,0.1068,Low
15171,0.1068,Low
8855,0.1068,Low
29798,0.1068,Low
4489,0.1068,Low
8379,0.1068,Low
3592,0.1068,Low
23897,0.1068,Low
205,0.1068,Low
15635,0.1068,Low
4975,0.1068,Low
17162,0.1068,Low
29110,0.1068,Low
14243,0.1068,Low
44944,0.1068,Low
17519,0.1068,Low
1933,0.1068,Low
19544,0.1067,Low
15435,0.1067,Low
6407,0.1067,Low
23985,0.1067,Low
37021,0.1067,Low
28268,0.1067,Low
34126,0.1067,Low
35796,0.1067,Low
5806,0.1067,Low
48809,0.1067,Low
48977,0.1067,Low
24465,0.1067,Low
31144,0.1067,Low
42445,0.1067,Low
44040,0.1067,Low
46133,0.1067,Low
266,0.1067,Low
8934,0.1067,Low
3169,0.1067,Low
31541,0.1067,Low
28931,0.1067,Low
11613,0.1067,Low
32066,0.1067,Low
49264,0.1067,Low
31850,0.1067,Low
1942,0.1067,Low
39986,0.1067,Low
548,0.1067,Low
22260,0.1067,Low
20405,0.1067,Low
22873,0.1066,Low
39156,0.1066,Low
2583,0.1066,Low
4216,0.1066,Low
33624,0.1066,Low
36367,0.1066,Low
24432,0.1066,Low
32671,0.1066,Low
31021,0.1066,Low
4081,0.1066,Low
10944,0.1066,Low
25970,0.1066,Low
3314,0.1066,Low
34310,0.1066,Low
5278,0.1066,Low
43163,0.1066,Low
23705,0.1066,Low
19038,0.1066,Low
43224,0.1066,Low
14865,0.1066,Low
50505,0.1066,Low
37872,0.1066,Low
4010,0.1066,Low
485,0.1066,Low
23355,0.1066,Low
11202,0.1065,Low
8420,0.1065,Low
28927,0.1065,Low
23810,0.1065,Low
18011,0.1065,Low
35644,0.1065,Low
1571,0.1065,Low
43627,0.1065,Low
34877,0.1065,Low
20901,0.1065,Low
38701,0.1065,Low
30675,0.1065,Low
44025,0.1065,Low
14952,0.1065,Low
18265,0.1065,Low
11032,0.1065,Low
2144,0.1065,Low
21016,0.1064,Low
34003,0.1064,Low
4315,0.1064,Low
18774,0.1064,Low
8577,0.1064,Low
17941,0.1064,Low
50418,0.1064,Low
16491,0.1064,Low
9893,0.1064,Low
1940,0.1064,Low
40545,0.1064,Low
29975,0.1064,Low
50045,0.1064,Low
41818,0.1064,Low
10140,0.1064,Low
26376,0.1064,Low
41674,0.1064,Low
28278,0.1063,Low
45995,0.1063,Low
50661,0.1063,Low
33276,0.1063,Low
4499,0.1063,Low
21467,0.1063,Low
14249,0.1063,Low
15475,0.1063,Low
13738,0.1063,Low
51649,0.1063,Low
46953,0.1063,Low
3939,0.1063,Low
35784,0.1063,Low
50376,0.1063,Low
31631,0.1063,Low
15224,0.1063,Low
30581,0.1063,Low
31199,0.1062,Low
98,0.1062,Low
30724,0.1062,Low
14534,0.1062,Low
30162,0.1062,Low
48963,0.1062,Low
24178,0.1062,Low
5844,0.1062,Low
14506,0.1062,Low
20136,0.1062,Low
36816,0.1062,Low
46016,0.1062,Low
27493,0.1062,Low
8983,0.1062,Low
1601,0.1062,Low
10973,0.1062,Low
383,0.1062,Low
47643,0.1062,Low
17975,0.1062,Low
41113,0.1062,Low
34612,0.1062,Low
27081,0.1062,Low
18304,0.1062,Low
24648,0.1062,Low
10492,0.1062,Low
36454,0.1061,Low
48982,0.1061,Low
36838,0.1061,Low
16676,0.1061,Low
48986,0.1061,Low
32305,0.1061,Low
26840,0.1061,Low
39271,0.1061,Low
32385,0.1061,Low
24512,0.1061,Low
21800,0.1061,Low
11478,0.1061,Low
16212,0.1061,Low
8877,0.1061,Low
29187,0.106,Low
2542,0.106,Low
14875,0.106,Low
15349,0.106,Low
844,0.106,Low
40264,0.106,Low
1230,0.106,Low
30918,0.106,Low
10907,0.106,Low
22024,0.106,Low
30575,0.106,Low
40927,0.106,Low
42435,0.106,Low
28006,0.106,Low
50152,0.106,Low
50440,0.106,Low
50383,0.106,Low
14022,0.106,Low
29952,0.106,Low
17862,0.106,Low
24765,0.1059,Low
31586,0.1059,Low
15196,0.1059,Low
32887,0.1059,Low
42229,0.1059,Low
6608,0.1059,Low
11894,0.1059,Low
41772,0.1059,Low
5179,0.1059,Low
40587,0.1059,Low
28458,0.1059,Low
47787,0.1059,Low
8369,0.1059,Low
35342,0.1059,Low
4065,0.1059,Low
14669,0.1059,Low
49605,0.1059,Low
47202,0.1059,Low
36776,0.1059,Low
48953,0.1059,Low
37514,0.1059,Low
19499,0.1059,Low
10003,0.1059,Low
23063,0.1059,Low
37392,0.1059,Low
5851,0.1059,Low
21694,0.1059,Low
41774,0.1059,Low
30555,0.1058,Low
10889,0.1058,Low
25688,0.1058,Low
6452,0.1058,Low
26707,0.1058,Low
1302,0.1058,Low
45641,0.1058,Low
44314,0.1058,Low
45134,0.1058,Low
38963,0.1058,Low
42147,0.1058,Low
39042,0.1058,Low
2589,0.1058,Low
13114,0.1058,Low
43825,0.1058,Low
45836,0.1058,Low
19828,0.1058,Low
49372,0.1058,Low
33034,0.1058,Low
36521,0.1058,Low
32574,0.1058,Low
17763,0.1058,Low
43320,0.1058,Low
33424,0.1057,Low
8872,0.1057,Low
47191,0.1057,Low
11507,0.1057,Low
48872,0.1057,Low
28774,0.1057,Low
41699,0.1057,Low
31855,0.1057,Low
12514,0.1057,Low
25245,0.1057,Low
6265,0.1057,Low
25691,0.1057,Low
23762,0.1057,Low
24308,0.1057,Low
9225,0.1057,Low
16818,0.1057,Low
1501,0.1057,Low
36428,0.1057,Low
3457,0.1057,Low
7215,0.1057,Low
26426,0.1057,Low
10860,0.1057,Low
10890,0.1057,Low
4277,0.1056,Low
25793,0.1056,Low
16344,0.1056,Low
46947,0.1056,Low
31315,0.1056,Low
22247,0.1056,Low
3667,0.1056,Low
37412,0.1056,Low
35014,0.1056,Low
5360,0.1056,Low
9265,0.1056,Low
14578,0.1056,Low
36554,0.1056,Low
26474,0.1055,Low
24378,0.1055,Low
8115,0.1055,Low
29032,0.1055,Low
34079,0.1055,Low
4800,0.1055,Low
18906,0.1055,Low
31633,0.1055,Low
20590,0.1055,Low
4568,0.1055,Low
33125,0.1055,Low
43044,0.1055,Low
13157,0.1055,Low
19579,0.1055,Low
30299,0.1055,Low
13145,0.1054,Low
35738,0.1054,Low
2634,0.1054,Low
41453,0.1054,Low
16756,0.1054,Low
4586,0.1054,Low
43411,0.1054,Low
30175,0.1054,Low
21625,0.1054,Low
19166,0.1054,Low
44818,0.1054,Low
51401,0.1054,Low
4149,0.1054,Low
5948,0.1054,Low
3406,0.1054,Low
48832,0.1054,Low
27895,0.1054,Low
2132,0.1054,Low
18432,0.1054,Low
16768,0.1054,Low
26219,0.1054,Low
36484,0.1054,Low
2738,0.1054,Low
41947,0.1053,Low
7121,0.1053,Low
25113,0.1053,Low
26885,0.1053,Low
38265,0.1053,Low
11285,0.1053,Low
24255,0.1053,Low
13583,0.1053,Low
12143,0.1053,Low
23010,0.1053,Low
9853,0.1053,Low
34378,0.1053,Low
42599,0.1053,Low
1025,0.1053,Low
27551,0.1053,Low
18062,0.1053,Low
15580,0.1053,Low
12233,0.1053,Low
43723,0.1053,Low
29104,0.1053,Low
29125,0.1053,Low
19420,0.1053,Low
112,0.1053,Low
4677,0.1052,Low
48636,0.1052,Low
406,0.1052,Low
48438,0.1052,Low
13389,0.1052,Low
29108,0.1052,Low
29352,0.1052,Low
37760,0.1052,Low
18918,0.1052,Low
39336,0.1052,Low
2612,0.1052,Low
5683,0.1052,Low
24286,0.1052,Low
36814,0.1052,Low
46713,0.1052,Low
32200,0.1052,Low
44008,0.1051,Low
48118,0.1051,Low
40321,0.1051,Low
28259,0.1051,Low
27071,0.1051,Low
14631,0.1051,Low
43802,0.1051,Low
24837,0.1051,Low
14479,0.1051,Low
24058,0.1051,Low
30868,0.1051,Low
4704,0.1051,Low
23398,0.1051,Low
29157,0.1051,Low
38444,0.1051,Low
25471,0.1051,Low
47377,0.1051,Low
13451,0.1051,Low
31469,0.1051,Low
47241,0.1051,Low
25375,0.1051,Low
11729,0.1051,Low
46124,0.1051,Low
10080,0.105,Low
19116,0.105,Low
16100,0.105,Low
47594,0.105,Low
41347,0.105,Low
12764,0.105,Low
10016,0.105,Low
45698,0.105,Low
20823,0.105,Low
21705,0.105,Low
35510,0.105,Low
21465,0.105,Low
20773,0.1049,Low
9255,0.1049,Low
27372,0.1049,Low
31051,0.1049,Low
37797,0.1049,Low
50416,0.1049,Low
16782,0.1049,Low
45202,0.1049,Low
16136,0.1049,Low
32855,0.1049,Low
33287,0.1049,Low
44454,0.1049,Low
49300,0.1049,Low
20256,0.1049,Low
24342,0.1049,Low
25184,0.1049,Low
8349,0.1049,Low
1222,0.1049,Low
7018,0.1049,Low
19861,0.1048,Low
10377,0.1048,Low
23420,0.1048,Low
9051,0.1048,Low
23207,0.1048,Low
15104,0.1048,Low
36338,0.1048,Low
4003,0.1048,Low
1186,0.1048,Low
22647,0.1048,Low
24834,0.1048,Low
39153,0.1048,Low
3123,0.1048,Low
3326,0.1048,Low
21280,0.1048,Low
31669,0.1048,Low
40595,0.1047,Low
33889,0.1047,Low
39094,0.1047,Low
45349,0.1047,Low
47909,0.1047,Low
21970,0.1047,Low
4498,0.1047,Low
45462,0.1047,Low
19851,0.1047,Low
21500,0.1047,Low
3315,0.1047,Low
21536,0.1047,Low
10559,0.1047,Low
26887,0.1047,Low
9964,0.1047,Low
34201,0.1047,Low
8709,0.1047,Low
33043,0.1046,Low
33560,0.1046,Low
9459,0.1046,Low
42486,0.1046,Low
27379,0.1046,Low
40001,0.1046,Low
12405,0.1046,Low
47069,0.1046,Low
1704,0.1046,Low
9925,0.1046,Low
21894,0.1046,Low
2603,0.1046,Low
14227,0.1046,Low
17430,0.1046,Low
20253,0.1046,Low
1137,0.1045,Low
22270,0.1045,Low
42677,0.1045,Low
51990,0.1045,Low
46405,0.1045,Low
17740,0.1045,Low
38388,0.1045,Low
34576,0.1045,Low
15776,0.1045,Low
27809,0.1045,Low
43830,0.1045,Low
11052,0.1045,Low
36509,0.1045,Low
7305,0.1045,Low
13340,0.1045,Low
31213,0.1045,Low
44712,0.1045,Low
34272,0.1045,Low
5524,0.1045,Low
5753,0.1045,Low
30010,0.1044,Low
9422,0.1044,Low
48814,0.1044,Low
45988,0.1044,Low
42092,0.1044,Low
19462,0.1044,Low
3783,0.1044,Low
10496,0.1044,Low
17713,0.1044,Low
9331,0.1044,Low
29834,0.1044,Low
15905,0.1044,Low
21597,0.1044,Low
24760,0.1044,Low
15927,0.1044,Low
36829,0.1043,Low
6847,0.1043,Low
35556,0.1043,Low
15313,0.1043,Low
33690,0.1043,Low
1960,0.1043,Low
29782,0.1043,Low
40280,0.1043,Low
15590,0.1043,Low
24917,0.1043,Low
17034,0.1043,Low
27103,0.1043,Low
42128,0.1043,Low
8732,0.1043,Low
30217,0.1043,Low
24185,0.1043,Low
19380,0.1042,Low
15144,0.1042,Low
4410,0.1042,Low
13125,0.1042,Low
23964,0.1042,Low
39619,0.1042,Low
34451,0.1042,Low
49743,0.1042,Low
49908,0.1042,Low
17921,0.1042,Low
8406,0.1042,Low
12135,0.1042,Low
12831,0.1042,Low
18569,0.1042,Low
1843,0.1042,Low
16460,0.1042,Low
47172,0.1042,Low
29103,0.1042,Low
43945,0.1042,Low
38607,0.1041,Low
552,0.1041,Low
25147,0.1041,Low
16601,0.1041,Low
43651,0.1041,Low
35793,0.1041,Low
5669,0.1041,Low
14462,0.1041,Low
51373,0.1041,Low
36988,0.1041,Low
139,0.1041,Low
25124,0.1041,Low
46649,0.1041,Low
7878,0.1041,Low
22376,0.1041,Low
5918,0.1041,Low
48259,0.1041,Low
13627,0.1041,Low
24099,0.1041,Low
14222,0.1041,Low
51104,0.1041,Low
28080,0.1041,Low
14948,0.1041,Low
976,0.1041,Low
2878,0.104,Low
18343,0.104,Low
11000,0.104,Low
26363,0.104,Low
45140,0.104,Low
32252,0.104,Low
30743,0.104,Low
34409,0.104,Low
50482,0.104,Low
48313,0.104,Low
12294,0.104,Low
33673,0.104,Low
36373,0.104,Low
36126,0.104,Low
49506,0.104,Low
32100,0.104,Low
21056,0.104,Low
1394,0.104,Low
11880,0.104,Low
48558,0.104,Low
16796,0.104,Low
14383,0.1039,Low
26514,0.1039,Low
37761,0.1039,Low
43488,0.1039,Low
50471,0.1039,Low
47956,0.1039,Low
16144,0.1039,Low
41865,0.1039,Low
32820,0.1039,Low
19629,0.1039,Low
48978,0.1039,Low
34960,0.1039,Low
12263,0.1039,Low
37553,0.1039,Low
4171,0.1039,Low
4432,0.1039,Low
41533,0.1039,Low
51207,0.1039,Low
19854,0.1039,Low
33887,0.1038,Low
28847,0.1038,Low
46046,0.1038,Low
26011,0.1038,Low
25413,0.1038,Low
29379,0.1038,Low
12052,0.1038,Low
28012,0.1038,Low
45999,0.1038,Low
9928,0.1038,Low
33908,0.1038,Low
25327,0.1038,Low
48284,0.1038,Low
9637,0.1038,Low
9648,0.1038,Low
1039,0.1037,Low
34685,0.1037,Low
34719,0.1037,Low
43142,0.1037,Low
40276,0.1037,Low
16419,0.1037,Low
50778,0.1037,Low
11558,0.1037,Low
2618,0.1037,Low
32793,0.1037,Low
19292,0.1037,Low
32058,0.1037,Low
20485,0.1037,Low
18438,0.1037,Low
34381,0.1037,Low
25335,0.1037,Low
30186,0.1037,Low
21857,0.1037,Low
34542,0.1036,Low
48694,0.1036,Low
10098,0.1036,Low
42033,0.1036,Low
18561,0.1036,Low
21023,0.1036,Low
13910,0.1036,Low
3738,0.1036,Low
36512,0.1036,Low
10459,0.1036,Low
44737,0.1036,Low
38657,0.1036,Low
46153,0.1035,Low
33252,0.1035,Low
3518,0.1035,Low
4561,0.1035,Low
36986,0.1035,Low
30062,0.1035,Low
7265,0.1035,Low
50096,0.1035,Low
43050,0.1035,Low
39779,0.1035,Low
15701,0.1035,Low
26266,0.1035,Low
4648,0.1035,Low
7973,0.1035,Low
49251,0.1035,Low
40949,0.1035,Low
16724,0.1035,Low
42300,0.1035,Low
26922,0.1035,Low
37371,0.1035,Low
24034,0.1035,Low
39672,0.1035,Low
50927,0.1034,Low
27939,0.1034,Low
21207,0.1034,Low
37936,0.1034,Low
22294,0.1034,Low
20522,0.1034,Low
48974,0.1034,Low
43287,0.1034,Low
46715,0.1034,Low
41464,0.1034,Low
44700,0.1034,Low
9003,0.1034,Low
21058,0.1034,Low
45089,0.1034,Low
30616,0.1034,Low
483,0.1034,Low
41938,0.1034,Low
28322,0.1034,Low
28425,0.1034,Low
19824,0.1034,Low
30702,0.1034,Low
8134,0.1034,Low
11440,0.1033,Low
9135,0.1033,Low
363,0.1033,Low
4527,0.1033,Low
30625,0.1033,Low
32040,0.1033,Low
44410,0.1033,Low
51816,0.1033,Low
19408,0.1033,Low
413,0.1033,Low
10384,0.1033,Low
21718,0.1033,Low
5642,0.1033,Low
23686,0.1033,Low
40819,0.1033,Low
37366,0.1033,Low
18985,0.1033,Low
13616,0.1033,Low
28199,0.1032,Low
40017,0.1032,Low
25274,0.1032,Low
22839,0.1032,Low
23774,0.1032,Low
45412,0.1032,Low
8138,0.1032,Low
1248,0.1032,Low
8600,0.1032,Low
50257,0.1032,Low
29828,0.1032,Low
26035,0.1032,Low
26615,0.1032,Low
1097,0.1032,Low
30367,0.1032,Low
26822,0.1032,Low
60,0.1032,Low
16854,0.1032,Low
42552,0.1032,Low
18742,0.1032,Low
30931,0.1032,Low
14242,0.1031,Low
17846,0.1031,Low
35700,0.1031,Low
34534,0.1031,Low
3707,0.1031,Low
13763,0.1031,Low
29740,0.1031,Low
11493,0.1031,Low
45787,0.1031,Low
28003,0.1031,Low
50688,0.1031,Low
30215,0.1031,Low
6126,0.1031,Low
34495,0.1031,Low
7314,0.1031,Low
1525,0.1031,Low
50762,0.1031,Low
21259,0.1031,Low
6995,0.103,Low
31275,0.103,Low
38343,0.103,Low
12943,0.103,Low
47950,0.103,Low
30098,0.103,Low
38688,0.103,Low
40603,0.103,Low
42639,0.103,Low
43054,0.103,Low
33901,0.103,Low
31740,0.103,Low
46324,0.103,Low
50273,0.103,Low
48407,0.103,Low
50901,0.103,Low
25503,0.103,Low
264,0.103,Low
47184,0.103,Low
22140,0.103,Low
12238,0.103,Low
35009,0.103,Low
11669,0.1029,Low
6189,0.1029,Low
878,0.1029,Low
3542,0.1029,Low
14829,0.1029,Low
20519,0.1029,Low
7828,0.1029,Low
9672,0.1029,Low
21541,0.1029,Low
27705,0.1029,Low
21737,0.1029,Low
42670,0.1029,Low
41996,0.1029,Low
10961,0.1029,Low
16110,0.1029,Low
3567,0.1029,Low
1290,0.1029,Low
3520,0.1028,Low
25907,0.1028,Low
51215,0.1028,Low
34045,0.1028,Low
17474,0.1028,Low
41787,0.1028,Low
18839,0.1028,Low
25110,0.1028,Low
44827,0.1028,Low
7442,0.1028,Low
17345,0.1028,Low
34905,0.1028,Low
23350,0.1028,Low
23468,0.1028,Low
49157,0.1028,Low
36322,0.1028,Low
7289,0.1028,Low
24981,0.1028,Low
34112,0.1028,Low
22943,0.1028,Low
50464,0.1028,Low
7481,0.1028,Low
13214,0.1028,Low
46973,0.1028,Low
24935,0.1028,Low
26091,0.1028,Low
1835,0.1028,Low
9336,0.1028,Low
29512,0.1028,Low
1864,0.1027,Low
12439,0.1027,Low
6277,0.1027,Low
30253,0.1027,Low
49428,0.1027,Low
30816,0.1027,Low
184,0.1027,Low
411,0.1027,Low
42851,0.1027,Low
36569,0.1027,Low
41498,0.1027,Low
20730,0.1027,Low
609,0.1027,Low
26964,0.1027,Low
30698,0.1027,Low
15310,0.1027,Low
21469,0.1027,Low
1178,0.1027,Low
21137,0.1027,Low
31681,0.1027,Low
19255,0.1027,Low
40337,0.1026,Low
25270,0.1026,Low
23694,0.1026,Low
15970,0.1026,Low
39341,0.1026,Low
34118,0.1026,Low
925,0.1026,Low
27632,0.1026,Low
27462,0.1026,Low
24995,0.1026,Low
9634,0.1026,Low
7176,0.1026,Low
5604,0.1025,Low
3348,0.1025,Low
42782,0.1025,Low
16647,0.1025,Low
11517,0.1025,Low
40809,0.1025,Low
1231,0.1025,Low
50642,0.1025,Low
29371,0.1025,Low
36135,0.1025,Low
37903,0.1025,Low
44615,0.1025,Low
39887,0.1025,Low
35497,0.1025,Low
21234,0.1025,Low
27791,0.1025,Low
41215,0.1025,Low
11844,0.1025,Low
9297,0.1025,Low
46355,0.1025,Low
6013,0.1025,Low
17077,0.1025,Low
35483,0.1025,Low
21853,0.1024,Low
50321,0.1024,Low
6042,0.1024,Low
36115,0.1024,Low
18673,0.1024,Low
19382,0.1024,Low
12474,0.1024,Low
27116,0.1024,Low
18180,0.1024,Low
6377,0.1024,Low
3021,0.1024,Low
49828,0.1024,Low
6871,0.1024,Low
22426,0.1024,Low
11292,0.1024,Low
38047,0.1024,Low
36906,0.1024,Low
40267,0.1024,Low
45092,0.1024,Low
22736,0.1024,Low
21936,0.1024,Low
18887,0.1024,Low
21785,0.1024,Low
47254,0.1024,Low
47799,0.1024,Low
18143,0.1023,Low
17877,0.1023,Low
39217,0.1023,Low
28421,0.1023,Low
15867,0.1023,Low
38864,0.1023,Low
29765,0.1023,Low
15690,0.1023,Low
9126,0.1023,Low
2790,0.1023,Low
35393,0.1023,Low
19117,0.1023,Low
23073,0.1023,Low
16325,0.1023,Low
15401,0.1023,Low
48754,0.1023,Low
17260,0.1023,Low
11655,0.1022,Low
25948,0.1022,Low
2715,0.1022,Low
11340,0.1022,Low
32242,0.1022,Low
7646,0.1022,Low
33722,0.1022,Low
43980,0.1022,Low
16985,0.1022,Low
29586,0.1022,Low
14715,0.1022,Low
31229,0.1022,Low
49520,0.1021,Low
21312,0.1021,Low
16351,0.1021,Low
12995,0.1021,Low
33876,0.1021,Low
27905,0.1021,Low
11289,0.1021,Low
45130,0.1021,Low
47892,0.1021,Low
14247,0.1021,Low
27860,0.1021,Low
27738,0.1021,Low
27902,0.1021,Low
31630,0.1021,Low
28721,0.1021,Low
35991,0.1021,Low
8800,0.1021,Low
11736,0.1021,Low
39662,0.1021,Low
1789,0.1021,Low
28823,0.1021,Low
2848,0.1021,Low
39804,0.1021,Low
32268,0.1021,Low
19489,0.1021,Low
3477,0.102,Low
14029,0.102,Low
46170,0.102,Low
3513,0.102,Low
48706,0.102,Low
13969,0.102,Low
10839,0.102,Low
7739,0.102,Low
49606,0.102,Low
51598,0.102,Low
43376,0.102,Low
46728,0.102,Low
11031,0.1019,Low
49806,0.1019,Low
37226,0.1019,Low
45769,0.1019,Low
48885,0.1019,Low
12976,0.1019,Low
22762,0.1019,Low
28214,0.1019,Low
49839,0.1019,Low
28983,0.1019,Low
10370,0.1019,Low
7192,0.1019,Low
45151,0.1019,Low
16227,0.1019,Low
9059,0.1019,Low
48493,0.1019,Low
9822,0.1019,Low
22293,0.1019,Low
2056,0.1019,Low
84,0.1019,Low
39826,0.1019,Low
50075,0.1019,Low
15495,0.1018,Low
14122,0.1018,Low
30314,0.1018,Low
5377,0.1018,Low
27599,0.1018,Low
33342,0.1018,Low
48320,0.1018,Low
47302,0.1018,Low
18782,0.1018,Low
20479,0.1018,Low
21439,0.1018,Low
646,0.1018,Low
6137,0.1018,Low
32624,0.1018,Low
249,0.1018,Low
49936,0.1018,Low
27866,0.1018,Low
12205,0.1018,Low
29304,0.1017,Low
42461,0.1017,Low
48856,0.1017,Low
10674,0.1017,Low
34785,0.1017,Low
26918,0.1017,Low
23731,0.1017,Low
14815,0.1017,Low
28577,0.1017,Low
48248,0.1017,Low
12132,0.1017,Low
46594,0.1017,Low
3328,0.1017,Low
29682,0.1017,Low
25897,0.1016,Low
43897,0.1016,Low
40742,0.1016,Low
40352,0.1016,Low
7025,0.1016,Low
44775,0.1016,Low
33591,0.1016,Low
40871,0.1016,Low
18581,0.1016,Low
31917,0.1016,Low
20007,0.1016,Low
20603,0.1016,Low
40012,0.1016,Low
32648,0.1016,Low
38812,0.1015,Low
24045,0.1015,Low
15820,0.1015,Low
28793,0.1015,Low
38209,0.1015,Low
31864,0.1015,Low
44302,0.1015,Low
38838,0.1015,Low
23213,0.1015,Low
40194,0.1015,Low
51020,0.1015,Low
50729,0.1015,Low
16002,0.1015,Low
49922,0.1015,Low
3589,0.1015,Low
24080,0.1015,Low
43020,0.1015,Low
38722,0.1015,Low
49539,0.1015,Low
101,0.1014,Low
51358,0.1014,Low
447,0.1014,Low
45585,0.1014,Low
1,0.1014,Low
30304,0.1014,Low
34344,0.1014,Low
24757,0.1014,Low
17959,0.1014,Low
41308,0.1014,Low
25811,0.1014,Low
21658,0.1014,Low
18868,0.1014,Low
40172,0.1014,Low
41817,0.1014,Low
15586,0.1014,Low
6881,0.1014,Low
38064,0.1014,Low
5723,0.1014,Low
9363,0.1014,Low
25154,0.1014,Low
12192,0.1014,Low
29090,0.1013,Low
4353,0.1013,Low
21650,0.1013,Low
13841,0.1013,Low
49463,0.1013,Low
28008,0.1013,Low
43438,0.1013,Low
3052,0.1013,Low
42666,0.1013,Low
6760,0.1013,Low
9726,0.1013,Low
28743,0.1013,Low
23609,0.1013,Low
32664,0.1013,Low
30603,0.1013,Low
33734,0.1013,Low
26012,0.1013,Low
48942,0.1013,Low
45947,0.1013,Low
14156,0.1013,Low
36663,0.1013,Low
49244,0.1013,Low
39143,0.1013,Low
42993,0.1013,Low
12953,0.1012,Low
44986,0.1012,Low
25950,0.1012,Low
42139,0.1012,Low
951,0.1012,Low
17761,0.1012,Low
43767,0.1012,Low
51000,0.1012,Low
45117,0.1012,Low
27408,0.1012,Low
26831,0.1012,Low
45119,0.1012,Low
31930,0.1012,Low
17082,0.1012,Low
1208,0.1011,Low
23665,0.1011,Low
42034,0.1011,Low
20688,0.1011,Low
34483,0.1011,Low
39930,0.1011,Low
21237,0.1011,Low
6854,0.1011,Low
35529,0.1011,Low
1750,0.1011,Low
11681,0.1011,Low
37285,0.1011,Low
5326,0.1011,Low
34723,0.1011,Low
40666,0.1011,Low
22570,0.1011,Low
824,0.1011,Low
32229,0.1011,Low
37065,0.1011,Low
51102,0.1011,Low
3445,0.1011,Low
21147,0.1011,Low
19486,0.1011,Low
3481,0.1011,Low
36413,0.1011,Low
28312,0.101,Low
30779,0.101,Low
29684,0.101,Low
21523,0.101,Low
40440,0.101,Low
37741,0.101,Low
1089,0.101,Low
51503,0.101,Low
17934,0.101,Low
24003,0.101,Low
1094,0.101,Low
41307,0.101,Low
11870,0.101,Low
50801,0.101,Low
11227,0.101,Low
51305,0.101,Low
41974,0.101,Low
2298,0.101,Low
39235,0.101,Low
45050,0.101,Low
19663,0.101,Low
47524,0.1009,Low
9801,0.1009,Low
35193,0.1009,Low
22264,0.1009,Low
31210,0.1009,Low
15263,0.1009,Low
11133,0.1009,Low
18557,0.1009,Low
27623,0.1009,Low
8785,0.1009,Low
30182,0.1009,Low
43764,0.1009,Low
10299,0.1009,Low
38399,0.1009,Low
9417,0.1009,Low
33896,0.1009,Low
5746,0.1009,Low
38200,0.1008,Low
32770,0.1008,Low
2588,0.1008,Low
41879,0.1008,Low
20573,0.1008,Low
49492,0.1008,Low
50943,0.1008,Low
24729,0.1008,Low
10368,0.1008,Low
12895,0.1008,Low
16356,0.1008,Low
42076,0.1008,Low
10334,0.1008,Low
49201,0.1008,Low
597,0.1008,Low
40229,0.1008,Low
11234,0.1008,Low
39663,0.1008,Low
14601,0.1008,Low
45794,0.1008,Low
43027,0.1008,Low
41219,0.1007,Low
11218,0.1007,Low
38632,0.1007,Low
50537,0.1007,Low
22254,0.1007,Low
31458,0.1007,Low
39305,0.1007,Low
31609,0.1007,Low
20698,0.1007,Low
30492,0.1007,Low
20311,0.1007,Low
18638,0.1007,Low
30450,0.1007,Low
38116,0.1007,Low
24557,0.1007,Low
37547,0.1007,Low
19865,0.1007,Low
43196,0.1006,Low
10043,0.1006,Low
33517,0.1006,Low
36551,0.1006,Low
25236,0.1006,Low
35103,0.1006,Low
21720,0.1006,Low
2243,0.1006,Low
41868,0.1006,Low
12875,0.1006,Low
28262,0.1006,Low
49128,0.1006,Low
1685,0.1006,Low
21112,0.1006,Low
16485,0.1006,Low
29727,0.1006,Low
1219,0.1006,Low
9515,0.1006,Low
27013,0.1006,Low
46540,0.1006,Low
12156,0.1006,Low
16829,0.1005,Low
4699,0.1005,Low
3401,0.1005,Low
45873,0.1005,Low
30732,0.1005,Low
24174,0.1005,Low
24145,0.1005,Low
23469,0.1005,Low
33763,0.1005,Low
18665,0.1005,Low
47785,0.1005,Low
8423,0.1005,Low
18108,0.1005,Low
20521,0.1005,Low
31814,0.1005,Low
48271,0.1005,Low
7381,0.1005,Low
1253,0.1005,Low
32747,0.1005,Low
28998,0.1005,Low
15029,0.1005,Low
1057,0.1005,Low
40065,0.1004,Low
35314,0.1004,Low
46716,0.1004,Low
5228,0.1004,Low
39123,0.1004,Low
15669,0.1004,Low
51456,0.1004,Low
20911,0.1004,Low
11028,0.1004,Low
27929,0.1004,Low
16838,0.1004,Low
38146,0.1004,Low
22490,0.1004,Low
29925,0.1004,Low
18115,0.1004,Low
17707,0.1004,Low
24798,0.1004,Low
43150,0.1004,Low
17849,0.1004,Low
42594,0.1004,Low
9890,0.1003,Low
16357,0.1003,Low
18870,0.1003,Low
9214,0.1003,Low
29767,0.1003,Low
31990,0.1003,Low
38920,0.1003,Low
13659,0.1003,Low
28265,0.1003,Low
19647,0.1003,Low
41982,0.1003,Low
49414,0.1003,Low
18276,0.1003,Low
13560,0.1003,Low
11612,0.1003,Low
49488,0.1003,Low
16109,0.1002,Low
5999,0.1002,Low
34525,0.1002,Low
30075,0.1002,Low
36738,0.1002,Low
12255,0.1002,Low
1282,0.1002,Low
2415,0.1002,Low
48547,0.1002,Low
4855,0.1002,Low
20515,0.1002,Low
19395,0.1002,Low
47350,0.1002,Low
35345,0.1002,Low
30623,0.1002,Low
36024,0.1002,Low
36899,0.1002,Low
6769,0.1002,Low
47534,0.1001,Low
49944,0.1001,Low
36538,0.1001,Low
1926,0.1001,Low
41289,0.1001,Low
26843,0.1001,Low
5471,0.1001,Low
24461,0.1001,Low
13297,0.1,Low
22416,0.1,Low
24254,0.1,Low
44912,0.1,Low
25983,0.1,Low
21647,0.1,Low
19570,0.1,Low
23643,0.1,Low
42576,0.1,Low
2729,0.1,Low
43811,0.1,Low
50451,0.1,Low
29387,0.1,Low
33950,0.1,Low
51587,0.1,Low
4155,0.1,Low
22660,0.1,Low
20782,0.1,Low
4212,0.1,Low
49275,0.1,Low
38544,0.1,Low
13209,0.1,Low
23427,0.1,Low
22185,0.0999,Low
11014,0.0999,Low
3244,0.0999,Low
35308,0.0999,Low
415,0.0999,Low
35366,0.0999,Low
43091,0.0999,Low
22557,0.0999,Low
38927,0.0999,Low
39216,0.0999,Low
37306,0.0999,Low
16853,0.0999,Low
21535,0.0999,Low
3133,0.0999,Low
8857,0.0998,Low
33799,0.0998,Low
17720,0.0998,Low
49952,0.0998,Low
28413,0.0998,Low
5776,0.0998,Low
23418,0.0998,Low
29769,0.0998,Low
12110,0.0998,Low
28569,0.0998,Low
6023,0.0998,Low
29076,0.0998,Low
10905,0.0998,Low
42367,0.0998,Low
22003,0.0998,Low
16690,0.0998,Low
33912,0.0998,Low
44345,0.0997,Low
10348,0.0997,Low
39034,0.0997,Low
47546,0.0997,Low
7076,0.0997,Low
15536,0.0997,Low
13178,0.0997,Low
41084,0.0997,Low
51736,0.0997,Low
44476,0.0997,Low
23631,0.0997,Low
213,0.0997,Low
19954,0.0997,Low
39759,0.0997,Low
16727,0.0997,Low
11067,0.0997,Low
39268,0.0996,Low
15169,0.0996,Low
13562,0.0996,Low
25761,0.0996,Low
32055,0.0996,Low
9842,0.0996,Low
9948,0.0996,Low
29961,0.0996,Low
25421,0.0996,Low
19632,0.0996,Low
15175,0.0996,Low
38503,0.0996,Low
15785,0.0996,Low
36746,0.0996,Low
26104,0.0996,Low
35520,0.0996,Low
38183,0.0996,Low
1342,0.0996,Low
6182,0.0996,Low
1895,0.0996,Low
48631,0.0996,Low
10448,0.0996,Low
9512,0.0996,Low
13006,0.0996,Low
27613,0.0996,Low
51894,0.0996,Low
32973,0.0996,Low
7818,0.0995,Low
10529,0.0995,Low
51365,0.0995,Low
26272,0.0995,Low
7788,0.0995,Low
14292,0.0995,Low
4214,0.0995,Low
3192,0.0995,Low
8328,0.0995,Low
38620,0.0995,Low
30636,0.0995,Low
45674,0.0995,Low
14681,0.0995,Low
37647,0.0995,Low
14138,0.0995,Low
9827,0.0995,Low
25229,0.0994,Low
17857,0.0994,Low
3580,0.0994,Low
20738,0.0994,Low
48041,0.0994,Low
7408,0.0994,Low
48050,0.0994,Low
18817,0.0994,Low
4551,0.0994,Low
32681,0.0994,Low
40482,0.0994,Low
33504,0.0994,Low
14867,0.0994,Low
12967,0.0994,Low
16820,0.0994,Low
19501,0.0994,Low
28201,0.0994,Low
38658,0.0994,Low
24677,0.0994,Low
33671,0.0994,Low
43959,0.0994,Low
13673,0.0994,Low
24696,0.0994,Low
30546,0.0994,Low
19505,0.0993,Low
42222,0.0993,Low
39872,0.0993,Low
31517,0.0993,Low
46004,0.0993,Low
22524,0.0993,Low
4713,0.0993,Low
40243,0.0993,Low
3087,0.0993,Low
38851,0.0993,Low
27121,0.0993,Low
16569,0.0993,Low
22134,0.0993,Low
42081,0.0993,Low
28717,0.0993,Low
22054,0.0993,Low
38606,0.0993,Low
1469,0.0993,Low
33112,0.0992,Low
27484,0.0992,Low
19240,0.0992,Low
29921,0.0992,Low
18013,0.0992,Low
21838,0.0992,Low
26672,0.0992,Low
41761,0.0992,Low
34559,0.0992,Low
8482,0.0992,Low
23632,0.0992,Low
47240,0.0992,Low
49120,0.0992,Low
16286,0.0992,Low
912,0.0992,Low
16172,0.0992,Low
22283,0.0992,Low
11663,0.0992,Low
10272,0.0992,Low
15673,0.0992,Low
27853,0.0992,Low
19637,0.0992,Low
37834,0.0992,Low
36179,0.0991,Low
16317,0.0991,Low
33100,0.0991,Low
48526,0.0991,Low
9951,0.0991,Low
31376,0.0991,Low
24576,0.0991,Low
30857,0.0991,Low
47721,0.0991,Low
40366,0.0991,Low
51641,0.0991,Low
34279,0.0991,Low
30307,0.0991,Low
37497,0.0991,Low
13362,0.0991,Low
28953,0.0991,Low
14154,0.099,Low
29144,0.099,Low
39705,0.099,Low
37035,0.099,Low
47497,0.099,Low
18527,0.099,Low
44624,0.099,Low
26876,0.099,Low
16233,0.099,Low
32560,0.099,Low
24140,0.099,Low
5602,0.099,Low
35284,0.099,Low
11747,0.099,Low
41507,0.099,Low
13934,0.099,Low
25390,0.099,Low
42357,0.099,Low
22577,0.099,Low
36302,0.0989,Low
1078,0.0989,Low
33203,0.0989,Low
27239,0.0989,Low
4922,0.0989,Low
31418,0.0989,Low
51168,0.0989,Low
9639,0.0989,Low
20278,0.0989,Low
22041,0.0989,Low
35754,0.0989,Low
2236,0.0989,Low
25437,0.0989,Low
12502,0.0988,Low
45607,0.0988,Low
27459,0.0988,Low
50053,0.0988,Low
26813,0.0988,Low
31678,0.0988,Low
20970,0.0988,Low
28694,0.0988,Low
18163,0.0988,Low
16459,0.0988,Low
37918,0.0988,Low
30391,0.0988,Low
11601,0.0988,Low
9402,0.0988,Low
31321,0.0988,Low
43234,0.0988,Low
20041,0.0988,Low
48237,0.0988,Low
484,0.0988,Low
5611,0.0987,Low
1334,0.0987,Low
33092,0.0987,Low
13951,0.0987,Low
36843,0.0987,Low
24123,0.0987,Low
13640,0.0987,Low
38934,0.0987,Low
37135,0.0987,Low
48534,0.0987,Low
19455,0.0987,Low
12447,0.0987,Low
5091,0.0987,Low
42752,0.0987,Low
45668,0.0987,Low
42894,0.0987,Low
39376,0.0987,Low
10143,0.0987,Low
40312,0.0987,Low
33366,0.0987,Low
2863,0.0987,Low
6259,0.0987,Low
17584,0.0987,Low
33802,0.0986,Low
40408,0.0986,Low
18584,0.0986,Low
15471,0.0986,Low
15717,0.0986,Low
49139,0.0986,Low
30124,0.0986,Low
13249,0.0986,Low
41779,0.0986,Low
13848,0.0986,Low
13747,0.0986,Low
13867,0.0986,Low
18588,0.0986,Low
30687,0.0985,Low
36060,0.0985,Low
26337,0.0985,Low
21254,0.0985,Low
34490,0.0985,Low
27586,0.0985,Low
20124,0.0985,Low
29537,0.0985,Low
93,0.0985,Low
46319,0.0985,Low
34752,0.0985,Low
50138,0.0985,Low
20659,0.0985,Low
47268,0.0985,Low
33421,0.0985,Low
16781,0.0985,Low
28130,0.0985,Low
15119,0.0985,Low
31380,0.0985,Low
14091,0.0985,Low
4739,0.0985,Low
25551,0.0985,Low
21396,0.0984,Low
18616,0.0984,Low
34155,0.0984,Low
21093,0.0984,Low
21831,0.0984,Low
1019,0.0984,Low
20754,0.0984,Low
5748,0.0984,Low
42390,0.0984,Low
18014,0.0984,Low
5914,0.0984,Low
49878,0.0984,Low
50890,0.0984,Low
38259,0.0984,Low
51604,0.0984,Low
24019,0.0984,Low
37236,0.0983,Low
36306,0.0983,Low
39211,0.0983,Low
36974,0.0983,Low
45941,0.0983,Low
30362,0.0983,Low
13901,0.0983,Low
23864,0.0983,Low
4481,0.0983,Low
16803,0.0983,Low
21463,0.0983,Low
44446,0.0983,Low
23888,0.0983,Low
29842,0.0983,Low
1699,0.0983,Low
45252,0.0983,Low
6105,0.0983,Low
17309,0.0983,Low
22138,0.0983,Low
8188,0.0983,Low
11156,0.0983,Low
22473,0.0983,Low
42861,0.0983,Low
26961,0.0983,Low
4250,0.0983,Low
6032,0.0983,Low
20241,0.0982,Low
31671,0.0982,Low
49825,0.0982,Low
49677,0.0982,Low
36228,0.0982,Low
44328,0.0982,Low
50939,0.0982,Low
36063,0.0982,Low
15083,0.0982,Low
16090,0.0982,Low
50421,0.0982,Low
28440,0.0982,Low
33210,0.0982,Low
32174,0.0982,Low
36140,0.0981,Low
8895,0.0981,Low
22768,0.0981,Low
23881,0.0981,Low
37395,0.0981,Low
46775,0.0981,Low
3743,0.0981,Low
6705,0.0981,Low
36619,0.0981,Low
4805,0.0981,Low
25289,0.0981,Low
18282,0.0981,Low
41208,0.0981,Low
35189,0.0981,Low
25179,0.0981,Low
41051,0.0981,Low
51562,0.0981,Low
48084,0.098,Low
22771,0.098,Low
3944,0.098,Low
12708,0.098,Low
38423,0.098,Low
42613,0.098,Low
46635,0.098,Low
37093,0.098,Low
18625,0.098,Low
47840,0.098,Low
1090,0.098,Low
475,0.098,Low
30061,0.098,Low
13346,0.098,Low
4054,0.098,Low
19452,0.098,Low
5333,0.098,Low
28677,0.098,Low
15881,0.098,Low
21672,0.098,Low
362,0.098,Low
41454,0.098,Low
3172,0.098,Low
11438,0.0979,Low
39745,0.0979,Low
9269,0.0979,Low
42047,0.0979,Low
21661,0.0979,Low
30927,0.0979,Low
10352,0.0979,Low
20873,0.0979,Low
4139,0.0979,Low
23069,0.0979,Low
37853,0.0979,Low
26124,0.0979,Low
46541,0.0978,Low
37340,0.0978,Low
6324,0.0978,Low
23580,0.0978,Low
43475,0.0978,Low
34942,0.0978,Low
4663,0.0978,Low
13154,0.0978,Low
14966,0.0978,Low
50344,0.0978,Low
39108,0.0978,Low
2782,0.0978,Low
21991,0.0978,Low
26723,0.0978,Low
37704,0.0978,Low
12352,0.0978,Low
3008,0.0978,Low
29112,0.0977,Low
15162,0.0977,Low
24190,0.0977,Low
24206,0.0977,Low
32677,0.0977,Low
49106,0.0977,Low
51631,0.0977,Low
49776,0.0977,Low
32240,0.0977,Low
41968,0.0977,Low
20969,0.0977,Low
9202,0.0977,Low
15329,0.0976,Low
13528,0.0976,Low
25450,0.0976,Low
12148,0.0976,Low
8034,0.0976,Low
19566,0.0976,Low
27727,0.0976,Low
18978,0.0976,Low
16925,0.0976,Low
12590,0.0976,Low
18208,0.0976,Low
37263,0.0976,Low
37755,0.0976,Low
20592,0.0976,Low
10275,0.0976,Low
12760,0.0976,Low
16492,0.0975,Low
7736,0.0975,Low
1241,0.0975,Low
36753,0.0975,Low
26873,0.0975,Low
29315,0.0975,Low
48773,0.0975,Low
46711,0.0975,Low
34860,0.0975,Low
50279,0.0975,Low
46916,0.0975,Low
22374,0.0975,Low
31846,0.0975,Low
7435,0.0975,Low
4060,0.0975,Low
21230,0.0975,Low
111,0.0974,Low
13387,0.0974,Low
31116,0.0974,Low
51543,0.0974,Low
45190,0.0974,Low
16846,0.0974,Low
23002,0.0974,Low
22349,0.0974,Low
22802,0.0974,Low
34761,0.0974,Low
38681,0.0974,Low
30322,0.0973,Low
16312,0.0973,Low
12420,0.0973,Low
14533,0.0973,Low
17512,0.0973,Low
42933,0.0973,Low
25522,0.0973,Low
31064,0.0973,Low
15779,0.0973,Low
39131,0.0973,Low
23640,0.0973,Low
1278,0.0973,Low
25745,0.0973,Low
46080,0.0973,Low
25430,0.0973,Low
6821,0.0973,Low
5340,0.0973,Low
3076,0.0973,Low
28908,0.0973,Low
17603,0.0972,Low
35386,0.0972,Low
10475,0.0972,Low
46323,0.0972,Low
1798,0.0972,Low
33877,0.0972,Low
51912,0.0972,Low
43457,0.0972,Low
38605,0.0972,Low
43847,0.0972,Low
18732,0.0972,Low
24453,0.0972,Low
37690,0.0972,Low
31967,0.0972,Low
45966,0.0972,Low
38645,0.0972,Low
27129,0.0972,Low
35830,0.0972,Low
48495,0.0972,Low
329,0.0972,Low
51731,0.0972,Low
8013,0.0971,Low
12579,0.0971,Low
2130,0.0971,Low
42974,0.0971,Low
5358,0.0971,Low
22362,0.0971,Low
49953,0.0971,Low
29989,0.0971,Low
17109,0.0971,Low
20173,0.0971,Low
45971,0.0971,Low
3535,0.0971,Low
35069,0.0971,Low
14074,0.0971,Low
9864,0.0971,Low
42255,0.0971,Low
19476,0.0971,Low
44752,0.0971,Low
28101,0.097,Low
12819,0.097,Low
12572,0.097,Low
2632,0.097,Low
22572,0.097,Low
24251,0.097,Low
50788,0.097,Low
48396,0.097,Low
15777,0.097,Low
5550,0.097,Low
14839,0.097,Low
1313,0.097,Low
13119,0.097,Low
6855,0.097,Low
42308,0.097,Low
43808,0.097,Low
49528,0.097,Low
9724,0.097,Low
16848,0.097,Low
38564,0.097,Low
8136,0.097,Low
10241,0.097,Low
38993,0.0969,Low
17342,0.0969,Low
42428,0.0969,Low
34030,0.0969,Low
46146,0.0969,Low
5568,0.0969,Low
17401,0.0969,Low
1196,0.0969,Low
7320,0.0969,Low
34837,0.0969,Low
17883,0.0969,Low
8345,0.0969,Low
17052,0.0969,Low
13678,0.0969,Low
46393,0.0969,Low
50363,0.0969,Low
49382,0.0969,Low
21787,0.0968,Low
43935,0.0968,Low
14935,0.0968,Low
30713,0.0968,Low
42431,0.0968,Low
37645,0.0968,Low
35077,0.0968,Low
29933,0.0968,Low
17092,0.0968,Low
36747,0.0968,Low
7325,0.0968,Low
15041,0.0968,Low
21399,0.0967,Low
32811,0.0967,Low
21760,0.0967,Low
50324,0.0967,Low
277,0.0967,Low
14427,0.0967,Low
18318,0.0967,Low
49438,0.0967,Low
25528,0.0967,Low
16589,0.0967,Low
1808,0.0967,Low
23280,0.0967,Low
22843,0.0967,Low
31500,0.0967,Low
5465,0.0967,Low
51399,0.0967,Low
33764,0.0967,Low
50884,0.0967,Low
21150,0.0967,Low
6569,0.0967,Low
44611,0.0967,Low
30341,0.0967,Low
48223,0.0966,Low
30598,0.0966,Low
23630,0.0966,Low
26241,0.0966,Low
39017,0.0966,Low
13539,0.0966,Low
21051,0.0966,Low
45849,0.0966,Low
9011,0.0966,Low
50090,0.0966,Low
5219,0.0966,Low
892,0.0966,Low
31405,0.0966,Low
44088,0.0965,Low
32665,0.0965,Low
23865,0.0965,Low
33432,0.0965,Low
3310,0.0965,Low
22007,0.0965,Low
28356,0.0965,Low
51297,0.0965,Low
14773,0.0965,Low
15772,0.0965,Low
20857,0.0965,Low
18092,0.0965,Low
45313,0.0965,Low
41168,0.0965,Low
50859,0.0964,Low
37767,0.0964,Low
28666,0.0964,Low
4540,0.0964,Low
26057,0.0964,Low
3110,0.0964,Low
37938,0.0964,Low
38730,0.0964,Low
2873,0.0964,Low
25515,0.0964,Low
35400,0.0964,Low
3065,0.0964,Low
33826,0.0964,Low
51941,0.0964,Low
450,0.0964,Low
40344,0.0964,Low
30520,0.0964,Low
32580,0.0964,Low
12807,0.0964,Low
40930,0.0964,Low
32211,0.0964,Low
40169,0.0964,Low
48905,0.0964,Low
24592,0.0963,Low
44209,0.0963,Low
28386,0.0963,Low
50334,0.0963,Low
3410,0.0963,Low
9397,0.0963,Low
651,0.0963,Low
23012,0.0963,Low
21745,0.0963,Low
6703,0.0963,Low
38509,0.0963,Low
41064,0.0963,Low
15110,0.0963,Low
33096,0.0963,Low
18482,0.0962,Low
31032,0.0962,Low
14579,0.0962,Low
47435,0.0962,Low
40002,0.0962,Low
45019,0.0962,Low
870,0.0962,Low
3852,0.0962,Low
23144,0.0962,Low
18623,0.0962,Low
51072,0.0962,Low
23600,0.0962,Low
15638,0.0962,Low
25791,0.0962,Low
34993,0.0962,Low
17311,0.0962,Low
41452,0.0962,Low
50910,0.0961,Low
10151,0.0961,Low
34733,0.0961,Low
25905,0.0961,Low
27548,0.0961,Low
29290,0.0961,Low
39823,0.0961,Low
2055,0.0961,Low
29890,0.0961,Low
18117,0.0961,Low
50386,0.0961,Low
6618,0.0961,Low
18770,0.0961,Low
20264,0.0961,Low
37381,0.0961,Low
49319,0.0961,Low
25890,0.0961,Low
22237,0.096,Low
15775,0.096,Low
39977,0.096,Low
33773,0.096,Low
24599,0.096,Low
23140,0.096,Low
29288,0.096,Low
26561,0.096,Low
10112,0.096,Low
36820,0.096,Low
42651,0.096,Low
37894,0.096,Low
26348,0.0959,Low
1968,0.0959,Low
16162,0.0959,Low
10790,0.0959,Low
5920,0.0959,Low
32604,0.0959,Low
38403,0.0959,Low
22052,0.0959,Low
699,0.0959,Low
24017,0.0959,Low
28509,0.0959,Low
39917,0.0959,Low
42381,0.0959,Low
11979,0.0959,Low
46441,0.0958,Low
26901,0.0958,Low
27377,0.0958,Low
8302,0.0958,Low
40867,0.0958,Low
17029,0.0958,Low
39059,0.0958,Low
20131,0.0958,Low
42294,0.0958,Low
51733,0.0958,Low
5699,0.0958,Low
48685,0.0958,Low
23718,0.0958,Low
32009,0.0958,Low
36840,0.0958,Low
30871,0.0958,Low
24222,0.0958,Low
28061,0.0958,Low
27733,0.0958,Low
45052,0.0958,Low
37045,0.0958,Low
38783,0.0958,Low
8443,0.0957,Low
31456,0.0957,Low
12387,0.0957,Low
776,0.0957,Low
27366,0.0957,Low
44576,0.0957,Low
37911,0.0957,Low
47292,0.0957,Low
20599,0.0957,Low
25224,0.0957,Low
37454,0.0957,Low
48871,0.0957,Low
43500,0.0957,Low
36486,0.0957,Low
47661,0.0957,Low
25913,0.0957,Low
22894,0.0957,Low
49960,0.0957,Low
709,0.0956,Low
22644,0.0956,Low
33354,0.0956,Low
27608,0.0956,Low
49788,0.0956,Low
39744,0.0956,Low
25878,0.0956,Low
27491,0.0956,Low
23678,0.0956,Low
1796,0.0956,Low
43129,0.0956,Low
41622,0.0956,Low
18046,0.0956,Low
36463,0.0956,Low
45420,0.0956,Low
21519,0.0956,Low
46723,0.0956,Low
22824,0.0956,Low
51044,0.0956,Low
36387,0.0956,Low
10555,0.0956,Low
37977,0.0955,Low
42048,0.0955,Low
21457,0.0955,Low
4646,0.0955,Low
49552,0.0955,Low
20889,0.0955,Low
11126,0.0955,Low
24038,0.0955,Low
3544,0.0955,Low
51728,0.0955,Low
6177,0.0955,Low
3908,0.0955,Low
36433,0.0955,Low
31284,0.0955,Low
47767,0.0955,Low
44661,0.0955,Low
5293,0.0954,Low
37522,0.0954,Low
9675,0.0954,Low
12553,0.0954,Low
2915,0.0954,Low
13864,0.0954,Low
40398,0.0954,Low
34973,0.0954,Low
10725,0.0954,Low
35413,0.0954,Low
49785,0.0954,Low
40589,0.0954,Low
29851,0.0954,Low
7185,0.0954,Low
1333,0.0954,Low
10219,0.0954,Low
49568,0.0954,Low
33511,0.0954,Low
11040,0.0954,Low
14972,0.0953,Low
45278,0.0953,Low
14389,0.0953,Low
47608,0.0953,Low
28467,0.0953,Low
22711,0.0953,Low
42440,0.0953,Low
22946,0.0953,Low
11794,0.0953,Low
48996,0.0953,Low
24590,0.0953,Low
10006,0.0953,Low
34565,0.0953,Low
1749,0.0953,Low
16249,0.0953,Low
49693,0.0953,Low
38447,0.0953,Low
35978,0.0953,Low
20110,0.0953,Low
41261,0.0953,Low
36828,0.0953,Low
28304,0.0953,Low
9959,0.0952,Low
1218,0.0952,Low
48551,0.0952,Low
26852,0.0952,Low
3795,0.0952,Low
11642,0.0952,Low
45884,0.0952,Low
49089,0.0952,Low
16658,0.0952,Low
39160,0.0952,Low
8568,0.0952,Low
11377,0.0951,Low
42284,0.0951,Low
31269,0.0951,Low
10209,0.0951,Low
46769,0.0951,Low
21792,0.0951,Low
37078,0.0951,Low
1135,0.0951,Low
39540,0.0951,Low
2912,0.0951,Low
11805,0.0951,Low
15628,0.0951,Low
12432,0.0951,Low
38691,0.0951,Low
2419,0.0951,Low
12631,0.0951,Low
10821,0.0951,Low
41709,0.0951,Low
23754,0.0951,Low
18645,0.095,Low
25854,0.095,Low
46364,0.095,Low
3868,0.095,Low
48774,0.095,Low
31256,0.095,Low
39615,0.095,Low
48888,0.095,Low
36505,0.095,Low
40461,0.0949,Low
19333,0.0949,Low
2302,0.0949,Low
20376,0.0949,Low
37575,0.0949,Low
7734,0.0949,Low
31941,0.0949,Low
25750,0.0949,Low
6547,0.0949,Low
40950,0.0949,Low
39598,0.0949,Low
13523,0.0949,Low
22800,0.0949,Low
50879,0.0949,Low
49637,0.0949,Low
28629,0.0949,Low
41017,0.0949,Low
38098,0.0949,Low
31267,0.0949,Low
26542,0.0949,Low
34783,0.0949,Low
10712,0.0949,Low
46269,0.0949,Low
2096,0.0949,Low
2230,0.0948,Low
9817,0.0948,Low
47547,0.0948,Low
50490,0.0948,Low
26485,0.0948,Low
42312,0.0948,Low
49411,0.0948,Low
36052,0.0948,Low
23237,0.0948,Low
38529,0.0948,Low
26916,0.0948,Low
36351,0.0948,Low
22758,0.0948,Low
35379,0.0948,Low
33308,0.0948,Low
8937,0.0948,Low
35587,0.0947,Low
16798,0.0947,Low
1243,0.0947,Low
5064,0.0947,Low
33270,0.0947,Low
14930,0.0947,Low
29531,0.0947,Low
46793,0.0947,Low
655,0.0947,Low
29645,0.0947,Low
7726,0.0947,Low
9790,0.0947,Low
20927,0.0947,Low
31798,0.0947,Low
28382,0.0947,Low
40156,0.0947,Low
2349,0.0947,Low
4576,0.0947,Low
36233,0.0946,Low
11037,0.0946,Low
28811,0.0946,Low
31711,0.0946,Low
46880,0.0946,Low
9737,0.0946,Low
50245,0.0946,Low
12421,0.0946,Low
20081,0.0946,Low
29628,0.0946,Low
29775,0.0946,Low
41505,0.0946,Low
37548,0.0946,Low
49008,0.0946,Low
44457,0.0946,Low
19102,0.0946,Low
27565,0.0946,Low
42074,0.0946,Low
25735,0.0946,Low
1654,0.0946,Low
12054,0.0946,Low
51262,0.0945,Low
17500,0.0945,Low
34558,0.0945,Low
19367,0.0945,Low
49482,0.0945,Low
35813,0.0945,Low
30823,0.0945,Low
20757,0.0945,Low
45979,0.0945,Low
20657,0.0945,Low
38329,0.0945,Low
36429,0.0945,Low
27615,0.0945,Low
19344,0.0945,Low
44706,0.0945,Low
51322,0.0945,Low
34162,0.0944,Low
29151,0.0944,Low
32094,0.0944,Low
9946,0.0944,Low
34912,0.0944,Low
35806,0.0944,Low
28287,0.0944,Low
24092,0.0944,Low
40777,0.0944,Low
22068,0.0944,Low
14364,0.0944,Low
22048,0.0944,Low
2269,0.0944,Low
35780,0.0944,Low
22255,0.0944,Low
20923,0.0944,Low
38007,0.0943,Low
33851,0.0943,Low
22944,0.0943,Low
567,0.0943,Low
18943,0.0943,Low
43867,0.0943,Low
39172,0.0943,Low
41694,0.0943,Low
43359,0.0943,Low
44469,0.0943,Low
38434,0.0943,Low
2638,0.0943,Low
46458,0.0943,Low
2870,0.0943,Low
28136,0.0943,Low
47107,0.0943,Low
29857,0.0943,Low
4875,0.0942,Low
9597,0.0942,Low
35949,0.0942,Low
24883,0.0942,Low
49691,0.0942,Low
40362,0.0942,Low
4891,0.0942,Low
45299,0.0942,Low
27903,0.0942,Low
8303,0.0942,Low
33558,0.0942,Low
17955,0.0942,Low
45435,0.0942,Low
47685,0.0942,Low
42951,0.0942,Low
48720,0.0942,Low
36313,0.0942,Low
44330,0.0942,Low
16303,0.0941,Low
3467,0.0941,Low
28352,0.0941,Low
34203,0.0941,Low
48374,0.0941,Low
15733,0.0941,Low
32860,0.0941,Low
33990,0.0941,Low
17314,0.0941,Low
43805,0.0941,Low
23826,0.0941,Low
28784,0.0941,Low
41978,0.0941,Low
50040,0.0941,Low
28524,0.0941,Low
29105,0.0941,Low
20437,0.0941,Low
17268,0.0941,Low
46134,0.0941,Low
50325,0.0941,Low
46166,0.094,Low
46703,0.094,Low
38560,0.094,Low
11185,0.094,Low
44931,0.094,Low
51335,0.094,Low
44308,0.094,Low
40281,0.094,Low
4255,0.094,Low
15030,0.094,Low
9293,0.094,Low
39195,0.094,Low
45283,0.094,Low
16415,0.094,Low
19943,0.094,Low
22033,0.0939,Low
33892,0.0939,Low
21032,0.0939,Low
50405,0.0939,Low
8968,0.0939,Low
30511,0.0939,Low
14936,0.0939,Low
40122,0.0939,Low
49268,0.0939,Low
10648,0.0939,Low
42420,0.0939,Low
43579,0.0939,Low
23155,0.0939,Low
34285,0.0939,Low
110,0.0939,Low
37517,0.0939,Low
24219,0.0939,Low
8738,0.0939,Low
27827,0.0939,Low
14721,0.0938,Low
4548,0.0938,Low
15557,0.0938,Low
39322,0.0938,Low
48731,0.0938,Low
27195,0.0938,Low
28229,0.0938,Low
14754,0.0938,Low
35855,0.0938,Low
7221,0.0938,Low
30459,0.0938,Low
26846,0.0938,Low
27387,0.0938,Low
29910,0.0938,Low
42348,0.0938,Low
11574,0.0938,Low
7747,0.0938,Low
25873,0.0938,Low
5720,0.0938,Low
35204,0.0938,Low
7969,0.0938,Low
19704,0.0938,Low
6870,0.0938,Low
10615,0.0938,Low
45854,0.0938,Low
27187,0.0937,Low
31614,0.0937,Low
50217,0.0937,Low
40011,0.0937,Low
13472,0.0937,Low
36575,0.0937,Low
28818,0.0937,Low
36217,0.0937,Low
25865,0.0937,Low
10624,0.0937,Low
5546,0.0937,Low
29806,0.0937,Low
17041,0.0937,Low
49983,0.0937,Low
11993,0.0936,Low
281,0.0936,Low
42324,0.0936,Low
20035,0.0936,Low
43215,0.0936,Low
44075,0.0936,Low
51206,0.0936,Low
28353,0.0936,Low
8594,0.0936,Low
19594,0.0936,Low
49849,0.0935,Low
8045,0.0935,Low
49772,0.0935,Low
34331,0.0935,Low
16130,0.0935,Low
24710,0.0935,Low
14108,0.0935,Low
32378,0.0935,Low
23203,0.0935,Low
50899,0.0935,Low
22468,0.0935,Low
6342,0.0935,Low
3369,0.0935,Low
29739,0.0935,Low
32869,0.0935,Low
37595,0.0935,Low
51227,0.0935,Low
32517,0.0935,Low
24645,0.0935,Low
10569,0.0935,Low
20290,0.0935,Low
45282,0.0934,Low
13246,0.0934,Low
44109,0.0934,Low
21437,0.0934,Low
2961,0.0934,Low
3044,0.0934,Low
21139,0.0934,Low
25673,0.0934,Low
17621,0.0934,Low
34698,0.0934,Low
33461,0.0934,Low
1971,0.0934,Low
46167,0.0934,Low
4509,0.0934,Low
12713,0.0934,Low
4501,0.0934,Low
30586,0.0933,Low
16427,0.0933,Low
24843,0.0933,Low
5514,0.0933,Low
24551,0.0933,Low
12830,0.0933,Low
51690,0.0933,Low
21304,0.0933,Low
20197,0.0933,Low
42661,0.0933,Low
9308,0.0933,Low
47394,0.0933,Low
37357,0.0933,Low
17591,0.0933,Low
8208,0.0933,Low
6960,0.0933,Low
48767,0.0933,Low
35638,0.0933,Low
24084,0.0933,Low
49653,0.0932,Low
9851,0.0932,Low
6522,0.0932,Low
248,0.0932,Low
50002,0.0932,Low
28319,0.0932,Low
48252,0.0932,Low
32645,0.0932,Low
32529,0.0932,Low
16814,0.0932,Low
25059,0.0932,Low
25544,0.0932,Low
48929,0.0932,Low
8523,0.0931,Low
2814,0.0931,Low
7108,0.0931,Low
14666,0.0931,Low
37518,0.0931,Low
16114,0.0931,Low
46686,0.0931,Low
15282,0.0931,Low
41840,0.0931,Low
30658,0.0931,Low
27019,0.0931,Low
22241,0.0931,Low
20487,0.0931,Low
16745,0.0931,Low
14808,0.0931,Low
29230,0.0931,Low
32480,0.0931,Low
11727,0.0931,Low
14390,0.0931,Low
11707,0.0931,Low
23730,0.0931,Low
17278,0.0931,Low
43866,0.093,Low
37167,0.093,Low
19196,0.093,Low
426,0.093,Low
40945,0.093,Low
45628,0.093,Low
1433,0.093,Low
49613,0.093,Low
13814,0.093,Low
16721,0.093,Low
31337,0.093,Low
41328,0.093,Low
330,0.093,Low
29189,0.093,Low
28076,0.093,Low
27093,0.093,Low
15770,0.093,Low
38716,0.0929,Low
46238,0.0929,Low
28579,0.0929,Low
5232,0.0929,Low
28782,0.0929,Low
28114,0.0929,Low
7448,0.0929,Low
20531,0.0929,Low
48193,0.0929,Low
10614,0.0929,Low
2341,0.0929,Low
23101,0.0929,Low
2429,0.0929,Low
45109,0.0929,Low
2439,0.0929,Low
44732,0.0929,Low
47258,0.0929,Low
26377,0.0929,Low
25344,0.0929,Low
7659,0.0929,Low
33757,0.0929,Low
13153,0.0929,Low
31112,0.0928,Low
30413,0.0928,Low
8682,0.0928,Low
23828,0.0928,Low
24427,0.0928,Low
24637,0.0928,Low
36244,0.0928,Low
23139,0.0928,Low
32833,0.0928,Low
3433,0.0928,Low
22465,0.0928,Low
47186,0.0928,Low
1478,0.0928,Low
43362,0.0928,Low
29081,0.0928,Low
9915,0.0928,Low
47900,0.0928,Low
26265,0.0927,Low
45565,0.0927,Low
30907,0.0927,Low
34149,0.0927,Low
33401,0.0927,Low
18310,0.0927,Low
51303,0.0927,Low
15884,0.0927,Low
1616,0.0927,Low
1425,0.0927,Low
43895,0.0927,Low
26179,0.0926,Low
46213,0.0926,Low
10192,0.0926,Low
18146,0.0926,Low
41428,0.0926,Low
43520,0.0926,Low
24501,0.0926,Low
12206,0.0926,Low
13088,0.0926,Low
5016,0.0926,Low
13331,0.0926,Low
6329,0.0926,Low
50072,0.0926,Low
33336,0.0926,Low
19506,0.0926,Low
44296,0.0926,Low
47758,0.0926,Low
15502,0.0926,Low
27365,0.0926,Low
51105,0.0925,Low
30562,0.0925,Low
41180,0.0925,Low
49504,0.0925,Low
51480,0.0925,Low
11770,0.0925,Low
44278,0.0925,Low
48059,0.0925,Low
2644,0.0925,Low
18917,0.0925,Low
29681,0.0925,Low
15684,0.0925,Low
29285,0.0925,Low
39520,0.0925,Low
29153,0.0925,Low
16874,0.0925,Low
47122,0.0924,Low
29406,0.0924,Low
4091,0.0924,Low
27496,0.0924,Low
46616,0.0924,Low
15646,0.0924,Low
43720,0.0924,Low
8690,0.0924,Low
1386,0.0924,Low
4807,0.0924,Low
43702,0.0924,Low
45643,0.0924,Low
9322,0.0924,Low
48066,0.0924,Low
30427,0.0923,Low
33525,0.0923,Low
47823,0.0923,Low
36709,0.0923,Low
30315,0.0923,Low
23334,0.0923,Low
10303,0.0923,Low
13608,0.0923,Low
6925,0.0923,Low
43357,0.0923,Low
50199,0.0923,Low
26250,0.0923,Low
29052,0.0923,Low
4616,0.0923,Low
2764,0.0923,Low
27174,0.0923,Low
42437,0.0923,Low
26513,0.0923,Low
9461,0.0923,Low
36565,0.0923,Low
23780,0.0923,Low
47695,0.0923,Low
22592,0.0923,Low
40308,0.0923,Low
10628,0.0923,Low
15369,0.0922,Low
51137,0.0922,Low
50900,0.0922,Low
41724,0.0922,Low
34834,0.0922,Low
11616,0.0922,Low
40286,0.0922,Low
22335,0.0922,Low
35928,0.0922,Low
51212,0.0922,Low
35079,0.0922,Low
18058,0.0922,Low
33326,0.0922,Low
48413,0.0922,Low
3302,0.0922,Low
40007,0.0922,Low
25048,0.0922,Low
18177,0.0922,Low
32559,0.0922,Low
15267,0.0922,Low
50855,0.0921,Low
39137,0.0921,Low
41719,0.0921,Low
12327,0.0921,Low
28040,0.0921,Low
39691,0.0921,Low
17838,0.0921,Low
29561,0.0921,Low
13059,0.0921,Low
26459,0.092,Low
38256,0.092,Low
21847,0.092,Low
8142,0.092,Low
43787,0.092,Low
29970,0.092,Low
31425,0.092,Low
39815,0.092,Low
23814,0.092,Low
38432,0.092,Low
25530,0.092,Low
6505,0.092,Low
19053,0.092,Low
48449,0.092,Low
34533,0.092,Low
26130,0.092,Low
24685,0.092,Low
12641,0.092,Low
23328,0.092,Low
9745,0.0919,Low
25908,0.0919,Low
22709,0.0919,Low
28258,0.0919,Low
16989,0.0919,Low
25411,0.0919,Low
2663,0.0919,Low
21938,0.0919,Low
46270,0.0919,Low
37108,0.0919,Low
43769,0.0919,Low
37840,0.0919,Low
22549,0.0919,Low
29797,0.0919,Low
13937,0.0918,Low
10950,0.0918,Low
31573,0.0918,Low
23658,0.0918,Low
48268,0.0918,Low
27522,0.0918,Low
24875,0.0918,Low
24714,0.0918,Low
7680,0.0918,Low
2526,0.0918,Low
49308,0.0917,Low
19762,0.0917,Low
35948,0.0917,Low
1771,0.0917,Low
42645,0.0917,Low
51409,0.0917,Low
42322,0.0917,Low
27175,0.0917,Low
49963,0.0917,Low
16947,0.0917,Low
39640,0.0917,Low
40426,0.0917,Low
26511,0.0917,Low
2327,0.0917,Low
5696,0.0917,Low
40898,0.0917,Low
18737,0.0917,Low
39088,0.0917,Low
16672,0.0917,Low
7052,0.0917,Low
46357,0.0917,Low
42224,0.0917,Low
21495,0.0917,Low
6014,0.0916,Low
9072,0.0916,Low
6344,0.0916,Low
11782,0.0916,Low
25933,0.0916,Low
22216,0.0916,Low
41800,0.0916,Low
16161,0.0916,Low
31940,0.0916,Low
35505,0.0916,Low
16893,0.0916,Low
39965,0.0916,Low
7597,0.0916,Low
33854,0.0916,Low
39348,0.0916,Low
13960,0.0916,Low
35239,0.0915,Low
16876,0.0915,Low
25092,0.0915,Low
12587,0.0915,Low
21592,0.0915,Low
35597,0.0915,Low
28456,0.0915,Low
41828,0.0915,Low
47162,0.0915,Low
6926,0.0915,Low
32047,0.0915,Low
26473,0.0915,Low
44617,0.0915,Low
39762,0.0915,Low
37293,0.0915,Low
46022,0.0914,Low
49326,0.0914,Low
7569,0.0914,Low
45542,0.0914,Low
39332,0.0914,Low
18017,0.0914,Low
49423,0.0914,Low
16084,0.0914,Low
34763,0.0914,Low
40142,0.0914,Low
35056,0.0914,Low
17501,0.0914,Low
36534,0.0914,Low
15546,0.0914,Low
13605,0.0914,Low
6366,0.0914,Low
1722,0.0914,Low
31420,0.0914,Low
23721,0.0913,Low
29971,0.0913,Low
26142,0.0913,Low
31142,0.0913,Low
40055,0.0913,Low
17177,0.0913,Low
10677,0.0913,Low
39033,0.0913,Low
36333,0.0913,Low
3930,0.0913,Low
33340,0.0912,Low
14139,0.0912,Low
29889,0.0912,Low
9973,0.0912,Low
10962,0.0912,Low
46165,0.0912,Low
34835,0.0912,Low
48276,0.0912,Low
13160,0.0912,Low
21907,0.0912,Low
51170,0.0912,Low
16717,0.0912,Low
5803,0.0912,Low
10064,0.0911,Low
48577,0.0911,Low
50986,0.0911,Low
5158,0.0911,Low
24890,0.0911,Low
18729,0.0911,Low
35425,0.0911,Low
45633,0.0911,Low
19520,0.0911,Low
17226,0.0911,Low
44898,0.0911,Low
50528,0.091,Low
20364,0.091,Low
35667,0.091,Low
2762,0.091,Low
51702,0.091,Low
26734,0.091,Low
1765,0.091,Low
27503,0.091,Low
20363,0.091,Low
44591,0.091,Low
23790,0.091,Low
23456,0.091,Low
28809,0.091,Low
38339,0.091,Low
29340,0.091,Low
23509,0.0909,Low
21610,0.0909,Low
13658,0.0909,Low
35595,0.0909,Low
44942,0.0909,Low
30553,0.0909,Low
31139,0.0909,Low
11940,0.0909,Low
38248,0.0909,Low
5866,0.0909,Low
32975,0.0909,Low
37949,0.0909,Low
51485,0.0909,Low
42852,0.0909,Low
31245,0.0909,Low
12883,0.0909,Low
41455,0.0909,Low
12582,0.0909,Low
3836,0.0909,Low
5503,0.0909,Low
45436,0.0908,Low
51974,0.0908,Low
17918,0.0908,Low
51463,0.0908,Low
45180,0.0908,Low
7722,0.0908,Low
18300,0.0908,Low
40790,0.0908,Low
44765,0.0908,Low
42778,0.0908,Low
38628,0.0908,Low
5628,0.0908,Low
21062,0.0908,Low
16230,0.0908,Low
29279,0.0908,Low
20627,0.0908,Low
33465,0.0908,Low
42711,0.0907,Low
25574,0.0907,Low
34219,0.0907,Low
40390,0.0907,Low
33074,0.0907,Low
44286,0.0907,Low
16353,0.0907,Low
27676,0.0907,Low
2160,0.0907,Low
34338,0.0907,Low
37927,0.0907,Low
38170,0.0907,Low
49336,0.0907,Low
33736,0.0907,Low
34352,0.0907,Low
5041,0.0907,Low
26398,0.0907,Low
23353,0.0906,Low
38810,0.0906,Low
25055,0.0906,Low
32827,0.0906,Low
38819,0.0906,Low
33740,0.0906,Low
16005,0.0906,Low
37855,0.0906,Low
5320,0.0906,Low
17872,0.0906,Low
50981,0.0906,Low
32071,0.0906,Low
21040,0.0906,Low
39110,0.0906,Low
11269,0.0906,Low
30888,0.0906,Low
43985,0.0906,Low
131,0.0906,Low
39960,0.0906,Low
41350,0.0906,Low
6410,0.0906,Low
4156,0.0905,Low
3062,0.0905,Low
47232,0.0905,Low
15011,0.0905,Low
23532,0.0905,Low
6263,0.0905,Low
16986,0.0905,Low
51910,0.0905,Low
18052,0.0905,Low
22053,0.0905,Low
18923,0.0905,Low
21743,0.0905,Low
10254,0.0905,Low
48868,0.0905,Low
5694,0.0905,Low
44711,0.0905,Low
44225,0.0905,Low
27852,0.0904,Low
47822,0.0904,Low
25730,0.0904,Low
12658,0.0904,Low
25412,0.0904,Low
51063,0.0904,Low
36664,0.0904,Low
6439,0.0904,Low
40245,0.0903,Low
11816,0.0903,Low
21754,0.0903,Low
27906,0.0903,Low
3682,0.0903,Low
5453,0.0903,Low
24093,0.0903,Low
19538,0.0903,Low
37980,0.0903,Low
32325,0.0903,Low
21405,0.0902,Low
36383,0.0902,Low
14775,0.0902,Low
43531,0.0902,Low
45959,0.0902,Low
4838,0.0902,Low
34689,0.0902,Low
29820,0.0902,Low
11084,0.0902,Low
1728,0.0902,Low
22179,0.0901,Low
16135,0.0901,Low
37227,0.0901,Low
16705,0.0901,Low
12795,0.0901,Low
38527,0.0901,Low
13210,0.0901,Low
1560,0.0901,Low
21601,0.0901,Low
39150,0.0901,Low
4757,0.0901,Low
684,0.0901,Low
24997,0.0901,Low
33068,0.0901,Low
30105,0.09,Low
29859,0.09,Low
19794,0.09,Low
19718,0.09,Low
24338,0.09,Low
6745,0.09,Low
46373,0.09,Low
17830,0.09,Low
42918,0.09,Low
42342,0.09,Low
40978,0.09,Low
42504,0.09,Low
9277,0.09,Low
6306,0.09,Low
18508,0.0899,Low
25514,0.0899,Low
40135,0.0899,Low
34213,0.0899,Low
26827,0.0899,Low
22765,0.0899,Low
44729,0.0899,Low
22162,0.0899,Low
19621,0.0899,Low
1719,0.0899,Low
34988,0.0899,Low
44012,0.0899,Low
7972,0.0899,Low
18134,0.0899,Low
36131,0.0898,Low
21001,0.0898,Low
9887,0.0898,Low
43072,0.0898,Low
6489,0.0898,Low
7208,0.0898,Low
51908,0.0898,Low
40686,0.0898,Low
13730,0.0898,Low
19602,0.0898,Low
33619,0.0898,Low
22833,0.0898,Low
13488,0.0898,Low
17561,0.0898,Low
8407,0.0898,Low
1341,0.0898,Low
43851,0.0898,Low
7136,0.0898,Low
7981,0.0897,Low
13392,0.0897,Low
33121,0.0897,Low
38056,0.0897,Low
21249,0.0897,Low
18926,0.0897,Low
42027,0.0897,Low
25849,0.0897,Low
46205,0.0897,Low
8146,0.0897,Low
31544,0.0897,Low
41148,0.0897,Low
21543,0.0897,Low
28706,0.0897,Low
30266,0.0897,Low
27002,0.0897,Low
18602,0.0897,Low
29109,0.0897,Low
50269,0.0897,Low
19228,0.0897,Low
13890,0.0896,Low
31505,0.0896,Low
49001,0.0896,Low
25586,0.0896,Low
50992,0.0896,Low
43943,0.0896,Low
11325,0.0896,Low
51561,0.0896,Low
14134,0.0896,Low
3757,0.0896,Low
2631,0.0896,Low
23914,0.0896,Low
40854,0.0896,Low
32089,0.0896,Low
36826,0.0896,Low
16008,0.0896,Low
44424,0.0895,Low
6533,0.0895,Low
16271,0.0895,Low
23198,0.0895,Low
35836,0.0895,Low
42780,0.0895,Low
21417,0.0895,Low
6120,0.0895,Low
38103,0.0895,Low
33640,0.0895,Low
26775,0.0894,Low
13366,0.0894,Low
11395,0.0894,Low
19580,0.0894,Low
47844,0.0894,Low
11058,0.0894,Low
13479,0.0894,Low
1708,0.0894,Low
11018,0.0894,Low
41020,0.0894,Low
27658,0.0894,Low
30650,0.0894,Low
20331,0.0894,Low
25164,0.0894,Low
40022,0.0894,Low
13383,0.0894,Low
28423,0.0894,Low
33630,0.0894,Low
6685,0.0893,Low
28625,0.0893,Low
28578,0.0893,Low
22481,0.0893,Low
50105,0.0893,Low
1664,0.0893,Low
21624,0.0893,Low
8041,0.0893,Low
45669,0.0893,Low
7043,0.0893,Low
1904,0.0892,Low
40191,0.0892,Low
44835,0.0892,Low
24394,0.0892,Low
21824,0.0892,Low
20152,0.0892,Low
37333,0.0892,Low
34953,0.0892,Low
35206,0.0892,Low
17043,0.0892,Low
28119,0.0892,Low
1508,0.0892,Low
12810,0.0892,Low
48208,0.0892,Low
4021,0.0892,Low
30476,0.0892,Low
29035,0.0892,Low
10263,0.0892,Low
37335,0.0892,Low
5152,0.0892,Low
37592,0.0892,Low
2143,0.0892,Low
2047,0.0892,Low
43093,0.0892,Low
50652,0.0892,Low
44255,0.0892,Low
42511,0.0892,Low
34499,0.0891,Low
9361,0.0891,Low
16707,0.0891,Low
44989,0.0891,Low
24182,0.0891,Low
19180,0.0891,Low
3231,0.0891,Low
51226,0.0891,Low
8560,0.0891,Low
10172,0.0891,Low
11924,0.0891,Low
41701,0.0891,Low
1878,0.0891,Low
47610,0.0891,Low
18908,0.0891,Low
50790,0.0891,Low
3003,0.0891,Low
42191,0.089,Low
40213,0.089,Low
26014,0.089,Low
20626,0.089,Low
37688,0.089,Low
41491,0.089,Low
26645,0.089,Low
21144,0.089,Low
47706,0.089,Low
27702,0.089,Low
1063,0.089,Low
21820,0.0889,Low
577,0.0889,Low
12431,0.0889,Low
24110,0.0889,Low
34893,0.0889,Low
37680,0.0889,Low
37532,0.0889,Low
954,0.0889,Low
24212,0.0889,Low
34133,0.0889,Low
38583,0.0889,Low
45594,0.0889,Low
35770,0.0889,Low
16442,0.0889,Low
45872,0.0889,Low
4976,0.0889,Low
26685,0.0889,Low
3946,0.0889,Low
34300,0.0889,Low
1406,0.0888,Low
45024,0.0888,Low
2568,0.0888,Low
29277,0.0888,Low
37910,0.0888,Low
40295,0.0888,Low
33713,0.0888,Low
36576,0.0888,Low
38076,0.0888,Low
41913,0.0888,Low
15704,0.0888,Low
35752,0.0888,Low
38536,0.0888,Low
17115,0.0888,Low
51636,0.0887,Low
42487,0.0887,Low
39200,0.0887,Low
22773,0.0887,Low
11976,0.0887,Low
30078,0.0887,Low
15158,0.0887,Low
7912,0.0887,Low
13977,0.0887,Low
1273,0.0887,Low
50401,0.0887,Low
7676,0.0887,Low
4079,0.0887,Low
36969,0.0886,Low
30622,0.0886,Low
48035,0.0886,Low
34055,0.0886,Low
42110,0.0886,Low
44316,0.0886,Low
20142,0.0886,Low
35133,0.0886,Low
15552,0.0886,Low
38705,0.0886,Low
18618,0.0886,Low
11787,0.0886,Low
21975,0.0886,Low
50118,0.0886,Low
46336,0.0886,Low
39491,0.0886,Low
20886,0.0886,Low
10435,0.0885,Low
43401,0.0885,Low
33476,0.0885,Low
10325,0.0885,Low
37106,0.0885,Low
29066,0.0885,Low
16128,0.0885,Low
47817,0.0885,Low
11683,0.0885,Low
47330,0.0885,Low
47009,0.0885,Low
39529,0.0885,Low
25225,0.0885,Low
17300,0.0885,Low
11386,0.0885,Low
33255,0.0884,Low
44411,0.0884,Low
10620,0.0884,Low
51783,0.0884,Low
22082,0.0884,Low
41435,0.0884,Low
49921,0.0884,Low
26148,0.0884,Low
9192,0.0884,Low
13393,0.0884,Low
8159,0.0884,Low
45303,0.0884,Low
47689,0.0884,Low
3287,0.0884,Low
5511,0.0884,Low
23016,0.0884,Low
12451,0.0884,Low
4097,0.0884,Low
16740,0.0884,Low
9318,0.0884,Low
33420,0.0884,Low
27706,0.0883,Low
30379,0.0883,Low
8630,0.0883,Low
51349,0.0883,Low
49964,0.0883,Low
22677,0.0883,Low
9444,0.0883,Low
16496,0.0883,Low
21423,0.0883,Low
8257,0.0883,Low
12196,0.0883,Low
25583,0.0882,Low
2076,0.0882,Low
38258,0.0882,Low
50335,0.0882,Low
50465,0.0882,Low
27999,0.0882,Low
41970,0.0882,Low
14294,0.0882,Low
43450,0.0882,Low
50824,0.0882,Low
6260,0.0882,Low
14235,0.0882,Low
3253,0.0882,Low
22348,0.0882,Low
1700,0.0882,Low
36411,0.0882,Low
14419,0.0882,Low
37876,0.0882,Low
25004,0.0882,Low
51300,0.0882,Low
22672,0.0882,Low
49202,0.0881,Low
47887,0.0881,Low
27993,0.0881,Low
24380,0.0881,Low
3600,0.0881,Low
39372,0.0881,Low
26131,0.0881,Low
51881,0.0881,Low
19315,0.0881,Low
18519,0.0881,Low
6376,0.0881,Low
31452,0.0881,Low
46175,0.0881,Low
12871,0.0881,Low
16052,0.0881,Low
41975,0.088,Low
37385,0.088,Low
11944,0.088,Low
14978,0.088,Low
42382,0.088,Low
19159,0.088,Low
51323,0.088,Low
17488,0.088,Low
34220,0.088,Low
13761,0.088,Low
7974,0.088,Low
5216,0.088,Low
2546,0.088,Low
10897,0.088,Low
44427,0.088,Low
7754,0.088,Low
28930,0.088,Low
4809,0.0879,Low
8223,0.0879,Low
46741,0.0879,Low
47527,0.0879,Low
33710,0.0879,Low
17688,0.0879,Low
36216,0.0879,Low
20796,0.0879,Low
47813,0.0879,Low
37515,0.0879,Low
39189,0.0879,Low
47230,0.0879,Low
9328,0.0879,Low
12303,0.0879,Low
3154,0.0879,Low
6763,0.0879,Low
42737,0.0879,Low
14458,0.0879,Low
5702,0.0878,Low
11646,0.0878,Low
35641,0.0878,Low
9082,0.0878,Low
1639,0.0878,Low
44501,0.0878,Low
35418,0.0878,Low
33318,0.0878,Low
45247,0.0878,Low
31091,0.0878,Low
48976,0.0878,Low
26905,0.0878,Low
48435,0.0878,Low
33012,0.0878,Low
1886,0.0878,Low
48351,0.0878,Low
34623,0.0878,Low
38378,0.0878,Low
25834,0.0878,Low
22931,0.0878,Low
13850,0.0878,Low
50636,0.0877,Low
42100,0.0877,Low
42876,0.0877,Low
14673,0.0877,Low
17362,0.0877,Low
3838,0.0877,Low
31733,0.0877,Low
28225,0.0877,Low
35434,0.0877,Low
41625,0.0877,Low
4061,0.0877,Low
8949,0.0877,Low
43739,0.0877,Low
37549,0.0876,Low
6229,0.0876,Low
33363,0.0876,Low
51294,0.0876,Low
40471,0.0876,Low
51717,0.0876,Low
10443,0.0876,Low
15587,0.0876,Low
43030,0.0876,Low
19172,0.0876,Low
25608,0.0876,Low
49927,0.0876,Low
28292,0.0876,Low
40087,0.0876,Low
15808,0.0876,Low
28398,0.0876,Low
10667,0.0875,Low
4436,0.0875,Low
27684,0.0875,Low
593,0.0875,Low
49309,0.0875,Low
10883,0.0875,Low
6178,0.0875,Low
18779,0.0875,Low
4430,0.0875,Low
26153,0.0875,Low
3070,0.0875,Low
35430,0.0875,Low
18678,0.0875,Low
32214,0.0875,Low
45477,0.0875,Low
21089,0.0875,Low
9458,0.0875,Low
51955,0.0875,Low
23822,0.0875,Low
48277,0.0875,Low
3527,0.0875,Low
50500,0.0875,Low
21549,0.0875,Low
32950,0.0875,Low
4765,0.0874,Low
36099,0.0874,Low
22596,0.0874,Low
42370,0.0874,Low
25989,0.0874,Low
36157,0.0874,Low
23773,0.0874,Low
7016,0.0874,Low
31360,0.0874,Low
47806,0.0874,Low
43316,0.0874,Low
32027,0.0874,Low
24290,0.0874,Low
50001,0.0874,Low
40505,0.0874,Low
21913,0.0874,Low
24638,0.0873,Low
7824,0.0873,Low
35433,0.0873,Low
47972,0.0873,Low
31783,0.0873,Low
49930,0.0873,Low
7679,0.0873,Low
32190,0.0873,Low
19779,0.0873,Low
40075,0.0872,Low
4185,0.0872,Low
51417,0.0872,Low
29569,0.0872,Low
478,0.0872,Low
11,0.0872,Low
25621,0.0872,Low
47862,0.0872,Low
25833,0.0872,Low
2954,0.0872,Low
47605,0.0872,Low
38404,0.0872,Low
39668,0.0872,Low
3279,0.0872,Low
10784,0.0872,Low
32598,0.0872,Low
18409,0.0872,Low
27124,0.0872,Low
47396,0.0872,Low
42704,0.0872,Low
42748,0.0871,Low
28738,0.0871,Low
11995,0.0871,Low
50013,0.0871,Low
29720,0.0871,Low
17719,0.0871,Low
32867,0.0871,Low
14732,0.0871,Low
9434,0.0871,Low
14674,0.0871,Low
46157,0.0871,Low
26450,0.0871,Low
49243,0.0871,Low
27529,0.0871,Low
19913,0.0871,Low
31009,0.087,Low
43622,0.087,Low
9627,0.087,Low
42199,0.087,Low
30223,0.087,Low
2035,0.087,Low
2392,0.087,Low
41894,0.087,Low
50183,0.087,Low
50349,0.087,Low
49125,0.087,Low
3071,0.087,Low
48506,0.087,Low
15894,0.087,Low
22070,0.0869,Low
42996,0.0869,Low
3556,0.0869,Low
43042,0.0869,Low
30867,0.0869,Low
35906,0.0869,Low
51474,0.0869,Low
21241,0.0869,Low
2937,0.0869,Low
16034,0.0869,Low
15645,0.0869,Low
38084,0.0869,Low
41801,0.0868,Low
31443,0.0868,Low
14043,0.0868,Low
38612,0.0868,Low
3987,0.0868,Low
12990,0.0868,Low
14555,0.0868,Low
51381,0.0868,Low
7883,0.0868,Low
24931,0.0868,Low
20457,0.0868,Low
23607,0.0868,Low
11577,0.0868,Low
48485,0.0868,Low
1008,0.0868,Low
15470,0.0868,Low
28149,0.0868,Low
23121,0.0868,Low
23098,0.0868,Low
47642,0.0868,Low
15482,0.0867,Low
48602,0.0867,Low
11389,0.0867,Low
44623,0.0867,Low
35526,0.0867,Low
34994,0.0867,Low
48590,0.0867,Low
30746,0.0866,Low
35513,0.0866,Low
21859,0.0866,Low
41560,0.0866,Low
17187,0.0866,Low
156,0.0866,Low
13914,0.0866,Low
1628,0.0866,Low
7206,0.0866,Low
50641,0.0866,Low
2911,0.0866,Low
32279,0.0866,Low
31873,0.0866,Low
32894,0.0866,Low
22015,0.0866,Low
1443,0.0866,Low
7836,0.0866,Low
27959,0.0866,Low
22338,0.0866,Low
49890,0.0866,Low
40396,0.0865,Low
18293,0.0865,Low
40585,0.0865,Low
10545,0.0865,Low
7581,0.0865,Low
40439,0.0865,Low
11751,0.0865,Low
37252,0.0865,Low
4069,0.0865,Low
10864,0.0865,Low
21723,0.0865,Low
47065,0.0865,Low
5297,0.0865,Low
21013,0.0865,Low
43572,0.0865,Low
45020,0.0864,Low
4780,0.0864,Low
49524,0.0864,Low
44070,0.0864,Low
42118,0.0864,Low
5902,0.0864,Low
39544,0.0864,Low
5404,0.0864,Low
27547,0.0864,Low
4507,0.0864,Low
2711,0.0864,Low
9963,0.0864,Low
49290,0.0864,Low
36519,0.0864,Low
36618,0.0863,Low
13098,0.0863,Low
33621,0.0863,Low
7730,0.0863,Low
8148,0.0863,Low
37493,0.0863,Low
46243,0.0863,Low
37123,0.0863,Low
20677,0.0863,Low
29014,0.0863,Low
20510,0.0863,Low
29856,0.0863,Low
22837,0.0863,Low
21355,0.0863,Low
29666,0.0862,Low
28881,0.0862,Low
47722,0.0862,Low
51416,0.0862,Low
20121,0.0862,Low
2963,0.0862,Low
28311,0.0862,Low
29888,0.0862,Low
50103,0.0862,Low
6057,0.0862,Low
47794,0.0862,Low
13794,0.0862,Low
41305,0.0862,Low
14272,0.0862,Low
5624,0.0862,Low
43669,0.0862,Low
46740,0.0862,Low
51273,0.0861,Low
723,0.0861,Low
33237,0.0861,Low
29350,0.0861,Low
11680,0.0861,Low
32578,0.0861,Low
33697,0.0861,Low
22723,0.0861,Low
15957,0.0861,Low
48643,0.0861,Low
35971,0.086,Low
28184,0.086,Low
23054,0.086,Low
51304,0.086,Low
41649,0.086,Low
28035,0.086,Low
45254,0.086,Low
3976,0.086,Low
16085,0.086,Low
34598,0.086,Low
24889,0.086,Low
39328,0.086,Low
7216,0.086,Low
12781,0.086,Low
36977,0.086,Low
25372,0.086,Low
47761,0.086,Low
5264,0.0859,Low
42800,0.0859,Low
46963,0.0859,Low
43820,0.0859,Low
32428,0.0859,Low
32253,0.0859,Low
22248,0.0859,Low
2795,0.0859,Low
19598,0.0859,Low
17442,0.0859,Low
21530,0.0859,Low
5138,0.0859,Low
42391,0.0859,Low
43771,0.0859,Low
43051,0.0859,Low
45652,0.0858,Low
18749,0.0858,Low
23340,0.0858,Low
5560,0.0858,Low
24014,0.0858,Low
43554,0.0858,Low
10274,0.0858,Low
27795,0.0858,Low
33512,0.0858,Low
17080,0.0858,Low
42203,0.0858,Low
34619,0.0857,Low
42236,0.0857,Low
12863,0.0857,Low
24943,0.0857,Low
35651,0.0857,Low
25617,0.0857,Low
34926,0.0857,Low
30525,0.0857,Low
8769,0.0857,Low
40675,0.0857,Low
6779,0.0857,Low
50914,0.0857,Low
30536,0.0857,Low
18587,0.0857,Low
11029,0.0857,Low
27533,0.0857,Low
705,0.0857,Low
12279,0.0856,Low
32421,0.0856,Low
11523,0.0856,Low
44365,0.0856,Low
27215,0.0856,Low
35946,0.0856,Low
9759,0.0856,Low
20209,0.0856,Low
32669,0.0856,Low
8975,0.0856,Low
17801,0.0856,Low
6519,0.0855,Low
29807,0.0855,Low
28324,0.0855,Low
19190,0.0855,Low
35918,0.0855,Low
41349,0.0855,Low
5170,0.0855,Low
19768,0.0855,Low
32614,0.0855,Low
8987,0.0855,Low
46503,0.0855,Low
51821,0.0855,Low
42353,0.0855,Low
41318,0.0855,Low
37305,0.0855,Low
21251,0.0855,Low
9122,0.0854,Low
34581,0.0854,Low
9133,0.0854,Low
8829,0.0854,Low
7605,0.0854,Low
46392,0.0854,Low
30101,0.0854,Low
49427,0.0854,Low
20800,0.0854,Low
49578,0.0854,Low
47460,0.0853,Low
48052,0.0853,Low
7333,0.0853,Low
31436,0.0853,Low
21684,0.0853,Low
16142,0.0853,Low
12396,0.0853,Low
4721,0.0853,Low
34767,0.0853,Low
115,0.0853,Low
9557,0.0853,Low
33104,0.0853,Low
173,0.0852,Low
51403,0.0852,Low
9452,0.0852,Low
29848,0.0852,Low
42137,0.0852,Low
1430,0.0852,Low
43742,0.0852,Low
17779,0.0852,Low
41145,0.0852,Low
29195,0.0852,Low
22035,0.0851,Low
49813,0.0851,Low
5656,0.0851,Low
47918,0.0851,Low
21564,0.0851,Low
21934,0.0851,Low
42006,0.0851,Low
23078,0.0851,Low
13031,0.0851,Low
44958,0.0851,Low
32498,0.0851,Low
47701,0.0851,Low
43096,0.085,Low
51877,0.085,Low
25303,0.085,Low
27348,0.085,Low
42620,0.085,Low
15180,0.085,Low
8925,0.085,Low
50169,0.085,Low
23590,0.085,Low
30433,0.0849,Low
26607,0.0849,Low
48349,0.0849,Low
13318,0.0849,Low
28868,0.0849,Low
34180,0.0849,Low
49550,0.0849,Low
6215,0.0849,Low
36239,0.0849,Low
34961,0.0849,Low
18813,0.0849,Low
8540,0.0848,Low
27375,0.0848,Low
33980,0.0848,Low
16186,0.0848,Low
38610,0.0848,Low
43451,0.0848,Low
10397,0.0848,Low
28501,0.0848,Low
48450,0.0848,Low
325,0.0848,Low
34801,0.0848,Low
943,0.0848,Low
36653,0.0848,Low
44101,0.0848,Low
2416,0.0848,Low
13781,0.0847,Low
38870,0.0847,Low
39512,0.0847,Low
3156,0.0847,Low
31302,0.0847,Low
34799,0.0847,Low
13295,0.0847,Low
47755,0.0847,Low
37181,0.0847,Low
28117,0.0847,Low
35391,0.0847,Low
30627,0.0846,Low
4055,0.0846,Low
26806,0.0846,Low
36698,0.0846,Low
48440,0.0846,Low
2601,0.0846,Low
5766,0.0846,Low
42334,0.0846,Low
51241,0.0846,Low
9793,0.0845,Low
11589,0.0845,Low
32274,0.0845,Low
15202,0.0845,Low
7941,0.0845,Low
36657,0.0845,Low
14115,0.0845,Low
5362,0.0845,Low
46315,0.0845,Low
17994,0.0845,Low
43597,0.0845,Low
37388,0.0845,Low
26772,0.0845,Low
51115,0.0845,Low
38677,0.0845,Low
23438,0.0845,Low
1706,0.0844,Low
44152,0.0844,Low
50917,0.0844,Low
39098,0.0844,Low
43194,0.0844,Low
16179,0.0844,Low
50400,0.0844,Low
12410,0.0844,Low
11210,0.0844,Low
4919,0.0844,Low
31576,0.0844,Low
41862,0.0844,Low
21392,0.0844,Low
35153,0.0844,Low
36448,0.0844,Low
11430,0.0844,Low
8863,0.0844,Low
36369,0.0844,Low
7567,0.0843,Low
11385,0.0843,Low
34425,0.0843,Low
50193,0.0843,Low
4996,0.0843,Low
17953,0.0843,Low
22155,0.0843,Low
15034,0.0843,Low
36208,0.0843,Low
7510,0.0843,Low
29341,0.0843,Low
12643,0.0843,Low
6919,0.0843,Low
11494,0.0843,Low
6082,0.0843,Low
14464,0.0842,Low
40845,0.0842,Low
20039,0.0842,Low
33962,0.0842,Low
5477,0.0842,Low
34609,0.0842,Low
13748,0.0842,Low
24332,0.0842,Low
22146,0.0842,Low
48381,0.0842,Low
19061,0.0842,Low
43132,0.0842,Low
46262,0.0842,Low
45855,0.0842,Low
13619,0.0842,Low
36855,0.0842,Low
9141,0.0842,Low
38719,0.0841,Low
9029,0.0841,Low
40891,0.0841,Low
23125,0.0841,Low
44376,0.0841,Low
22782,0.0841,Low
49845,0.0841,Low
21306,0.0841,Low
6674,0.0841,Low
44047,0.0841,Low
37943,0.0841,Low
34075,0.084,Low
20668,0.084,Low
43893,0.084,Low
4555,0.084,Low
2673,0.084,Low
44790,0.084,Low
21378,0.084,Low
11960,0.084,Low
51600,0.084,Low
10244,0.084,Low
48890,0.084,Low
2723,0.084,Low
42170,0.084,Low
19903,0.084,Low
33234,0.084,Low
14653,0.084,Low
27516,0.084,Low
44066,0.0839,Low
13428,0.0839,Low
36134,0.0839,Low
9918,0.0839,Low
37823,0.0839,Low
19837,0.0839,Low
8938,0.0839,Low
20732,0.0839,Low
47675,0.0839,Low
18751,0.0839,Low
21494,0.0839,Low
46509,0.0839,Low
8901,0.0839,Low
33405,0.0839,Low
14810,0.0839,Low
42664,0.0839,Low
46664,0.0839,Low
35727,0.0839,Low
13938,0.0838,Low
36854,0.0838,Low
22845,0.0838,Low
13254,0.0838,Low
31892,0.0838,Low
47671,0.0838,Low
50051,0.0838,Low
40651,0.0837,Low
23608,0.0837,Low
1645,0.0837,Low
18672,0.0837,Low
13457,0.0837,Low
33963,0.0837,Low
1535,0.0837,Low
22137,0.0837,Low
1075,0.0837,Low
30776,0.0837,Low
46888,0.0837,Low
19698,0.0837,Low
18613,0.0837,Low
12902,0.0837,Low
31230,0.0837,Low
22187,0.0836,Low
5038,0.0836,Low
34216,0.0836,Low
35814,0.0836,Low
6157,0.0836,Low
31584,0.0836,Low
16757,0.0836,Low
17504,0.0835,Low
22323,0.0835,Low
1902,0.0835,Low
11380,0.0835,Low
9770,0.0835,Low
29943,0.0835,Low
35625,0.0835,Low
4639,0.0835,Low
41604,0.0835,Low
41703,0.0835,Low
22508,0.0835,Low
31655,0.0835,Low
34323,0.0835,Low
34253,0.0835,Low
28055,0.0835,Low
5912,0.0835,Low
49212,0.0835,Low
24010,0.0834,Low
50975,0.0834,Low
46847,0.0834,Low
50852,0.0834,Low
14588,0.0834,Low
13641,0.0834,Low
36236,0.0834,Low
26223,0.0834,Low
4351,0.0834,Low
23050,0.0834,Low
15837,0.0834,Low
38274,0.0834,Low
28152,0.0834,Low
12210,0.0834,Low
19973,0.0834,Low
3970,0.0834,Low
50180,0.0834,Low
458,0.0833,Low
48345,0.0833,Low
49883,0.0833,Low
19020,0.0833,Low
35961,0.0833,Low
14350,0.0833,Low
51341,0.0833,Low
385,0.0833,Low
37858,0.0833,Low
11764,0.0833,Low
24560,0.0833,Low
30333,0.0833,Low
15455,0.0833,Low
26573,0.0833,Low
29185,0.0832,Low
5266,0.0832,Low
22274,0.0832,Low
11822,0.0832,Low
45788,0.0832,Low
37700,0.0832,Low
22454,0.0832,Low
49025,0.0832,Low
21191,0.0832,Low
7187,0.0832,Low
5450,0.0831,Low
49946,0.0831,Low
2751,0.0831,Low
14893,0.0831,Low
46794,0.0831,Low
4168,0.0831,Low
33438,0.0831,Low
12065,0.0831,Low
4012,0.0831,Low
23205,0.0831,Low
4324,0.0831,Low
10204,0.0831,Low
50694,0.0831,Low
11184,0.0831,Low
13317,0.0831,Low
35398,0.0831,Low
11071,0.0831,Low
11055,0.0831,Low
23775,0.083,Low
9700,0.083,Low
49928,0.083,Low
40151,0.083,Low
15429,0.083,Low
10508,0.083,Low
32751,0.083,Low
12715,0.083,Low
35800,0.083,Low
20413,0.083,Low
12608,0.083,Low
18483,0.083,Low
44283,0.083,Low
26805,0.083,Low
41770,0.0829,Low
49121,0.0829,Low
44586,0.0829,Low
51642,0.0829,Low
43245,0.0829,Low
38282,0.0829,Low
18575,0.0829,Low
49489,0.0829,Low
51999,0.0829,Low
37710,0.0829,Low
1079,0.0829,Low
33644,0.0829,Low
34160,0.0829,Low
20026,0.0829,Low
28603,0.0829,Low
7393,0.0829,Low
31159,0.0829,Low
11671,0.0828,Low
27693,0.0828,Low
2645,0.0828,Low
8288,0.0828,Low
8375,0.0828,Low
39629,0.0828,Low
44557,0.0828,Low
39499,0.0828,Low
19388,0.0828,Low
23446,0.0828,Low
27573,0.0828,Low
39601,0.0827,Low
4877,0.0827,Low
18039,0.0827,Low
49018,0.0827,Low
17790,0.0827,Low
27812,0.0827,Low
36578,0.0827,Low
44425,0.0826,Low
3138,0.0826,Low
12716,0.0826,Low
4588,0.0826,Low
14879,0.0826,Low
3050,0.0826,Low
47872,0.0826,Low
37892,0.0826,Low
897,0.0826,Low
14463,0.0825,Low
28851,0.0825,Low
39194,0.0825,Low
45901,0.0825,Low
25351,0.0825,Low
40865,0.0825,Low
30483,0.0825,Low
46730,0.0825,Low
15832,0.0825,Low
47631,0.0825,Low
46096,0.0825,Low
28716,0.0825,Low
36,0.0825,Low
3955,0.0825,Low
46121,0.0825,Low
35349,0.0824,Low
30560,0.0824,Low
20011,0.0824,Low
51987,0.0824,Low
26571,0.0824,Low
34145,0.0824,Low
22094,0.0824,Low
6096,0.0824,Low
23386,0.0824,Low
46394,0.0824,Low
7234,0.0824,Low
36071,0.0824,Low
18140,0.0824,Low
26102,0.0823,Low
32700,0.0823,Low
30291,0.0823,Low
18898,0.0823,Low
16977,0.0823,Low
38290,0.0823,Low
8900,0.0823,Low
16869,0.0823,Low
47690,0.0823,Low
51992,0.0823,Low
35311,0.0823,Low
24195,0.0823,Low
44792,0.0823,Low
47934,0.0823,Low
2257,0.0823,Low
48737,0.0823,Low
10871,0.0822,Low
38093,0.0822,Low
4146,0.0822,Low
8219,0.0822,Low
43685,0.0822,Low
8005,0.0822,Low
32463,0.0822,Low
2290,0.0822,Low
37074,0.0822,Low
12197,0.0822,Low
4775,0.0822,Low
11197,0.0822,Low
51315,0.0822,Low
8081,0.0822,Low
10763,0.0822,Low
33026,0.0822,Low
44950,0.0821,Low
7687,0.0821,Low
40184,0.0821,Low
36949,0.0821,Low
42462,0.0821,Low
44595,0.0821,Low
24493,0.0821,Low
37832,0.0821,Low
18631,0.0821,Low
26996,0.0821,Low
12385,0.0821,Low
16583,0.082,Low
23276,0.082,Low
27891,0.082,Low
12042,0.082,Low
39908,0.082,Low
29799,0.082,Low
37159,0.082,Low
3178,0.082,Low
15467,0.082,Low
32662,0.082,Low
28052,0.082,Low
22704,0.082,Low
38280,0.082,Low
31155,0.0819,Low
28864,0.0819,Low
36566,0.0819,Low
20074,0.0819,Low
5958,0.0819,Low
50567,0.0819,Low
22984,0.0819,Low
46158,0.0819,Low
27875,0.0819,Low
46232,0.0818,Low
24579,0.0818,Low
47688,0.0818,Low
13442,0.0818,Low
30179,0.0818,Low
11324,0.0818,Low
43486,0.0818,Low
29440,0.0818,Low
6252,0.0818,Low
1327,0.0818,Low
7666,0.0818,Low
47086,0.0818,Low
29641,0.0817,Low
36256,0.0817,Low
33059,0.0817,Low
19721,0.0817,Low
44541,0.0817,Low
6872,0.0817,Low
20499,0.0817,Low
6262,0.0817,Low
4053,0.0817,Low
49561,0.0817,Low
35621,0.0817,Low
43642,0.0817,Low
43395,0.0817,Low
16031,0.0817,Low
31240,0.0817,Low
46023,0.0816,Low
4728,0.0816,Low
9195,0.0816,Low
14843,0.0816,Low
45754,0.0816,Low
10383,0.0816,Low
45056,0.0816,Low
27590,0.0816,Low
28495,0.0816,Low
20004,0.0816,Low
7976,0.0816,Low
35702,0.0816,Low
51698,0.0816,Low
32918,0.0816,Low
7228,0.0816,Low
11677,0.0816,Low
19568,0.0816,Low
29663,0.0816,Low
42050,0.0815,Low
43114,0.0815,Low
40218,0.0815,Low
34773,0.0815,Low
23290,0.0815,Low
8736,0.0815,Low
38117,0.0815,Low
23800,0.0815,Low
37107,0.0815,Low
33114,0.0815,Low
1598,0.0815,Low
19867,0.0815,Low
12804,0.0815,Low
6403,0.0815,Low
37675,0.0815,Low
41093,0.0815,Low
21489,0.0815,Low
42874,0.0814,Low
20788,0.0814,Low
46216,0.0814,Low
22633,0.0814,Low
42325,0.0814,Low
19550,0.0814,Low
50314,0.0814,Low
1003,0.0814,Low
22144,0.0814,Low
15201,0.0814,Low
20235,0.0814,Low
12729,0.0814,Low
12727,0.0814,Low
50714,0.0814,Low
46422,0.0814,Low
25360,0.0813,Low
39490,0.0813,Low
23126,0.0813,Low
41823,0.0813,Low
26994,0.0813,Low
1146,0.0813,Low
29140,0.0813,Low
23268,0.0813,Low
20204,0.0813,Low
44824,0.0813,Low
14711,0.0813,Low
23680,0.0813,Low
33805,0.0813,Low
296,0.0813,Low
19104,0.0813,Low
6671,0.0812,Low
5655,0.0812,Low
23026,0.0812,Low
4049,0.0812,Low
41297,0.0812,Low
41599,0.0812,Low
3082,0.0812,Low
29299,0.0812,Low
50144,0.0812,Low
43192,0.0812,Low
35607,0.0812,Low
47469,0.0812,Low
29323,0.0812,Low
8283,0.0812,Low
4376,0.0812,Low
22638,0.0812,Low
3631,0.0811,Low
23374,0.0811,Low
22148,0.0811,Low
31320,0.0811,Low
11065,0.0811,Low
5501,0.0811,Low
26635,0.0811,Low
6883,0.0811,Low
31440,0.0811,Low
14765,0.0811,Low
36107,0.0811,Low
5938,0.0811,Low
49465,0.0811,Low
7740,0.0811,Low
724,0.0811,Low
42318,0.081,Low
2384,0.081,Low
3339,0.081,Low
1154,0.081,Low
32118,0.081,Low
21222,0.081,Low
51883,0.081,Low
21851,0.081,Low
935,0.081,Low
11536,0.081,Low
43193,0.081,Low
50534,0.081,Low
26966,0.081,Low
20579,0.081,Low
19131,0.081,Low
32360,0.0809,Low
15360,0.0809,Low
6122,0.0809,Low
44260,0.0809,Low
15192,0.0809,Low
29139,0.0809,Low
21709,0.0809,Low
2169,0.0809,Low
30686,0.0809,Low
20685,0.0809,Low
32034,0.0809,Low
47990,0.0809,Low
2324,0.0809,Low
27095,0.0809,Low
33843,0.0809,Low
33150,0.0809,Low
21109,0.0808,Low
28745,0.0808,Low
8453,0.0808,Low
15918,0.0808,Low
27167,0.0808,Low
30364,0.0808,Low
12603,0.0808,Low
669,0.0808,Low
13205,0.0808,Low
47966,0.0808,Low
867,0.0808,Low
16894,0.0808,Low
18777,0.0808,Low
22533,0.0808,Low
6695,0.0808,Low
39203,0.0808,Low
9771,0.0808,Low
35128,0.0808,Low
43978,0.0808,Low
50099,0.0808,Low
11898,0.0808,Low
25717,0.0807,Low
5454,0.0807,Low
34908,0.0807,Low
416,0.0807,Low
45998,0.0807,Low
51375,0.0807,Low
2492,0.0807,Low
5481,0.0807,Low
38575,0.0807,Low
16810,0.0807,Low
13998,0.0807,Low
19058,0.0807,Low
30310,0.0807,Low
37220,0.0807,Low
39845,0.0807,Low
34817,0.0807,Low
17508,0.0807,Low
21311,0.0806,Low
33184,0.0806,Low
31983,0.0806,Low
177,0.0806,Low
25576,0.0806,Low
36493,0.0806,Low
44055,0.0806,Low
8962,0.0806,Low
11048,0.0806,Low
45232,0.0805,Low
45525,0.0805,Low
20393,0.0805,Low
16886,0.0805,Low
4407,0.0805,Low
25165,0.0805,Low
9996,0.0805,Low
7494,0.0805,Low
12605,0.0805,Low
9165,0.0805,Low
46033,0.0805,Low
11337,0.0805,Low
31412,0.0804,Low
4228,0.0804,Low
18746,0.0804,Low
27206,0.0804,Low
48264,0.0804,Low
1636,0.0804,Low
2208,0.0804,Low
41831,0.0804,Low
32192,0.0804,Low
8185,0.0804,Low
4128,0.0804,Low
4802,0.0804,Low
48031,0.0804,Low
23651,0.0804,Low
23167,0.0804,Low
1353,0.0803,Low
20909,0.0803,Low
8491,0.0803,Low
37970,0.0803,Low
4869,0.0803,Low
25474,0.0803,Low
32296,0.0803,Low
28779,0.0803,Low
14962,0.0803,Low
323,0.0803,Low
44858,0.0803,Low
11320,0.0803,Low
19467,0.0803,Low
10196,0.0803,Low
14685,0.0803,Low
555,0.0803,Low
39378,0.0803,Low
9286,0.0803,Low
10252,0.0802,Low
15424,0.0802,Low
28734,0.0802,Low
23997,0.0802,Low
3438,0.0802,Low
11322,0.0802,Low
2084,0.0802,Low
5081,0.0802,Low
41669,0.0802,Low
35074,0.0801,Low
41702,0.0801,Low
22948,0.0801,Low
31703,0.0801,Low
27023,0.0801,Low
48186,0.0801,Low
38341,0.0801,Low
26483,0.0801,Low
51534,0.0801,Low
36900,0.0801,Low
4389,0.0801,Low
33538,0.08,Low
2263,0.08,Low
51210,0.08,Low
9495,0.08,Low
20771,0.08,Low
10994,0.08,Low
6586,0.08,Low
12347,0.08,Low
5211,0.08,Low
43426,0.08,Low
37826,0.08,Low
44769,0.08,Low
29309,0.08,Low
17152,0.08,Low
15503,0.0799,Low
3494,0.0799,Low
39753,0.0799,Low
17246,0.0799,Low
8498,0.0799,Low
33183,0.0799,Low
41170,0.0799,Low
27185,0.0799,Low
17198,0.0799,Low
21828,0.0799,Low
7906,0.0798,Low
19527,0.0798,Low
5363,0.0798,Low
13022,0.0798,Low
22899,0.0798,Low
1274,0.0798,Low
2434,0.0797,Low
37210,0.0797,Low
25120,0.0797,Low
3528,0.0797,Low
26581,0.0797,Low
27390,0.0797,Low
3408,0.0797,Low
32232,0.0797,Low
8135,0.0797,Low
18792,0.0796,Low
22817,0.0796,Low
25281,0.0796,Low
37197,0.0796,Low
42091,0.0796,Low
12144,0.0796,Low
41980,0.0795,Low
19711,0.0795,Low
13146,0.0795,Low
31013,0.0795,Low
8994,0.0795,Low
18657,0.0795,Low
51619,0.0795,Low
26564,0.0795,Low
3496,0.0795,Low
17681,0.0795,Low
28028,0.0795,Low
33281,0.0795,Low
41276,0.0795,Low
38739,0.0795,Low
21226,0.0795,Low
32241,0.0795,Low
17648,0.0795,Low
2501,0.0795,Low
30573,0.0794,Low
9743,0.0794,Low
14626,0.0794,Low
21409,0.0794,Low
49729,0.0794,Low
16299,0.0794,Low
162,0.0794,Low
50296,0.0794,Low
27276,0.0794,Low
19868,0.0794,Low
17486,0.0794,Low
11676,0.0794,Low
25713,0.0794,Low
46725,0.0793,Low
46328,0.0793,Low
29388,0.0793,Low
43225,0.0793,Low
35093,0.0793,Low
48178,0.0793,Low
42701,0.0793,Low
9776,0.0793,Low
48930,0.0793,Low
22581,0.0793,Low
47653,0.0793,Low
28453,0.0793,Low
2527,0.0793,Low
31775,0.0793,Low
20332,0.0793,Low
40530,0.0793,Low
4199,0.0792,Low
43183,0.0792,Low
48540,0.0792,Low
10535,0.0792,Low
15946,0.0792,Low
21156,0.0792,Low
47837,0.0792,Low
6010,0.0792,Low
36243,0.0792,Low
3617,0.0792,Low
23912,0.0792,Low
28858,0.0791,Low
5043,0.0791,Low
26239,0.0791,Low
19817,0.0791,Low
24989,0.0791,Low
30804,0.0791,Low
30050,0.0791,Low
10843,0.0791,Low
36824,0.0791,Low
36439,0.0791,Low
49867,0.0791,Low
47145,0.0791,Low
24075,0.0791,Low
51937,0.0791,Low
16697,0.0791,Low
27951,0.0791,Low
40858,0.0791,Low
35728,0.0791,Low
36537,0.079,Low
33364,0.079,Low
17967,0.079,Low
17116,0.079,Low
47870,0.079,Low
3515,0.079,Low
1205,0.079,Low
17127,0.079,Low
48128,0.079,Low
33009,0.079,Low
39346,0.079,Low
46196,0.079,Low
28850,0.079,Low
6445,0.0789,Low
21213,0.0789,Low
20581,0.0789,Low
20176,0.0789,Low
8793,0.0789,Low
31790,0.0789,Low
13251,0.0789,Low
50237,0.0789,Low
18647,0.0789,Low
19690,0.0789,Low
24763,0.0789,Low
44450,0.0789,Low
39389,0.0789,Low
23719,0.0788,Low
4621,0.0788,Low
31396,0.0788,Low
27910,0.0788,Low
18314,0.0788,Low
31097,0.0788,Low
46347,0.0788,Low
4688,0.0788,Low
43717,0.0788,Low
12225,0.0788,Low
7059,0.0788,Low
50620,0.0788,Low
31294,0.0788,Low
32434,0.0788,Low
1697,0.0787,Low
42069,0.0787,Low
27672,0.0787,Low
7949,0.0787,Low
27635,0.0787,Low
10011,0.0787,Low
19343,0.0787,Low
21676,0.0787,Low
39641,0.0787,Low
47820,0.0787,Low
50933,0.0787,Low
51239,0.0787,Low
8886,0.0787,Low
1543,0.0787,Low
51984,0.0787,Low
44569,0.0787,Low
34209,0.0787,Low
22343,0.0787,Low
5554,0.0787,Low
33801,0.0787,Low
15902,0.0787,Low
28185,0.0787,Low
46685,0.0787,Low
17397,0.0786,Low
45467,0.0786,Low
44448,0.0786,Low
41135,0.0786,Low
27343,0.0786,Low
27769,0.0786,Low
6665,0.0786,Low
22875,0.0786,Low
30344,0.0786,Low
15564,0.0786,Low
17867,0.0786,Low
12108,0.0786,Low
46496,0.0786,Low
22994,0.0786,Low
34142,0.0786,Low
15661,0.0786,Low
39899,0.0786,Low
39963,0.0786,Low
48411,0.0785,Low
12163,0.0785,Low
8861,0.0785,Low
28236,0.0785,Low
41984,0.0785,Low
25963,0.0785,Low
43078,0.0785,Low
37176,0.0785,Low
37241,0.0785,Low
51671,0.0785,Low
42935,0.0785,Low
14580,0.0785,Low
24090,0.0785,Low
18439,0.0785,Low
21275,0.0785,Low
47383,0.0785,Low
35604,0.0785,Low
27810,0.0784,Low
13027,0.0784,Low
51198,0.0784,Low
22905,0.0784,Low
41952,0.0784,Low
19863,0.0784,Low
31570,0.0784,Low
13067,0.0784,Low
26089,0.0784,Low
30696,0.0784,Low
41578,0.0784,Low
51256,0.0784,Low
24932,0.0784,Low
57,0.0784,Low
46650,0.0783,Low
9671,0.0783,Low
20831,0.0783,Low
34334,0.0783,Low
9033,0.0783,Low
16370,0.0783,Low
18798,0.0783,Low
18687,0.0783,Low
16319,0.0783,Low
11231,0.0783,Low
22451,0.0783,Low
5521,0.0783,Low
34438,0.0783,Low
32503,0.0783,Low
48985,0.0783,Low
38092,0.0783,Low
10004,0.0783,Low
14929,0.0783,Low
26892,0.0783,Low
8014,0.0783,Low
29716,0.0782,Low
9777,0.0782,Low
41529,0.0782,Low
6236,0.0782,Low
2807,0.0782,Low
15959,0.0782,Low
480,0.0782,Low
3303,0.0782,Low
24558,0.0782,Low
35532,0.0781,Low
48049,0.0781,Low
15654,0.0781,Low
48324,0.0781,Low
8936,0.0781,Low
37044,0.0781,Low
5634,0.0781,Low
30545,0.0781,Low
44517,0.078,Low
7182,0.078,Low
29025,0.078,Low
18754,0.078,Low
28162,0.078,Low
27113,0.078,Low
16242,0.078,Low
36687,0.078,Low
1067,0.0779,Low
29949,0.0779,Low
46724,0.0779,Low
44071,0.0779,Low
5849,0.0779,Low
50397,0.0779,Low
47341,0.0779,Low
25685,0.0779,Low
23825,0.0779,Low
23646,0.0779,Low
28105,0.0778,Low
42795,0.0778,Low
1925,0.0778,Low
7625,0.0778,Low
33162,0.0778,Low
17999,0.0778,Low
31963,0.0778,Low
6027,0.0778,Low
1915,0.0778,Low
45431,0.0778,Low
4769,0.0778,Low
10794,0.0778,Low
25883,0.0777,Low
18056,0.0777,Low
2295,0.0777,Low
18700,0.0777,Low
45914,0.0777,Low
46005,0.0777,Low
5389,0.0777,Low
222,0.0777,Low
40610,0.0777,Low
11295,0.0777,Low
12043,0.0777,Low
9735,0.0777,Low
11424,0.0777,Low
50189,0.0777,Low
37869,0.0777,Low
2161,0.0777,Low
38589,0.0776,Low
33051,0.0776,Low
23566,0.0776,Low
2174,0.0776,Low
5880,0.0776,Low
18964,0.0776,Low
13936,0.0776,Low
45731,0.0776,Low
32203,0.0776,Low
32625,0.0776,Low
31556,0.0776,Low
34620,0.0776,Low
23165,0.0776,Low
3877,0.0776,Low
47371,0.0776,Low
3804,0.0776,Low
43957,0.0776,Low
51310,0.0776,Low
9234,0.0776,Low
13165,0.0776,Low
20731,0.0775,Low
35998,0.0775,Low
32464,0.0775,Low
12492,0.0775,Low
42418,0.0775,Low
37214,0.0775,Low
12423,0.0775,Low
22753,0.0775,Low
26809,0.0775,Low
28011,0.0775,Low
19644,0.0775,Low
14895,0.0775,Low
18995,0.0774,Low
11496,0.0774,Low
2087,0.0774,Low
10761,0.0774,Low
26726,0.0774,Low
37972,0.0774,Low
5076,0.0774,Low
48870,0.0774,Low
31527,0.0774,Low
41427,0.0774,Low
14747,0.0773,Low
39479,0.0773,Low
45556,0.0773,Low
27139,0.0773,Low
23035,0.0773,Low
46608,0.0773,Low
6679,0.0773,Low
5031,0.0773,Low
32754,0.0773,Low
2887,0.0773,Low
36726,0.0773,Low
6977,0.0773,Low
10335,0.0773,Low
18415,0.0773,Low
3107,0.0773,Low
18961,0.0773,Low
29313,0.0773,Low
40387,0.0773,Low
10808,0.0773,Low
793,0.0772,Low
3379,0.0772,Low
36818,0.0772,Low
7727,0.0772,Low
24886,0.0772,Low
31037,0.0772,Low
1189,0.0772,Low
4422,0.0772,Low
6417,0.0772,Low
13973,0.0772,Low
13795,0.0771,Low
8077,0.0771,Low
22111,0.0771,Low
31529,0.0771,Low
36225,0.0771,Low
39116,0.0771,Low
29466,0.0771,Low
23312,0.0771,Low
7556,0.0771,Low
4160,0.077,Low
46069,0.077,Low
20023,0.077,Low
48355,0.077,Low
48697,0.077,Low
47946,0.077,Low
35763,0.077,Low
28604,0.077,Low
15660,0.077,Low
37268,0.077,Low
19590,0.077,Low
4396,0.077,Low
9465,0.077,Low
43621,0.0769,Low
4395,0.0769,Low
1000,0.0769,Low
21042,0.0769,Low
42761,0.0769,Low
14660,0.0769,Low
44487,0.0769,Low
48191,0.0769,Low
43244,0.0769,Low
38723,0.0769,Low
16473,0.0768,Low
29060,0.0768,Low
29370,0.0768,Low
20474,0.0768,Low
28893,0.0768,Low
10106,0.0768,Low
49028,0.0767,Low
44400,0.0767,Low
50841,0.0767,Low
28445,0.0767,Low
17286,0.0767,Low
37966,0.0767,Low
5073,0.0767,Low
1617,0.0767,Low
15589,0.0767,Low
21928,0.0767,Low
20279,0.0767,Low
48431,0.0767,Low
20968,0.0767,Low
7062,0.0767,Low
9562,0.0766,Low
1576,0.0766,Low
13245,0.0766,Low
1783,0.0766,Low
35242,0.0766,Low
6792,0.0766,Low
33811,0.0766,Low
3778,0.0766,Low
4494,0.0766,Low
16640,0.0766,Low
398,0.0766,Low
7131,0.0766,Low
8102,0.0766,Low
51949,0.0766,Low
31363,0.0766,Low
38879,0.0766,Low
34038,0.0765,Low
45370,0.0765,Low
10983,0.0765,Low
35138,0.0765,Low
29308,0.0765,Low
15269,0.0765,Low
11759,0.0765,Low
5083,0.0765,Low
19336,0.0765,Low
38636,0.0765,Low
7290,0.0765,Low
5398,0.0765,Low
48365,0.0765,Low
49834,0.0765,Low
49493,0.0764,Low
1992,0.0764,Low
37315,0.0764,Low
13024,0.0764,Low
19284,0.0764,Low
24888,0.0764,Low
25533,0.0764,Low
20454,0.0764,Low
10723,0.0764,Low
44029,0.0764,Low
47197,0.0764,Low
48805,0.0764,Low
12726,0.0764,Low
5707,0.0764,Low
19716,0.0763,Low
51064,0.0763,Low
4676,0.0763,Low
51761,0.0763,Low
29385,0.0763,Low
2850,0.0763,Low
51716,0.0763,Low
9914,0.0763,Low
9829,0.0763,Low
30551,0.0763,Low
28097,0.0763,Low
50342,0.0763,Low
36675,0.0762,Low
46957,0.0762,Low
1091,0.0762,Low
37336,0.0762,Low
34572,0.0762,Low
20446,0.0762,Low
20161,0.0762,Low
23604,0.0762,Low
35974,0.0762,Low
19137,0.0762,Low
9718,0.0762,Low
28781,0.0762,Low
9302,0.0762,Low
25142,0.0762,Low
36310,0.0762,Low
12610,0.0761,Low
16579,0.0761,Low
45993,0.0761,Low
29967,0.0761,Low
16907,0.0761,Low
8240,0.0761,Low
27176,0.0761,Low
20555,0.0761,Low
3735,0.0761,Low
36941,0.0761,Low
17280,0.0761,Low
23127,0.0761,Low
29042,0.0761,Low
8532,0.0761,Low
29292,0.0761,Low
30883,0.076,Low
27003,0.076,Low
27728,0.076,Low
42610,0.076,Low
48707,0.076,Low
7384,0.076,Low
45719,0.076,Low
44353,0.0759,Low
21805,0.0759,Low
50755,0.0759,Low
6812,0.0759,Low
37162,0.0759,Low
39973,0.0759,Low
28518,0.0759,Low
240,0.0759,Low
25038,0.0759,Low
31554,0.0759,Low
22389,0.0758,Low
4514,0.0758,Low
26692,0.0758,Low
27050,0.0758,Low
43103,0.0758,Low
7351,0.0758,Low
51359,0.0758,Low
33214,0.0758,Low
6972,0.0758,Low
19276,0.0758,Low
20202,0.0758,Low
35438,0.0758,Low
44959,0.0757,Low
25547,0.0757,Low
46142,0.0757,Low
24808,0.0757,Low
10816,0.0757,Low
9788,0.0757,Low
25060,0.0757,Low
32343,0.0757,Low
51922,0.0757,Low
30099,0.0757,Low
14328,0.0757,Low
22902,0.0757,Low
27743,0.0757,Low
16369,0.0756,Low
45230,0.0756,Low
50195,0.0756,Low
50354,0.0756,Low
5648,0.0756,Low
30201,0.0756,Low
23670,0.0756,Low
8278,0.0756,Low
7317,0.0756,Low
48312,0.0756,Low
18626,0.0756,Low
45969,0.0755,Low
38684,0.0755,Low
51568,0.0755,Low
8730,0.0755,Low
20638,0.0755,Low
2876,0.0755,Low
24975,0.0755,Low
35999,0.0755,Low
22675,0.0755,Low
9592,0.0755,Low
5709,0.0755,Low
30325,0.0755,Low
35593,0.0755,Low
34679,0.0755,Low
18311,0.0755,Low
47102,0.0755,Low
33576,0.0755,Low
44860,0.0755,Low
16264,0.0755,Low
7421,0.0754,Low
17460,0.0754,Low
5583,0.0754,Low
16920,0.0754,Low
19381,0.0754,Low
17580,0.0754,Low
38551,0.0754,Low
35996,0.0754,Low
32384,0.0754,Low
1263,0.0754,Low
42777,0.0754,Low
27509,0.0754,Low
48039,0.0754,Low
38456,0.0753,Low
23848,0.0753,Low
36398,0.0753,Low
47043,0.0753,Low
47490,0.0753,Low
34544,0.0753,Low
37130,0.0753,Low
39988,0.0753,Low
46578,0.0753,Low
35143,0.0753,Low
30481,0.0753,Low
39703,0.0752,Low
10165,0.0752,Low
18360,0.0752,Low
14393,0.0752,Low
39113,0.0752,Low
963,0.0752,Low
44357,0.0752,Low
17470,0.0752,Low
19090,0.0752,Low
17136,0.0752,Low
1883,0.0751,Low
33243,0.0751,Low
22047,0.0751,Low
10262,0.0751,Low
45216,0.0751,Low
27888,0.0751,Low
43117,0.0751,Low
41838,0.0751,Low
14236,0.0751,Low
24397,0.0751,Low
44373,0.0751,Low
43297,0.0751,Low
854,0.0751,Low
102,0.0751,Low
41460,0.0751,Low
5409,0.0751,Low
41204,0.075,Low
27513,0.075,Low
4174,0.075,Low
31477,0.075,Low
3812,0.075,Low
38269,0.075,Low
27270,0.075,Low
2736,0.075,Low
32796,0.075,Low
6254,0.075,Low
2916,0.0749,Low
34854,0.0749,Low
17236,0.0749,Low
44748,0.0749,Low
29156,0.0749,Low
20708,0.0749,Low
28110,0.0749,Low
833,0.0749,Low
21165,0.0749,Low
35473,0.0749,Low
2197,0.0749,Low
1442,0.0749,Low
14258,0.0749,Low
14254,0.0749,Low
43083,0.0749,Low
50771,0.0748,Low
42477,0.0748,Low
51468,0.0748,Low
23452,0.0748,Low
41408,0.0748,Low
30407,0.0748,Low
11788,0.0748,Low
17224,0.0748,Low
27189,0.0748,Low
43571,0.0747,Low
12216,0.0747,Low
26188,0.0747,Low
7874,0.0747,Low
17167,0.0747,Low
33095,0.0747,Low
34154,0.0747,Low
10835,0.0747,Low
9728,0.0747,Low
23551,0.0747,Low
596,0.0747,Low
34195,0.0747,Low
46075,0.0747,Low
29149,0.0747,Low
10654,0.0747,Low
4520,0.0746,Low
33489,0.0746,Low
27562,0.0746,Low
21110,0.0746,Low
8187,0.0746,Low
41886,0.0746,Low
30838,0.0746,Low
48829,0.0746,Low
11309,0.0745,Low
48247,0.0745,Low
43203,0.0745,Low
29481,0.0745,Low
747,0.0745,Low
11975,0.0745,Low
25357,0.0745,Low
43804,0.0744,Low
15408,0.0744,Low
39067,0.0744,Low
38296,0.0744,Low
3463,0.0744,Low
13263,0.0744,Low
51084,0.0744,Low
36091,0.0744,Low
35216,0.0743,Low
5413,0.0743,Low
20155,0.0743,Low
23496,0.0743,Low
33023,0.0743,Low
27908,0.0743,Low
27856,0.0743,Low
17730,0.0743,Low
6506,0.0743,Low
40060,0.0743,Low
28474,0.0743,Low
22182,0.0743,Low
25606,0.0743,Low
23011,0.0743,Low
1054,0.0743,Low
30855,0.0743,Low
1521,0.0742,Low
7124,0.0742,Low
1323,0.0742,Low
31192,0.0742,Low
8728,0.0742,Low
2015,0.0742,Low
5027,0.0742,Low
4986,0.0742,Low
12103,0.0742,Low
38261,0.0742,Low
21989,0.0741,Low
50565,0.0741,Low
46654,0.0741,Low
3966,0.0741,Low
35975,0.0741,Low
50560,0.0741,Low
4057,0.0741,Low
19591,0.0741,Low
21197,0.0741,Low
22072,0.074,Low
5020,0.074,Low
46104,0.074,Low
23892,0.074,Low
37748,0.074,Low
45729,0.074,Low
31485,0.074,Low
26702,0.074,Low
18759,0.074,Low
31407,0.074,Low
51699,0.074,Low
24365,0.074,Low
11140,0.074,Low
40091,0.074,Low
22936,0.0739,Low
14572,0.0739,Low
39390,0.0739,Low
34021,0.0739,Low
13388,0.0739,Low
25078,0.0739,Low
34362,0.0739,Low
24307,0.0739,Low
23211,0.0739,Low
42546,0.0739,Low
46015,0.0739,Low
17566,0.0739,Low
45447,0.0739,Low
28404,0.0739,Low
29045,0.0739,Low
20295,0.0739,Low
16685,0.0739,Low
40137,0.0739,Low
39307,0.0738,Low
16173,0.0738,Low
24862,0.0738,Low
3439,0.0738,Low
33464,0.0738,Low
17786,0.0738,Low
50355,0.0738,Low
41595,0.0738,Low
46326,0.0738,Low
4043,0.0738,Low
23403,0.0738,Low
23581,0.0737,Low
11351,0.0737,Low
17363,0.0737,Low
10116,0.0737,Low
3109,0.0737,Low
51008,0.0737,Low
43954,0.0737,Low
40957,0.0737,Low
45043,0.0737,Low
35488,0.0737,Low
726,0.0737,Low
41035,0.0737,Low
42262,0.0737,Low
38976,0.0737,Low
35755,0.0737,Low
12068,0.0736,Low
2917,0.0736,Low
2408,0.0736,Low
10515,0.0736,Low
21076,0.0736,Low
17179,0.0736,Low
18187,0.0736,Low
15387,0.0736,Low
44035,0.0736,Low
31073,0.0736,Low
30712,0.0736,Low
43793,0.0736,Low
12281,0.0736,Low
8708,0.0736,Low
35388,0.0736,Low
9644,0.0736,Low
1348,0.0735,Low
41303,0.0735,Low
43548,0.0735,Low
14311,0.0735,Low
43634,0.0735,Low
20048,0.0735,Low
13143,0.0735,Low
14286,0.0735,Low
30659,0.0735,Low
4486,0.0735,Low
25538,0.0735,Low
51769,0.0735,Low
27584,0.0735,Low
42215,0.0735,Low
22021,0.0735,Low
1270,0.0735,Low
7423,0.0735,Low
39992,0.0734,Low
18128,0.0734,Low
20764,0.0734,Low
36394,0.0734,Low
48197,0.0734,Low
45486,0.0734,Low
34022,0.0734,Low
42303,0.0734,Low
21819,0.0734,Low
37842,0.0734,Low
41537,0.0734,Low
15873,0.0733,Low
45405,0.0733,Low
43586,0.0733,Low
44574,0.0733,Low
30914,0.0733,Low
8025,0.0733,Low
20361,0.0733,Low
31732,0.0733,Low
18144,0.0733,Low
50052,0.0733,Low
31553,0.0732,Low
45488,0.0732,Low
21604,0.0732,Low
12266,0.0732,Low
25175,0.0732,Low
50253,0.0732,Low
28703,0.0732,Low
7127,0.0732,Low
51085,0.0732,Low
1693,0.0732,Low
7089,0.0732,Low
25822,0.0732,Low
327,0.0731,Low
15898,0.0731,Low
76,0.0731,Low
16152,0.0731,Low
51683,0.0731,Low
49342,0.0731,Low
6656,0.0731,Low
1859,0.0731,Low
32400,0.0731,Low
23909,0.0731,Low
39145,0.073,Low
7109,0.073,Low
3706,0.073,Low
48709,0.073,Low
9486,0.073,Low
51440,0.073,Low
17842,0.073,Low
25727,0.073,Low
449,0.073,Low
19212,0.0729,Low
1943,0.0729,Low
18531,0.0729,Low
15033,0.0729,Low
50387,0.0729,Low
3802,0.0729,Low
35331,0.0729,Low
45696,0.0729,Low
28168,0.0729,Low
6475,0.0729,Low
12797,0.0728,Low
21623,0.0728,Low
18119,0.0728,Low
21782,0.0728,Low
42797,0.0728,Low
35468,0.0728,Low
44379,0.0728,Low
10470,0.0728,Low
17075,0.0728,Low
17706,0.0727,Low
35920,0.0727,Low
34724,0.0727,Low
12152,0.0727,Low
46206,0.0727,Low
48245,0.0727,Low
2372,0.0727,Low
30070,0.0727,Low
34448,0.0727,Low
17611,0.0727,Low
45740,0.0727,Low
8471,0.0727,Low
44888,0.0727,Low
7434,0.0727,Low
6814,0.0726,Low
31708,0.0726,Low
6604,0.0726,Low
40770,0.0726,Low
5676,0.0726,Low
24292,0.0726,Low
4937,0.0726,Low
51147,0.0726,Low
37572,0.0726,Low
24850,0.0726,Low
27166,0.0726,Low
33861,0.0726,Low
11350,0.0726,Low
47173,0.0726,Low
21394,0.0726,Low
30107,0.0726,Low
23818,0.0726,Low
38826,0.0725,Low
40688,0.0725,Low
13637,0.0725,Low
1911,0.0725,Low
28025,0.0725,Low
34920,0.0725,Low
22246,0.0725,Low
16261,0.0725,Low
47034,0.0725,Low
38125,0.0724,Low
14185,0.0724,Low
30336,0.0724,Low
40880,0.0724,Low
19375,0.0724,Low
13445,0.0724,Low
44214,0.0724,Low
16537,0.0724,Low
46782,0.0723,Low
43270,0.0723,Low
19239,0.0723,Low
13306,0.0723,Low
16763,0.0723,Low
22014,0.0723,Low
9449,0.0723,Low
10161,0.0723,Low
24433,0.0723,Low
15991,0.0723,Low
12322,0.0723,Low
49516,0.0722,Low
36580,0.0722,Low
9765,0.0722,Low
37244,0.0722,Low
38917,0.0722,Low
35903,0.0722,Low
42565,0.0722,Low
23732,0.0722,Low
20674,0.0722,Low
42441,0.0722,Low
8198,0.0722,Low
9660,0.0722,Low
41715,0.0722,Low
19654,0.0721,Low
31700,0.0721,Low
28378,0.0721,Low
50867,0.0721,Low
49274,0.0721,Low
1578,0.0721,Low
48896,0.0721,Low
47687,0.0721,Low
21284,0.0721,Low
51790,0.0721,Low
8619,0.0721,Low
9127,0.0721,Low
51344,0.0721,Low
14152,0.0721,Low
11286,0.072,Low
23227,0.072,Low
46129,0.072,Low
24706,0.072,Low
8743,0.072,Low
10820,0.072,Low
44497,0.072,Low
21274,0.072,Low
47447,0.072,Low
11069,0.072,Low
36259,0.072,Low
49443,0.0719,Low
12020,0.0719,Low
23417,0.0719,Low
48772,0.0719,Low
47697,0.0719,Low
47747,0.0719,Low
51339,0.0719,Low
26324,0.0719,Low
25580,0.0719,Low
27181,0.0719,Low
22244,0.0719,Low
39776,0.0719,Low
49721,0.0719,Low
30003,0.0719,Low
44148,0.0718,Low
8393,0.0718,Low
10494,0.0718,Low
19222,0.0718,Low
47340,0.0718,Low
6207,0.0718,Low
11108,0.0718,Low
3086,0.0718,Low
44394,0.0718,Low
39072,0.0718,Low
40175,0.0717,Low
16881,0.0717,Low
11137,0.0717,Low
6036,0.0717,Low
31303,0.0717,Low
25444,0.0717,Low
39999,0.0717,Low
1102,0.0717,Low
50608,0.0717,Low
31839,0.0716,Low
8932,0.0716,Low
15995,0.0716,Low
29188,0.0716,Low
8947,0.0716,Low
2874,0.0716,Low
47778,0.0716,Low
2538,0.0716,Low
27437,0.0716,Low
31545,0.0716,Low
15221,0.0716,Low
30458,0.0716,Low
41876,0.0716,Low
41994,0.0716,Low
36729,0.0716,Low
8789,0.0715,Low
45523,0.0715,Low
16788,0.0715,Low
7180,0.0715,Low
39105,0.0715,Low
14187,0.0715,Low
1034,0.0715,Low
24347,0.0715,Low
30318,0.0715,Low
22062,0.0715,Low
28992,0.0715,Low
24912,0.0715,Low
24130,0.0715,Low
5268,0.0714,Low
23986,0.0714,Low
42417,0.0714,Low
2598,0.0714,Low
37969,0.0714,Low
23545,0.0714,Low
25453,0.0714,Low
376,0.0714,Low
17061,0.0714,Low
49461,0.0714,Low
26202,0.0713,Low
19950,0.0713,Low
7531,0.0713,Low
26853,0.0713,Low
8003,0.0713,Low
38614,0.0713,Low
6038,0.0713,Low
4361,0.0713,Low
33806,0.0713,Low
48997,0.0713,Low
48972,0.0713,Low
48580,0.0713,Low
6065,0.0713,Low
7385,0.0713,Low
47678,0.0713,Low
26554,0.0713,Low
5474,0.0712,Low
13363,0.0712,Low
6323,0.0712,Low
22227,0.0712,Low
44228,0.0712,Low
31164,0.0712,Low
19958,0.0712,Low
42386,0.0712,Low
25011,0.0712,Low
9150,0.0712,Low
10940,0.0712,Low
32976,0.0712,Low
5687,0.0712,Low
48036,0.0712,Low
28605,0.0712,Low
31471,0.0712,Low
1460,0.0711,Low
4230,0.0711,Low
45692,0.0711,Low
36337,0.0711,Low
34933,0.0711,Low
31385,0.0711,Low
20922,0.0711,Low
4720,0.0711,Low
13634,0.0711,Low
47061,0.0711,Low
34530,0.0711,Low
10146,0.071,Low
22854,0.071,Low
49071,0.071,Low
4801,0.071,Low
12133,0.071,Low
46549,0.071,Low
21921,0.071,Low
31358,0.071,Low
11315,0.071,Low
1757,0.071,Low
13784,0.071,Low
5984,0.071,Low
29165,0.071,Low
34197,0.071,Low
43435,0.071,Low
26517,0.0709,Low
7814,0.0709,Low
26743,0.0709,Low
51709,0.0709,Low
12276,0.0709,Low
4849,0.0709,Low
49522,0.0709,Low
48740,0.0709,Low
5157,0.0708,Low
35994,0.0708,Low
2059,0.0708,Low
25899,0.0708,Low
49990,0.0708,Low
45101,0.0708,Low
45503,0.0708,Low
50999,0.0708,Low
1244,0.0708,Low
28915,0.0708,Low
16515,0.0708,Low
23421,0.0708,Low
7072,0.0708,Low
3835,0.0708,Low
1173,0.0708,Low
17240,0.0708,Low
39614,0.0708,Low
11950,0.0708,Low
9036,0.0708,Low
35039,0.0708,Low
43392,0.0707,Low
13461,0.0707,Low
28799,0.0707,Low
47773,0.0707,Low
38129,0.0707,Low
2712,0.0707,Low
4893,0.0707,Low
5249,0.0707,Low
44622,0.0707,Low
22926,0.0707,Low
23861,0.0707,Low
39019,0.0707,Low
39469,0.0707,Low
51106,0.0707,Low
21478,0.0707,Low
34390,0.0707,Low
35356,0.0707,Low
23849,0.0707,Low
7453,0.0706,Low
50032,0.0706,Low
24640,0.0706,Low
38318,0.0706,Low
21886,0.0706,Low
17175,0.0706,Low
24451,0.0706,Low
24994,0.0706,Low
47052,0.0706,Low
36864,0.0706,Low
13252,0.0706,Low
47332,0.0706,Low
19129,0.0706,Low
6158,0.0706,Low
21598,0.0706,Low
28107,0.0706,Low
12057,0.0706,Low
9850,0.0705,Low
47409,0.0705,Low
23122,0.0705,Low
26987,0.0705,Low
27754,0.0705,Low
18015,0.0705,Low
37556,0.0705,Low
41293,0.0705,Low
9295,0.0705,Low
48758,0.0705,Low
46529,0.0704,Low
40454,0.0704,Low
41087,0.0704,Low
1194,0.0704,Low
15500,0.0704,Low
28539,0.0704,Low
17653,0.0704,Low
786,0.0704,Low
42850,0.0704,Low
4997,0.0704,Low
14082,0.0704,Low
26898,0.0704,Low
6001,0.0704,Low
28174,0.0703,Low
14460,0.0703,Low
9199,0.0703,Low
12408,0.0703,Low
36151,0.0703,Low
45834,0.0703,Low
16636,0.0703,Low
38488,0.0703,Low
695,0.0703,Low
1073,0.0703,Low
12637,0.0702,Low
44019,0.0702,Low
8539,0.0702,Low
16511,0.0702,Low
26904,0.0702,Low
18271,0.0702,Low
42672,0.0702,Low
1790,0.0702,Low
16716,0.0702,Low
5078,0.0702,Low
36510,0.0702,Low
17754,0.0702,Low
8203,0.0702,Low
36783,0.0701,Low
13237,0.0701,Low
11411,0.0701,Low
26136,0.0701,Low
36436,0.0701,Low
253,0.0701,Low
1030,0.0701,Low
40684,0.0701,Low
44492,0.0701,Low
10136,0.0701,Low
21090,0.0701,Low
40776,0.0701,Low
43952,0.0701,Low
17305,0.07,Low
16891,0.07,Low
24331,0.07,Low
14316,0.07,Low
17243,0.07,Low
31710,0.07,Low
21572,0.07,Low
13113,0.07,Low
569,0.07,Low
4101,0.07,Low
7927,0.07,Low
276,0.07,Low
49670,0.0699,Low
32083,0.0699,Low
909,0.0699,Low
21026,0.0699,Low
38679,0.0699,Low
11886,0.0699,Low
8648,0.0699,Low
4521,0.0698,Low
42824,0.0698,Low
26773,0.0698,Low
6563,0.0698,Low
12594,0.0698,Low
13115,0.0698,Low
7937,0.0698,Low
20284,0.0698,Low
45728,0.0698,Low
51067,0.0698,Low
36553,0.0698,Low
23565,0.0698,Low
45034,0.0697,Low
24438,0.0697,Low
23501,0.0697,Low
31876,0.0697,Low
45208,0.0697,Low
39982,0.0697,Low
6643,0.0697,Low
46681,0.0697,Low
33835,0.0697,Low
30788,0.0697,Low
21270,0.0697,Low
15582,0.0697,Low
872,0.0696,Low
15477,0.0696,Low
29172,0.0696,Low
51590,0.0696,Low
44536,0.0696,Low
35333,0.0696,Low
31957,0.0696,Low
36323,0.0696,Low
13807,0.0696,Low
21722,0.0696,Low
4157,0.0696,Low
34064,0.0696,Low
50514,0.0695,Low
25304,0.0695,Low
26361,0.0695,Low
18153,0.0695,Low
5854,0.0695,Low
17538,0.0695,Low
14245,0.0695,Low
5233,0.0695,Low
3176,0.0695,Low
39801,0.0695,Low
48703,0.0695,Low
14060,0.0695,Low
33486,0.0694,Low
15632,0.0694,Low
44902,0.0694,Low
50008,0.0694,Low
10405,0.0694,Low
7693,0.0694,Low
4383,0.0694,Low
25483,0.0694,Low
20763,0.0694,Low
41910,0.0694,Low
44291,0.0694,Low
2172,0.0693,Low
4959,0.0693,Low
31085,0.0693,Low
40539,0.0693,Low
48837,0.0693,Low
39593,0.0693,Low
4789,0.0693,Low
50591,0.0693,Low
33706,0.0693,Low
50,0.0693,Low
29281,0.0693,Low
3421,0.0693,Low
30882,0.0693,Low
33930,0.0692,Low
7050,0.0692,Low
33311,0.0692,Low
29079,0.0692,Low
7390,0.0692,Low
31704,0.0692,Low
16350,0.0692,Low
11284,0.0692,Low
17199,0.0692,Low
22291,0.0692,Low
36522,0.0692,Low
16106,0.0692,Low
31041,0.0691,Low
37901,0.0691,Low
11465,0.0691,Low
49979,0.0691,Low
41326,0.0691,Low
10374,0.0691,Low
8251,0.0691,Low
899,0.0691,Low
28343,0.0691,Low
45218,0.0691,Low
41358,0.0691,Low
10230,0.0691,Low
22536,0.069,Low
50947,0.069,Low
51046,0.069,Low
3100,0.069,Low
21997,0.069,Low
36165,0.069,Low
25121,0.069,Low
27836,0.069,Low
18650,0.069,Low
47062,0.069,Low
9085,0.0689,Low
15112,0.0689,Low
9699,0.0689,Low
21988,0.0689,Low
26654,0.0689,Low
1185,0.0689,Low
6990,0.0689,Low
50299,0.0689,Low
21442,0.0689,Low
32295,0.0689,Low
36447,0.0688,Low
27637,0.0688,Low
50955,0.0688,Low
43184,0.0688,Low
14084,0.0688,Low
3239,0.0688,Low
10721,0.0687,Low
38642,0.0687,Low
24543,0.0687,Low
27278,0.0687,Low
3307,0.0687,Low
5968,0.0687,Low
50699,0.0687,Low
51094,0.0687,Low
37486,0.0687,Low
3503,0.0687,Low
46132,0.0687,Low
30401,0.0687,Low
2558,0.0687,Low
18521,0.0687,Low
15164,0.0686,Low
5874,0.0686,Low
6835,0.0686,Low
19778,0.0686,Low
40835,0.0686,Low
8657,0.0686,Low
18762,0.0686,Low
9974,0.0686,Low
190,0.0686,Low
40569,0.0686,Low
32530,0.0686,Low
39093,0.0686,Low
24996,0.0685,Low
33419,0.0685,Low
25283,0.0685,Low
10978,0.0685,Low
22192,0.0685,Low
42363,0.0685,Low
11006,0.0685,Low
51643,0.0685,Low
35377,0.0685,Low
16062,0.0685,Low
46341,0.0685,Low
43152,0.0685,Low
51026,0.0685,Low
10722,0.0684,Low
16315,0.0684,Low
27271,0.0684,Low
17567,0.0684,Low
17390,0.0684,Low
3271,0.0684,Low
48071,0.0684,Low
22268,0.0684,Low
36462,0.0684,Low
20637,0.0684,Low
28709,0.0684,Low
32787,0.0684,Low
24073,0.0684,Low
43705,0.0683,Low
48535,0.0683,Low
50592,0.0683,Low
2376,0.0683,Low
6130,0.0683,Low
28907,0.0683,Low
12264,0.0683,Low
17819,0.0683,Low
35596,0.0683,Low
29753,0.0682,Low
47798,0.0682,Low
9390,0.0682,Low
8478,0.0682,Low
21067,0.0682,Low
6680,0.0682,Low
32084,0.0682,Low
43159,0.0681,Low
45709,0.0681,Low
12355,0.0681,Low
19470,0.0681,Low
25815,0.0681,Low
40481,0.0681,Low
47088,0.0681,Low
11422,0.0681,Low
32767,0.0681,Low
21098,0.0681,Low
24050,0.0681,Low
6647,0.0681,Low
38828,0.0681,Low
15132,0.068,Low
40970,0.068,Low
28211,0.068,Low
16930,0.068,Low
18359,0.068,Low
46024,0.068,Low
51122,0.068,Low
4187,0.068,Low
32409,0.068,Low
38537,0.068,Low
24048,0.068,Low
44323,0.068,Low
40943,0.068,Low
31198,0.068,Low
342,0.0679,Low
50954,0.0679,Low
17204,0.0679,Low
43377,0.0679,Low
9836,0.0679,Low
26065,0.0679,Low
40680,0.0679,Low
11514,0.0679,Low
17638,0.0679,Low
51647,0.0679,Low
30192,0.0678,Low
22860,0.0678,Low
8731,0.0678,Low
35462,0.0678,Low
15037,0.0678,Low
24403,0.0678,Low
50446,0.0678,Low
36847,0.0678,Low
43208,0.0678,Low
2657,0.0678,Low
41851,0.0678,Low
29366,0.0678,Low
12014,0.0677,Low
27638,0.0677,Low
24026,0.0677,Low
31084,0.0677,Low
13806,0.0677,Low
49823,0.0677,Low
10097,0.0677,Low
45528,0.0677,Low
44922,0.0677,Low
17555,0.0677,Low
44618,0.0677,Low
34299,0.0677,Low
45677,0.0677,Low
51319,0.0677,Low
11077,0.0677,Low
32805,0.0677,Low
23151,0.0677,Low
46457,0.0676,Low
18422,0.0676,Low
1170,0.0676,Low
1458,0.0676,Low
42658,0.0676,Low
47076,0.0676,Low
12166,0.0675,Low
808,0.0675,Low
9160,0.0675,Low
28493,0.0675,Low
4892,0.0675,Low
42728,0.0675,Low
12970,0.0675,Low
6330,0.0675,Low
38741,0.0675,Low
3551,0.0675,Low
28814,0.0674,Low
32291,0.0674,Low
366,0.0674,Low
30613,0.0674,Low
41957,0.0674,Low
7711,0.0674,Low
11204,0.0674,Low
51406,0.0674,Low
23484,0.0674,Low
24462,0.0674,Low
22838,0.0673,Low
21081,0.0673,Low
26881,0.0673,Low
1111,0.0673,Low
21777,0.0673,Low
50080,0.0673,Low
10616,0.0673,Low
47975,0.0673,Low
51479,0.0673,Low
33966,0.0673,Low
33159,0.0673,Low
1239,0.0672,Low
8312,0.0672,Low
34047,0.0672,Low
42452,0.0672,Low
33228,0.0672,Low
7749,0.0672,Low
6973,0.0672,Low
14271,0.0672,Low
21014,0.0672,Low
23752,0.0672,Low
40479,0.0672,Low
22978,0.0672,Low
12041,0.0672,Low
13397,0.0672,Low
35684,0.0672,Low
50457,0.0671,Low
3217,0.0671,Low
43081,0.0671,Low
1276,0.0671,Low
4803,0.0671,Low
37019,0.0671,Low
5463,0.0671,Low
3996,0.0671,Low
43437,0.0671,Low
6408,0.0671,Low
35041,0.0671,Low
8894,0.0671,Low
45845,0.0671,Low
3397,0.067,Low
15727,0.067,Low
29588,0.067,Low
44161,0.067,Low
6894,0.067,Low
40647,0.067,Low
4911,0.067,Low
28623,0.0669,Low
5594,0.0669,Low
2839,0.0669,Low
38763,0.0669,Low
19962,0.0669,Low
40250,0.0669,Low
42020,0.0669,Low
6479,0.0669,Low
39367,0.0669,Low
19448,0.0669,Low
33387,0.0669,Low
33322,0.0669,Low
50070,0.0669,Low
15678,0.0668,Low
15487,0.0668,Low
20464,0.0668,Low
10669,0.0668,Low
41822,0.0668,Low
42225,0.0668,Low
48486,0.0668,Low
35989,0.0668,Low
27479,0.0668,Low
1966,0.0668,Low
29058,0.0668,Low
49620,0.0668,Low
30716,0.0668,Low
38853,0.0668,Low
17590,0.0668,Low
16507,0.0667,Low
47200,0.0667,Low
14050,0.0667,Low
18075,0.0667,Low
792,0.0667,Low
23671,0.0667,Low
28617,0.0667,Low
44993,0.0667,Low
25549,0.0667,Low
8697,0.0667,Low
2940,0.0667,Low
51884,0.0667,Low
27038,0.0667,Low
12543,0.0666,Low
47208,0.0666,Low
32710,0.0666,Low
1857,0.0666,Low
28802,0.0666,Low
46113,0.0666,Low
44801,0.0666,Low
31158,0.0666,Low
24302,0.0666,Low
23225,0.0666,Low
38794,0.0666,Low
23384,0.0666,Low
11113,0.0666,Low
11281,0.0665,Low
12380,0.0665,Low
46914,0.0665,Low
44722,0.0665,Low
19334,0.0665,Low
22947,0.0665,Low
26463,0.0665,Low
51157,0.0665,Low
633,0.0665,Low
35922,0.0665,Low
19822,0.0665,Low
6140,0.0665,Low
44666,0.0664,Low
41708,0.0664,Low
4070,0.0664,Low
9525,0.0664,Low
17781,0.0664,Low
43953,0.0664,Low
12834,0.0664,Low
33192,0.0664,Low
23503,0.0664,Low
36834,0.0664,Low
26098,0.0664,Low
16540,0.0664,Low
25077,0.0663,Low
39757,0.0663,Low
13909,0.0663,Low
38395,0.0663,Low
11215,0.0663,Low
34694,0.0663,Low
37997,0.0663,Low
41788,0.0663,Low
34665,0.0663,Low
11564,0.0663,Low
22799,0.0663,Low
24114,0.0663,Low
15665,0.0663,Low
5824,0.0663,Low
48812,0.0662,Low
39326,0.0662,Low
20098,0.0662,Low
34120,0.0662,Low
22225,0.0662,Low
48377,0.0662,Low
41163,0.0662,Low
49126,0.0662,Low
32979,0.0662,Low
20575,0.0662,Low
39074,0.0662,Low
22375,0.0662,Low
24009,0.0661,Low
8564,0.0661,Low
21148,0.0661,Low
23900,0.0661,Low
12061,0.0661,Low
952,0.0661,Low
36762,0.0661,Low
9682,0.0661,Low
50911,0.0661,Low
34113,0.0661,Low
13561,0.0661,Low
43920,0.0661,Low
24961,0.066,Low
5903,0.066,Low
46117,0.066,Low
41549,0.066,Low
48648,0.066,Low
10427,0.066,Low
1050,0.066,Low
5396,0.066,Low
28081,0.066,Low
32961,0.066,Low
40848,0.066,Low
10007,0.066,Low
30917,0.066,Low
43326,0.066,Low
41165,0.066,Low
38091,0.066,Low
45157,0.066,Low
17731,0.0659,Low
35249,0.0659,Low
2179,0.0659,Low
7015,0.0659,Low
27561,0.0659,Low
17062,0.0659,Low
35929,0.0659,Low
5304,0.0659,Low
20872,0.0659,Low
41440,0.0659,Low
1987,0.0659,Low
1267,0.0658,Low
42374,0.0658,Low
3740,0.0658,Low
9148,0.0658,Low
38671,0.0658,Low
18232,0.0658,Low
33267,0.0658,Low
486,0.0657,Low
8887,0.0657,Low
41730,0.0657,Low
26101,0.0657,Low
975,0.0657,Low
34224,0.0657,Low
32223,0.0657,Low
35682,0.0657,Low
22221,0.0656,Low
5115,0.0656,Low
33948,0.0656,Low
4580,0.0656,Low
45952,0.0656,Low
37185,0.0656,Low
30588,0.0656,Low
25197,0.0656,Low
17069,0.0656,Low
6637,0.0656,Low
2662,0.0656,Low
13990,0.0656,Low
15254,0.0656,Low
456,0.0656,Low
19555,0.0655,Low
45496,0.0655,Low
7820,0.0655,Low
14147,0.0655,Low
29236,0.0655,Low
3921,0.0655,Low
41985,0.0655,Low
41592,0.0655,Low
10092,0.0655,Low
21652,0.0655,Low
39561,0.0655,Low
1004,0.0654,Low
10485,0.0654,Low
42604,0.0654,Low
46091,0.0654,Low
9784,0.0654,Low
22671,0.0654,Low
23656,0.0654,Low
25623,0.0654,Low
10599,0.0654,Low
45424,0.0654,Low
21539,0.0654,Low
14778,0.0654,Low
50232,0.0654,Low
15451,0.0654,Low
32301,0.0654,Low
26570,0.0654,Low
46349,0.0654,Low
24918,0.0653,Low
8765,0.0653,Low
49969,0.0653,Low
43888,0.0653,Low
29757,0.0653,Low
31259,0.0653,Low
42784,0.0652,Low
30128,0.0652,Low
22796,0.0652,Low
12325,0.0652,Low
44512,0.0652,Low
38717,0.0652,Low
51388,0.0652,Low
16613,0.0652,Low
10239,0.0652,Low
40716,0.0652,Low
986,0.0651,Low
45593,0.0651,Low
49767,0.0651,Low
22087,0.0651,Low
12307,0.0651,Low
49098,0.0651,Low
28924,0.0651,Low
31801,0.065,Low
33045,0.065,Low
36556,0.065,Low
5947,0.065,Low
46143,0.065,Low
40544,0.065,Low
28943,0.065,Low
47290,0.065,Low
45144,0.065,Low
18451,0.065,Low
43918,0.065,Low
33853,0.065,Low
34669,0.065,Low
2825,0.065,Low
40136,0.0649,Low
35406,0.0649,Low
19122,0.0649,Low
17105,0.0649,Low
16199,0.0649,Low
33200,0.0649,Low
5564,0.0649,Low
38069,0.0649,Low
43069,0.0648,Low
27376,0.0648,Low
27245,0.0648,Low
40070,0.0648,Low
41290,0.0648,Low
29697,0.0648,Low
50877,0.0648,Low
46379,0.0648,Low
30621,0.0648,Low
27761,0.0648,Low
37088,0.0648,Low
23422,0.0647,Low
40343,0.0647,Low
35078,0.0647,Low
40405,0.0647,Low
14532,0.0647,Low
37012,0.0647,Low
20906,0.0647,Low
49141,0.0647,Low
49381,0.0647,Low
16900,0.0647,Low
45777,0.0647,Low
50750,0.0647,Low
20810,0.0646,Low
21952,0.0646,Low
16300,0.0646,Low
32065,0.0646,Low
36432,0.0646,Low
23717,0.0646,Low
50834,0.0646,Low
10398,0.0646,Low
37817,0.0646,Low
22619,0.0645,Low
21036,0.0645,Low
10270,0.0645,Low
48918,0.0645,Low
17513,0.0645,Low
28074,0.0645,Low
1368,0.0645,Low
3590,0.0645,Low
32847,0.0645,Low
37179,0.0645,Low
11939,0.0645,Low
50538,0.0644,Low
38003,0.0644,Low
42307,0.0644,Low
25573,0.0644,Low
26783,0.0644,Low
37551,0.0644,Low
462,0.0644,Low
38756,0.0644,Low
34236,0.0644,Low
42248,0.0644,Low
8132,0.0644,Low
23354,0.0644,Low
26286,0.0644,Low
47233,0.0644,Low
27471,0.0643,Low
9014,0.0643,Low
164,0.0643,Low
8500,0.0643,Low
40642,0.0643,Low
23282,0.0643,Low
9835,0.0643,Low
288,0.0643,Low
48766,0.0643,Low
30000,0.0643,Low
22857,0.0642,Low
4640,0.0642,Low
3972,0.0642,Low
43202,0.0642,Low
5700,0.0642,Low
24871,0.0642,Low
33890,0.0642,Low
49197,0.0642,Low
40010,0.0642,Low
29267,0.0642,Low
6031,0.0642,Low
44519,0.0642,Low
7683,0.0642,Low
17231,0.0642,Low
32726,0.0641,Low
21104,0.0641,Low
29126,0.0641,Low
2780,0.0641,Low
42826,0.0641,Low
46906,0.0641,Low
15154,0.0641,Low
3649,0.0641,Low
33554,0.0641,Low
30975,0.0641,Low
3985,0.064,Low
29123,0.064,Low
13607,0.064,Low
7034,0.064,Low
764,0.064,Low
15738,0.064,Low
23772,0.064,Low
15786,0.064,Low
30727,0.0639,Low
12556,0.0639,Low
435,0.0639,Low
40290,0.0639,Low
30166,0.0639,Low
2413,0.0639,Low
25192,0.0639,Low
34629,0.0639,Low
40921,0.0639,Low
4333,0.0639,Low
34607,0.0639,Low
18004,0.0639,Low
19581,0.0639,Low
11328,0.0639,Low
17249,0.0639,Low
47113,0.0639,Low
13832,0.0639,Low
29298,0.0638,Low
28326,0.0638,Low
39000,0.0638,Low
643,0.0638,Low
21315,0.0638,Low
22738,0.0638,Low
1318,0.0638,Low
33473,0.0638,Low
15858,0.0638,Low
36710,0.0638,Low
21411,0.0638,Low
31567,0.0638,Low
39940,0.0638,Low
36606,0.0637,Low
14956,0.0637,Low
34011,0.0637,Low
23946,0.0637,Low
25178,0.0637,Low
24945,0.0637,Low
51282,0.0637,Low
12710,0.0637,Low
23569,0.0637,Low
48484,0.0637,Low
49186,0.0637,Low
50295,0.0636,Low
42520,0.0636,Low
1670,0.0636,Low
23596,0.0636,Low
47901,0.0636,Low
22545,0.0636,Low
31590,0.0636,Low
7209,0.0636,Low
27534,0.0636,Low
35417,0.0636,Low
35429,0.0636,Low
43675,0.0636,Low
23058,0.0636,Low
4930,0.0635,Low
40860,0.0635,Low
43619,0.0635,Low
32590,0.0635,Low
12742,0.0635,Low
27082,0.0635,Low
424,0.0635,Low
27158,0.0635,Low
7444,0.0635,Low
27362,0.0635,Low
34910,0.0635,Low
11429,0.0634,Low
22916,0.0634,Low
3442,0.0634,Low
25442,0.0634,Low
39530,0.0634,Low
51420,0.0634,Low
8244,0.0634,Low
32714,0.0634,Low
5305,0.0634,Low
42881,0.0633,Low
20056,0.0633,Low
36548,0.0633,Low
34884,0.0633,Low
1151,0.0633,Low
28216,0.0633,Low
42178,0.0633,Low
27070,0.0633,Low
51898,0.0633,Low
6554,0.0633,Low
8475,0.0632,Low
47406,0.0632,Low
11726,0.0632,Low
15273,0.0632,Low
33850,0.0632,Low
46747,0.0632,Low
14127,0.0632,Low
39989,0.0632,Low
4608,0.0632,Low
23753,0.0632,Low
20277,0.0632,Low
29301,0.0632,Low
10184,0.0632,Low
5060,0.0632,Low
7553,0.0632,Low
3702,0.0631,Low
16950,0.0631,Low
40204,0.0631,Low
5137,0.0631,Low
4466,0.0631,Low
49060,0.0631,Low
9222,0.0631,Low
51541,0.0631,Low
30761,0.0631,Low
21825,0.063,Low
6953,0.063,Low
12490,0.063,Low
34097,0.063,Low
33502,0.063,Low
20930,0.063,Low
35769,0.063,Low
30351,0.063,Low
739,0.0629,Low
46985,0.0629,Low
51605,0.0629,Low
21835,0.0629,Low
45263,0.0629,Low
7532,0.0629,Low
28228,0.0629,Low
341,0.0628,Low
11360,0.0628,Low
22781,0.0628,Low
26949,0.0628,Low
32134,0.0628,Low
45165,0.0628,Low
9208,0.0628,Low
24811,0.0628,Low
51391,0.0628,Low
28041,0.0628,Low
26264,0.0628,Low
22170,0.0627,Low
48821,0.0627,Low
42065,0.0627,Low
12685,0.0627,Low
7079,0.0627,Low
6054,0.0627,Low
43661,0.0627,Low
48010,0.0626,Low
49460,0.0626,Low
44754,0.0626,Low
25047,0.0626,Low
32599,0.0626,Low
6491,0.0626,Low
41071,0.0626,Low
8431,0.0626,Low
33955,0.0626,Low
43513,0.0626,Low
19079,0.0626,Low
32678,0.0625,Low
22188,0.0625,Low
27312,0.0625,Low
12586,0.0625,Low
49052,0.0625,Low
22324,0.0625,Low
14551,0.0625,Low
18909,0.0625,Low
31952,0.0625,Low
42519,0.0625,Low
21980,0.0625,Low
49297,0.0625,Low
25007,0.0625,Low
33870,0.0625,Low
45214,0.0625,Low
22643,0.0625,Low
15243,0.0625,Low
24636,0.0624,Low
35877,0.0624,Low
34228,0.0624,Low
36979,0.0624,Low
13367,0.0624,Low
17434,0.0624,Low
15559,0.0624,Low
22419,0.0624,Low
18490,0.0624,Low
21864,0.0624,Low
41179,0.0623,Low
13202,0.0623,Low
13069,0.0623,Low
24572,0.0623,Low
40150,0.0623,Low
44208,0.0623,Low
18801,0.0623,Low
11576,0.0623,Low
40021,0.0623,Low
3443,0.0623,Low
46145,0.0622,Low
17022,0.0622,Low
19015,0.0622,Low
47852,0.0622,Low
7534,0.0622,Low
51412,0.0622,Low
44013,0.0622,Low
33396,0.0621,Low
23217,0.0621,Low
50660,0.0621,Low
33685,0.0621,Low
6910,0.0621,Low
6284,0.0621,Low
35326,0.0621,Low
26661,0.0621,Low
27871,0.0621,Low
27730,0.0621,Low
38922,0.0621,Low
45892,0.0621,Low
35653,0.062,Low
7997,0.062,Low
49467,0.062,Low
29709,0.062,Low
34335,0.062,Low
24486,0.062,Low
39673,0.062,Low
34,0.062,Low
5773,0.0619,Low
2031,0.0619,Low
43385,0.0619,Low
23824,0.0619,Low
37056,0.0619,Low
46921,0.0619,Low
9876,0.0619,Low
29062,0.0619,Low
36118,0.0618,Low
35424,0.0618,Low
49763,0.0618,Low
45374,0.0618,Low
26302,0.0618,Low
4660,0.0618,Low
18907,0.0618,Low
17690,0.0618,Low
17894,0.0618,Low
13485,0.0618,Low
12212,0.0618,Low
49929,0.0618,Low
39242,0.0618,Low
788,0.0618,Low
26754,0.0618,Low
4191,0.0617,Low
26516,0.0617,Low
14471,0.0617,Low
16892,0.0617,Low
22784,0.0617,Low
22464,0.0617,Low
8321,0.0617,Low
48069,0.0616,Low
8520,0.0616,Low
28633,0.0616,Low
18780,0.0616,Low
34140,0.0616,Low
9042,0.0616,Low
42791,0.0616,Low
39838,0.0616,Low
15407,0.0616,Low
3799,0.0616,Low
15138,0.0616,Low
15193,0.0616,Low
42720,0.0616,Low
39452,0.0615,Low
17533,0.0615,Low
45644,0.0615,Low
21955,0.0615,Low
25852,0.0615,Low
31906,0.0615,Low
32516,0.0615,Low
39344,0.0615,Low
42283,0.0615,Low
35495,0.0615,Low
33040,0.0615,Low
47742,0.0615,Low
18952,0.0615,Low
43084,0.0614,Low
30324,0.0614,Low
8261,0.0614,Low
45067,0.0614,Low
7689,0.0614,Low
32328,0.0614,Low
50445,0.0614,Low
20991,0.0614,Low
16554,0.0614,Low
35010,0.0614,Low
32412,0.0613,Low
25726,0.0613,Low
9303,0.0613,Low
21681,0.0613,Low
52,0.0613,Low
11588,0.0613,Low
7237,0.0613,Low
31847,0.0612,Low
25215,0.0612,Low
14213,0.0612,Low
12376,0.0612,Low
46652,0.0612,Low
42882,0.0612,Low
7623,0.0612,Low
8667,0.0612,Low
1070,0.0612,Low
10984,0.0612,Low
31445,0.0612,Low
28711,0.0611,Low
9504,0.0611,Low
50340,0.0611,Low
44412,0.0611,Low
51939,0.0611,Low
48604,0.0611,Low
16574,0.0611,Low
45663,0.0611,Low
32374,0.061,Low
22071,0.061,Low
28805,0.061,Low
49393,0.061,Low
31816,0.061,Low
46455,0.061,Low
38852,0.061,Low
49054,0.061,Low
28640,0.061,Low
9800,0.061,Low
38176,0.061,Low
50190,0.0609,Low
15374,0.0609,Low
16430,0.0609,Low
4741,0.0609,Low
37194,0.0609,Low
47974,0.0609,Low
23003,0.0609,Low
43700,0.0609,Low
39375,0.0609,Low
48171,0.0609,Low
8042,0.0609,Low
10788,0.0609,Low
5286,0.0609,Low
38515,0.0609,Low
7913,0.0608,Low
48148,0.0608,Low
34486,0.0608,Low
33856,0.0608,Low
42423,0.0608,Low
19619,0.0608,Low
38324,0.0608,Low
270,0.0608,Low
19474,0.0608,Low
38518,0.0608,Low
19311,0.0607,Low
13696,0.0607,Low
15100,0.0607,Low
39878,0.0607,Low
50157,0.0607,Low
36756,0.0607,Low
7685,0.0607,Low
31242,0.0607,Low
33211,0.0607,Low
15091,0.0607,Low
29174,0.0607,Low
13962,0.0607,Low
45440,0.0607,Low
46993,0.0606,Low
39044,0.0606,Low
31059,0.0606,Low
37960,0.0606,Low
16976,0.0606,Low
28019,0.0606,Low
32708,0.0606,Low
50639,0.0606,Low
51431,0.0606,Low
3472,0.0606,Low
5751,0.0605,Low
18942,0.0605,Low
20031,0.0605,Low
28790,0.0605,Low
29148,0.0605,Low
5632,0.0605,Low
13418,0.0605,Low
48813,0.0605,Low
46516,0.0605,Low
15199,0.0604,Low
12876,0.0604,Low
14992,0.0604,Low
39384,0.0604,Low
18375,0.0604,Low
12329,0.0604,Low
11775,0.0604,Low
23461,0.0604,Low
32616,0.0603,Low
10696,0.0603,Low
5028,0.0603,Low
30900,0.0603,Low
27411,0.0603,Low
38784,0.0603,Low
5414,0.0603,Low
22339,0.0603,Low
8452,0.0603,Low
34111,0.0602,Low
28830,0.0602,Low
33430,0.0602,Low
31316,0.0602,Low
25929,0.0602,Low
9934,0.0602,Low
45108,0.0602,Low
29918,0.0602,Low
37033,0.0602,Low
25757,0.0602,Low
49602,0.0601,Low
7794,0.0601,Low
26798,0.0601,Low
22684,0.0601,Low
47163,0.0601,Low
38945,0.0601,Low
27425,0.0601,Low
4222,0.0601,Low
25671,0.0601,Low
38653,0.06,Low
50115,0.06,Low
514,0.06,Low
26818,0.06,Low
31102,0.06,Low
51487,0.06,Low
40724,0.06,Low
33391,0.06,Low
41143,0.06,Low
19670,0.06,Low
48682,0.0599,Low
17593,0.0599,Low
19772,0.0599,Low
46390,0.0599,Low
34500,0.0599,Low
36507,0.0599,Low
29808,0.0599,Low
21532,0.0599,Low
47533,0.0598,Low
1657,0.0598,Low
40394,0.0598,Low
43360,0.0598,Low
35566,0.0598,Low
38219,0.0598,Low
44847,0.0598,Low
50792,0.0598,Low
9251,0.0598,Low
740,0.0598,Low
22757,0.0598,Low
49764,0.0598,Low
43057,0.0597,Low
34595,0.0597,Low
15240,0.0597,Low
32951,0.0597,Low
47432,0.0597,Low
45451,0.0597,Low
48903,0.0597,Low
22729,0.0597,Low
29687,0.0597,Low
36397,0.0597,Low
31820,0.0597,Low
12395,0.0597,Low
46940,0.0597,Low
767,0.0597,Low
40557,0.0597,Low
17472,0.0597,Low
12537,0.0596,Low
35085,0.0596,Low
41197,0.0596,Low
33515,0.0596,Low
6968,0.0596,Low
44684,0.0596,Low
24104,0.0596,Low
45309,0.0596,Low
33665,0.0596,Low
9215,0.0596,Low
12147,0.0596,Low
972,0.0595,Low
42929,0.0595,Low
24891,0.0595,Low
15943,0.0595,Low
23979,0.0595,Low
44000,0.0595,Low
516,0.0595,Low
44506,0.0594,Low
16850,0.0594,Low
47905,0.0594,Low
44095,0.0594,Low
26270,0.0594,Low
35746,0.0594,Low
34497,0.0594,Low
7439,0.0594,Low
30763,0.0594,Low
12270,0.0593,Low
9482,0.0593,Low
15038,0.0593,Low
51760,0.0593,Low
25337,0.0593,Low
34765,0.0593,Low
21616,0.0593,Low
18357,0.0593,Low
21188,0.0593,Low
29255,0.0593,Low
6015,0.0593,Low
31507,0.0592,Low
34989,0.0592,Low
12190,0.0592,Low
45234,0.0592,Low
3850,0.0592,Low
25187,0.0592,Low
20502,0.0592,Low
10705,0.0592,Low
16694,0.0592,Low
35775,0.0591,Low
36748,0.0591,Low
37948,0.0591,Low
18405,0.0591,Low
39393,0.0591,Low
31828,0.0591,Low
25856,0.0591,Low
33137,0.0591,Low
30519,0.0591,Low
9642,0.0591,Low
43664,0.0591,Low
34780,0.0591,Low
6072,0.0591,Low
46874,0.0591,Low
41186,0.0591,Low
16021,0.059,Low
33395,0.059,Low
26412,0.059,Low
39493,0.059,Low
13927,0.059,Low
8671,0.059,Low
46572,0.059,Low
48299,0.059,Low
4942,0.059,Low
49887,0.059,Low
18535,0.059,Low
14114,0.059,Low
43986,0.059,Low
6837,0.059,Low
49101,0.059,Low
30744,0.0589,Low
29700,0.0589,Low
35036,0.0589,Low
33714,0.0589,Low
3474,0.0589,Low
20814,0.0589,Low
41101,0.0589,Low
45634,0.0589,Low
45256,0.0589,Low
28469,0.0589,Low
28736,0.0588,Low
46294,0.0588,Low
28125,0.0588,Low
13928,0.0588,Low
31679,0.0588,Low
18767,0.0588,Low
15982,0.0588,Low
7849,0.0588,Low
32579,0.0588,Low
36712,0.0588,Low
43707,0.0588,Low
19660,0.0588,Low
13466,0.0588,Low
41332,0.0588,Low
44453,0.0588,Low
22739,0.0588,Low
46923,0.0588,Low
13526,0.0588,Low
8615,0.0588,Low
35578,0.0588,Low
34379,0.0587,Low
268,0.0587,Low
32405,0.0587,Low
39713,0.0587,Low
23105,0.0587,Low
16863,0.0587,Low
31497,0.0587,Low
15250,0.0587,Low
18676,0.0587,Low
42794,0.0587,Low
44879,0.0587,Low
3886,0.0587,Low
46502,0.0587,Low
7918,0.0586,Low
9421,0.0586,Low
1768,0.0586,Low
25275,0.0586,Low
45194,0.0586,Low
28036,0.0586,Low
10025,0.0586,Low
37713,0.0586,Low
13871,0.0586,Low
50185,0.0586,Low
9690,0.0586,Low
27180,0.0585,Low
32324,0.0585,Low
51071,0.0585,Low
12667,0.0585,Low
21390,0.0585,Low
16268,0.0585,Low
26755,0.0585,Low
31911,0.0585,Low
47638,0.0585,Low
28067,0.0585,Low
38476,0.0584,Low
46976,0.0584,Low
26780,0.0584,Low
39304,0.0584,Low
25926,0.0584,Low
51554,0.0584,Low
2939,0.0584,Low
28397,0.0584,Low
40883,0.0583,Low
22420,0.0583,Low
6513,0.0583,Low
32771,0.0583,Low
32432,0.0583,Low
9378,0.0583,Low
8473,0.0583,Low
43338,0.0583,Low
39196,0.0583,Low
46534,0.0583,Low
39791,0.0583,Low
1364,0.0583,Low
13577,0.0582,Low
26857,0.0582,Low
7503,0.0582,Low
20335,0.0582,Low
23834,0.0582,Low
24611,0.0582,Low
11565,0.0582,Low
40444,0.0582,Low
38599,0.0582,Low
5279,0.0582,Low
43786,0.0582,Low
28670,0.0581,Low
22987,0.0581,Low
36527,0.0581,Low
25525,0.0581,Low
31916,0.0581,Low
48363,0.0581,Low
48253,0.058,Low
8506,0.058,Low
20090,0.058,Low
13799,0.058,Low
45843,0.058,Low
20307,0.058,Low
11705,0.058,Low
7586,0.058,Low
31014,0.058,Low
25572,0.058,Low
40548,0.058,Low
37368,0.058,Low
36299,0.058,Low
43539,0.058,Low
41108,0.058,Low
23856,0.058,Low
3866,0.0579,Low
20892,0.0579,Low
42231,0.0579,Low
46879,0.0579,Low
20415,0.0579,Low
11522,0.0579,Low
19439,0.0579,Low
7294,0.0579,Low
36274,0.0578,Low
11725,0.0578,Low
1653,0.0578,Low
38042,0.0578,Low
30280,0.0578,Low
23082,0.0578,Low
29513,0.0578,Low
4664,0.0578,Low
20995,0.0578,Low
926,0.0577,Low
23114,0.0577,Low
3975,0.0577,Low
32966,0.0577,Low
45779,0.0577,Low
20079,0.0577,Low
8918,0.0577,Low
43449,0.0577,Low
37681,0.0577,Low
8587,0.0577,Low
12857,0.0577,Low
36031,0.0576,Low
13409,0.0576,Low
37600,0.0576,Low
11240,0.0576,Low
39167,0.0576,Low
9966,0.0576,Low
34759,0.0576,Low
12749,0.0576,Low
16828,0.0576,Low
29241,0.0575,Low
5238,0.0575,Low
37037,0.0575,Low
27177,0.0575,Low
9762,0.0575,Low
31999,0.0575,Low
6614,0.0575,Low
9680,0.0575,Low
48828,0.0575,Low
27163,0.0575,Low
39515,0.0575,Low
14916,0.0575,Low
43879,0.0575,Low
49717,0.0574,Low
25070,0.0574,Low
21069,0.0574,Low
29611,0.0574,Low
43668,0.0574,Low
19642,0.0574,Low
22920,0.0574,Low
45626,0.0574,Low
8350,0.0574,Low
20587,0.0574,Low
2985,0.0574,Low
18312,0.0573,Low
47375,0.0573,Low
24554,0.0573,Low
24095,0.0573,Low
29065,0.0573,Low
881,0.0573,Low
25902,0.0573,Low
44837,0.0573,Low
25654,0.0573,Low
20357,0.0573,Low
49471,0.0573,Low
17263,0.0573,Low
49940,0.0573,Low
28364,0.0573,Low
48328,0.0573,Low
29312,0.0573,Low
2781,0.0572,Low
45350,0.0572,Low
3945,0.0572,Low
13296,0.0572,Low
8574,0.0572,Low
11769,0.0572,Low
32588,0.0572,Low
22229,0.0572,Low
45459,0.0571,Low
34016,0.0571,Low
30908,0.0571,Low
36980,0.0571,Low
24789,0.0571,Low
14240,0.0571,Low
37753,0.0571,Low
26667,0.057,Low
43983,0.057,Low
43956,0.057,Low
2009,0.057,Low
23918,0.057,Low
10148,0.057,Low
9084,0.057,Low
28358,0.0569,Low
36102,0.0569,Low
43997,0.0569,Low
40117,0.0569,Low
21626,0.0569,Low
22472,0.0569,Low
8201,0.0568,Low
21433,0.0568,Low
12005,0.0568,Low
32031,0.0568,Low
25681,0.0568,Low
13043,0.0568,Low
18355,0.0568,Low
15514,0.0568,Low
40729,0.0568,Low
19732,0.0568,Low
11730,0.0568,Low
5084,0.0567,Low
3300,0.0567,Low
17496,0.0567,Low
28139,0.0567,Low
29718,0.0567,Low
51018,0.0567,Low
45986,0.0567,Low
8068,0.0567,Low
10567,0.0566,Low
48347,0.0566,Low
38455,0.0566,Low
46220,0.0566,Low
32160,0.0566,Low
51674,0.0566,Low
49821,0.0566,Low
34964,0.0566,Low
44285,0.0566,Low
35011,0.0566,Low
21096,0.0566,Low
33166,0.0566,Low
4881,0.0566,Low
23322,0.0566,Low
15530,0.0566,Low
6131,0.0565,Low
19075,0.0565,Low
12016,0.0565,Low
30470,0.0565,Low
24057,0.0565,Low
35207,0.0565,Low
4170,0.0565,Low
14473,0.0565,Low
41041,0.0565,Low
47367,0.0565,Low
37204,0.0565,Low
50284,0.0565,Low
21177,0.0565,Low
12858,0.0565,Low
9636,0.0565,Low
45756,0.0565,Low
9967,0.0565,Low
49824,0.0565,Low
18902,0.0564,Low
37248,0.0564,Low
47681,0.0564,Low
34057,0.0564,Low
41321,0.0564,Low
423,0.0564,Low
16255,0.0564,Low
45251,0.0564,Low
44182,0.0564,Low
5103,0.0564,Low
37523,0.0563,Low
16139,0.0563,Low
18470,0.0563,Low
3981,0.0563,Low
36677,0.0563,Low
19250,0.0563,Low
30359,0.0563,Low
23564,0.0563,Low
50181,0.0563,Low
2477,0.0563,Low
28542,0.0562,Low
6524,0.0562,Low
7307,0.0562,Low
16960,0.0562,Low
36528,0.0562,Low
51211,0.0562,Low
37206,0.0562,Low
44004,0.0562,Low
40275,0.0562,Low
42636,0.0562,Low
30398,0.0561,Low
18245,0.0561,Low
46014,0.0561,Low
757,0.0561,Low
38394,0.0561,Low
42379,0.0561,Low
44685,0.0561,Low
10735,0.0561,Low
31129,0.0561,Low
49989,0.0561,Low
32901,0.056,Low
2023,0.056,Low
5878,0.056,Low
17807,0.056,Low
33594,0.056,Low
18193,0.056,Low
34604,0.0559,Low
41301,0.0559,Low
42591,0.0559,Low
49793,0.0559,Low
20187,0.0559,Low
14255,0.0559,Low
42632,0.0559,Low
42121,0.0559,Low
31865,0.0558,Low
9879,0.0558,Low
36150,0.0558,Low
13656,0.0558,Low
47488,0.0558,Low
7858,0.0558,Low
5381,0.0558,Low
41445,0.0558,Low
9205,0.0558,Low
46759,0.0558,Low
35959,0.0558,Low
19753,0.0558,Low
33832,0.0558,Low
15205,0.0557,Low
41594,0.0557,Low
17060,0.0557,Low
43120,0.0557,Low
48169,0.0557,Low
3449,0.0557,Low
48561,0.0557,Low
17170,0.0556,Low
38883,0.0556,Low
14166,0.0556,Low
27606,0.0556,Low
32366,0.0556,Low
4434,0.0556,Low
34294,0.0556,Low
18064,0.0556,Low
21301,0.0556,Low
12189,0.0556,Low
23305,0.0556,Low
11497,0.0555,Low
978,0.0555,Low
35969,0.0555,Low
46000,0.0555,Low
11214,0.0555,Low
8078,0.0555,Low
15510,0.0555,Low
34795,0.0555,Low
46172,0.0555,Low
36690,0.0555,Low
35670,0.0555,Low
31168,0.0555,Low
25529,0.0555,Low
903,0.0555,Low
36440,0.0555,Low
26017,0.0554,Low
13189,0.0554,Low
16731,0.0554,Low
45446,0.0554,Low
5661,0.0554,Low
42290,0.0554,Low
21256,0.0554,Low
47735,0.0554,Low
25481,0.0554,Low
12464,0.0554,Low
1726,0.0553,Low
802,0.0553,Low
47459,0.0553,Low
39015,0.0553,Low
38049,0.0553,Low
3645,0.0553,Low
35915,0.0553,Low
15852,0.0552,Low
17991,0.0552,Low
34122,0.0552,Low
45010,0.0552,Low
47411,0.0552,Low
49994,0.0552,Low
43740,0.0552,Low
30204,0.0552,Low
37378,0.0552,Low
35825,0.0552,Low
2201,0.0552,Low
48046,0.0552,Low
20576,0.0552,Low
15993,0.0552,Low
44767,0.0552,Low
3948,0.0551,Low
42740,0.0551,Low
19970,0.0551,Low
29085,0.0551,Low
16889,0.0551,Low
25704,0.0551,Low
46642,0.0551,Low
11476,0.0551,Low
46580,0.0551,Low
27570,0.0551,Low
40788,0.055,Low
9919,0.055,Low
6737,0.055,Low
48627,0.055,Low
20720,0.055,Low
29664,0.0549,Low
24635,0.0549,Low
9976,0.0549,Low
10183,0.0549,Low
41018,0.0549,Low
34084,0.0549,Low
30153,0.0549,Low
1834,0.0549,Low
10366,0.0549,Low
47495,0.0549,Low
46623,0.0548,Low
38977,0.0548,Low
37361,0.0548,Low
39279,0.0548,Low
3112,0.0548,Low
44629,0.0548,Low
10665,0.0548,Low
33351,0.0548,Low
17898,0.0548,Low
33770,0.0547,Low
28170,0.0547,Low
42469,0.0547,Low
47984,0.0547,Low
27420,0.0547,Low
36910,0.0547,Low
6243,0.0547,Low
33155,0.0547,Low
20015,0.0547,Low
34520,0.0547,Low
46850,0.0546,Low
30921,0.0546,Low
24630,0.0546,Low
8511,0.0546,Low
21669,0.0546,Low
16633,0.0546,Low
29198,0.0546,Low
50787,0.0546,Low
10279,0.0546,Low
3763,0.0546,Low
35234,0.0546,Low
11191,0.0545,Low
42716,0.0545,Low
29948,0.0545,Low
20362,0.0545,Low
42350,0.0545,Low
5325,0.0545,Low
46268,0.0545,Low
23575,0.0545,Low
10516,0.0545,Low
48746,0.0544,Low
2896,0.0544,Low
7672,0.0544,Low
46892,0.0544,Low
31581,0.0544,Low
17424,0.0544,Low
43657,0.0543,Low
27056,0.0543,Low
10082,0.0543,Low
43501,0.0543,Low
21812,0.0543,Low
17970,0.0543,Low
6246,0.0543,Low
35840,0.0543,Low
29070,0.0543,Low
32687,0.0543,Low
44857,0.0543,Low
3308,0.0543,Low
12363,0.0542,Low
20054,0.0542,Low
50530,0.0542,Low
48405,0.0542,Low
27854,0.0542,Low
40433,0.0542,Low
1984,0.0542,Low
29991,0.0542,Low
36711,0.0542,Low
2861,0.0542,Low
51732,0.0542,Low
2228,0.0542,Low
46814,0.0542,Low
41735,0.0541,Low
1939,0.0541,Low
23193,0.0541,Low
25762,0.0541,Low
42028,0.0541,Low
34864,0.0541,Low
8943,0.0541,Low
14595,0.0541,Low
22165,0.054,Low
8537,0.054,Low
22642,0.054,Low
38319,0.054,Low
22593,0.054,Low
48935,0.054,Low
19352,0.054,Low
39071,0.054,Low
15846,0.0539,Low
2932,0.0539,Low
36301,0.0539,Low
14456,0.0539,Low
35399,0.0539,Low
49840,0.0538,Low
8525,0.0538,Low
9083,0.0538,Low
27431,0.0538,Low
17208,0.0538,Low
42463,0.0538,Low
20185,0.0538,Low
20728,0.0538,Low
4826,0.0537,Low
1980,0.0537,Low
4412,0.0537,Low
48034,0.0537,Low
6756,0.0537,Low
24139,0.0537,Low
15137,0.0537,Low
9814,0.0537,Low
21939,0.0537,Low
38390,0.0536,Low
30300,0.0536,Low
4288,0.0536,Low
23490,0.0536,Low
40216,0.0536,Low
47709,0.0536,Low
24910,0.0536,Low
6704,0.0535,Low
41206,0.0535,Low
13861,0.0535,Low
35320,0.0535,Low
44042,0.0535,Low
30306,0.0535,Low
24051,0.0535,Low
36892,0.0535,Low
26903,0.0534,Low
4388,0.0534,Low
2465,0.0534,Low
30242,0.0534,Low
45077,0.0534,Low
33115,0.0534,Low
47486,0.0534,Low
1400,0.0533,Low
5384,0.0533,Low
1637,0.0533,Low
11387,0.0533,Low
34350,0.0533,Low
2241,0.0533,Low
8626,0.0533,Low
45000,0.0533,Low
5068,0.0533,Low
34605,0.0533,Low
37762,0.0533,Low
41471,0.0533,Low
9826,0.0533,Low
40203,0.0532,Low
42598,0.0532,Low
32586,0.0532,Low
27268,0.0532,Low
46754,0.0532,Low
43293,0.0532,Low
37864,0.0531,Low
16124,0.0531,Low
21157,0.0531,Low
45508,0.0531,Low
3018,0.0531,Low
44753,0.0531,Low
15143,0.0531,Low
29849,0.053,Low
7933,0.053,Low
5005,0.053,Low
12915,0.053,Low
47957,0.053,Low
28095,0.053,Low
1888,0.053,Low
16577,0.053,Low
17329,0.053,Low
34866,0.053,Low
32575,0.0529,Low
12958,0.0529,Low
15745,0.0529,Low
28917,0.0529,Low
27316,0.0529,Low
13554,0.0529,Low
12645,0.0529,Low
488,0.0529,Low
3005,0.0529,Low
35618,0.0529,Low
35709,0.0529,Low
39485,0.0528,Low
39862,0.0528,Low
9276,0.0528,Low
9981,0.0528,Low
24703,0.0528,Low
29761,0.0528,Low
1116,0.0528,Low
50424,0.0528,Low
16902,0.0528,Low
29028,0.0528,Low
29515,0.0528,Low
28725,0.0527,Low
45574,0.0527,Low
1949,0.0527,Low
271,0.0527,Low
19324,0.0527,Low
36957,0.0527,Low
18124,0.0527,Low
42280,0.0527,Low
26986,0.0527,Low
39408,0.0527,Low
13660,0.0526,Low
21121,0.0526,Low
32650,0.0526,Low
20412,0.0526,Low
23622,0.0526,Low
43660,0.0526,Low
1976,0.0525,Low
38876,0.0525,Low
15060,0.0525,Low
30136,0.0525,Low
39849,0.0525,Low
36978,0.0525,Low
43447,0.0525,Low
32327,0.0524,Low
51190,0.0524,Low
10034,0.0524,Low
27826,0.0524,Low
40671,0.0524,Low
35506,0.0524,Low
50285,0.0524,Low
4089,0.0524,Low
30639,0.0524,Low
11527,0.0524,Low
42317,0.0524,Low
15128,0.0524,Low
43172,0.0524,Low
13310,0.0524,Low
41949,0.0523,Low
3531,0.0523,Low
14453,0.0523,Low
36859,0.0523,Low
43351,0.0523,Low
29053,0.0522,Low
18617,0.0522,Low
595,0.0522,Low
1730,0.0522,Low
38990,0.0522,Low
33866,0.0522,Low
6957,0.0522,Low
17298,0.0522,Low
25521,0.0521,Low
7885,0.0521,Low
15006,0.0521,Low
37644,0.0521,Low
2244,0.0521,Low
44965,0.052,Low
41482,0.052,Low
47293,0.052,Low
3978,0.052,Low
48385,0.052,Low
28740,0.052,Low
40656,0.052,Low
25305,0.052,Low
30497,0.052,Low
10132,0.052,Low
2312,0.052,Low
1810,0.052,Low
7939,0.052,Low
25485,0.0519,Low
2427,0.0519,Low
27249,0.0519,Low
5801,0.0519,Low
28438,0.0519,Low
32814,0.0519,Low
535,0.0519,Low
29827,0.0518,Low
2505,0.0518,Low
43160,0.0518,Low
50291,0.0518,Low
7894,0.0518,Low
31884,0.0518,Low
12426,0.0518,Low
42295,0.0518,Low
8909,0.0518,Low
51477,0.0518,Low
1568,0.0518,Low
33477,0.0518,Low
40563,0.0517,Low
50948,0.0517,Low
43845,0.0517,Low
14347,0.0517,Low
36086,0.0517,Low
24588,0.0517,Low
23453,0.0517,Low
13167,0.0517,Low
49000,0.0517,Low
28988,0.0516,Low
3280,0.0516,Low
9196,0.0516,Low
2018,0.0516,Low
4296,0.0516,Low
43744,0.0516,Low
17805,0.0515,Low
39754,0.0515,Low
4866,0.0515,Low
38184,0.0515,Low
17441,0.0515,Low
4816,0.0515,Low
12870,0.0515,Low
32445,0.0515,Low
43746,0.0514,Low
43185,0.0514,Low
2689,0.0514,Low
34635,0.0514,Low
31729,0.0514,Low
12985,0.0514,Low
48874,0.0514,Low
51108,0.0514,Low
28624,0.0513,Low
20723,0.0513,Low
47968,0.0513,Low
19356,0.0513,Low
49044,0.0513,Low
10402,0.0513,Low
18468,0.0513,Low
22828,0.0513,Low
34053,0.0513,Low
28843,0.0513,Low
49949,0.0513,Low
48586,0.0513,Low
37888,0.0513,Low
9380,0.0513,Low
31602,0.0512,Low
43750,0.0512,Low
50606,0.0512,Low
27724,0.0512,Low
50985,0.0512,Low
41388,0.0512,Low
9007,0.0512,Low
29621,0.0512,Low
39373,0.0512,Low
15511,0.0512,Low
20813,0.0512,Low
26163,0.0512,Low
23862,0.0511,Low
32998,0.0511,Low
34600,0.0511,Low
10060,0.0511,Low
12146,0.0511,Low
12842,0.0511,Low
21927,0.0511,Low
9341,0.0511,Low
43174,0.0511,Low
28861,0.0511,Low
22176,0.051,Low
10365,0.051,Low
42104,0.051,Low
7946,0.051,Low
176,0.051,Low
44140,0.051,Low
14665,0.051,Low
22585,0.051,Low
9628,0.051,Low
4305,0.051,Low
48022,0.0509,Low
7833,0.0509,Low
14304,0.0509,Low
37846,0.0509,Low
727,0.0509,Low
34083,0.0509,Low
39463,0.0509,Low
6896,0.0508,Low
37389,0.0508,Low
7995,0.0508,Low
33814,0.0508,Low
44245,0.0508,Low
34931,0.0508,Low
35639,0.0508,Low
10009,0.0508,Low
40300,0.0507,Low
20557,0.0507,Low
7959,0.0507,Low
36921,0.0507,Low
49169,0.0507,Low
6270,0.0507,Low
23368,0.0507,Low
41658,0.0507,Low
26935,0.0506,Low
3352,0.0506,Low
34816,0.0506,Low
13604,0.0506,Low
13948,0.0506,Low
5234,0.0506,Low
22988,0.0506,Low
44327,0.0506,Low
46222,0.0506,Low
15235,0.0506,Low
40139,0.0506,Low
21350,0.0505,Low
15521,0.0505,Low
22161,0.0505,Low
20809,0.0505,Low
13905,0.0505,Low
43906,0.0505,Low
42857,0.0505,Low
3125,0.0505,Low
15307,0.0505,Low
11491,0.0505,Low
38132,0.0505,Low
25702,0.0505,Low
6258,0.0505,Low
8654,0.0505,Low
11776,0.0505,Low
5572,0.0504,Low
15657,0.0504,Low
11826,0.0504,Low
44018,0.0504,Low
23356,0.0503,Low
4839,0.0503,Low
27393,0.0503,Low
17247,0.0503,Low
40816,0.0503,Low
26632,0.0503,Low
11524,0.0503,Low
49716,0.0503,Low
48196,0.0503,Low
48459,0.0503,Low
18802,0.0502,Low
3898,0.0502,Low
35251,0.0502,Low
13683,0.0502,Low
7106,0.0502,Low
3189,0.0502,Low
812,0.0502,Low
33205,0.0502,Low
43641,0.0502,Low
42454,0.0502,Low
43839,0.0501,Low
716,0.0501,Low
31951,0.0501,Low
6721,0.0501,Low
42682,0.0501,Low
3604,0.0501,Low
45271,0.0501,Low
2668,0.0501,Low
40843,0.0501,Low
39149,0.0501,Low
15578,0.05,Low
46511,0.05,Low
5176,0.05,Low
1028,0.05,Low
37334,0.05,Low
51584,0.05,Low
4625,0.05,Low
45909,0.05,Low
38643,0.05,Low
36266,0.05,Low
9760,0.05,Low
40360,0.05,Low
6751,0.05,Low
25488,0.05,Low
50434,0.05,Low
13718,0.0499,Low
1529,0.0499,Low
27327,0.0499,Low
7376,0.0499,Low
50131,0.0499,Low
18658,0.0499,Low
6141,0.0499,Low
21443,0.0499,Low
40340,0.0499,Low
37404,0.0499,Low
20095,0.0499,Low
24589,0.0499,Low
39934,0.0498,Low
887,0.0498,Low
46752,0.0498,Low
24770,0.0498,Low
8456,0.0498,Low
26567,0.0498,Low
25063,0.0498,Low
27402,0.0497,Low
20149,0.0497,Low
50678,0.0497,Low
21593,0.0497,Low
33492,0.0497,Low
49959,0.0497,Low
31344,0.0497,Low
30694,0.0497,Low
10123,0.0497,Low
21630,0.0497,Low
41839,0.0497,Low
99,0.0496,Low
17944,0.0496,Low
15622,0.0496,Low
27016,0.0496,Low
49838,0.0496,Low
29302,0.0496,Low
7723,0.0496,Low
525,0.0496,Low
15780,0.0496,Low
15416,0.0496,Low
17419,0.0495,Low
28063,0.0495,Low
48787,0.0495,Low
519,0.0495,Low
42056,0.0495,Low
38762,0.0495,Low
21954,0.0495,Low
12161,0.0495,Low
30967,0.0494,Low
17987,0.0494,Low
24747,0.0494,Low
7548,0.0494,Low
15774,0.0494,Low
41803,0.0493,Low
28638,0.0493,Low
36832,0.0493,Low
12187,0.0493,Low
33807,0.0493,Low
33361,0.0492,Low
26236,0.0492,Low
16329,0.0492,Low
41123,0.0492,Low
42862,0.0492,Low
49977,0.0492,Low
36347,0.0492,Low
38058,0.0492,Low
42157,0.0492,Low
35990,0.0492,Low
18309,0.0492,Low
23744,0.0492,Low
15111,0.0492,Low
10558,0.0492,Low
8181,0.0492,Low
25469,0.0491,Low
737,0.0491,Low
11878,0.0491,Low
23085,0.0491,Low
40578,0.0491,Low
16702,0.0491,Low
34458,0.049,Low
32685,0.049,Low
50526,0.049,Low
34510,0.049,Low
35184,0.049,Low
11060,0.049,Low
36848,0.049,Low
6039,0.0489,Low
9158,0.0489,Low
47195,0.0489,Low
6530,0.0489,Low
30803,0.0489,Low
20383,0.0489,Low
35805,0.0488,Low
50520,0.0488,Low
44516,0.0488,Low
13341,0.0488,Low
51859,0.0488,Low
38163,0.0488,Low
23304,0.0488,Low
4707,0.0488,Low
45580,0.0488,Low
2177,0.0488,Low
29909,0.0487,Low
25200,0.0486,Low
6846,0.0486,Low
38180,0.0486,Low
10548,0.0486,Low
13695,0.0486,Low
36056,0.0486,Low
9294,0.0486,Low
17184,0.0486,Low
40077,0.0485,Low
33899,0.0485,Low
26536,0.0485,Low
30773,0.0485,Low
37359,0.0485,Low
38491,0.0485,Low
10228,0.0485,Low
27137,0.0485,Low
46844,0.0485,Low
2728,0.0485,Low
47648,0.0485,Low
48275,0.0484,Low
8822,0.0484,Low
17050,0.0484,Low
49043,0.0484,Low
28463,0.0484,Low
8097,0.0484,Low
25454,0.0484,Low
21075,0.0484,Low
49006,0.0484,Low
31953,0.0484,Low
23004,0.0484,Low
9808,0.0484,Low
39682,0.0484,Low
21679,0.0484,Low
25015,0.0484,Low
13216,0.0484,Low
18958,0.0484,Low
43259,0.0483,Low
10127,0.0483,Low
6092,0.0483,Low
41224,0.0482,Low
12526,0.0482,Low
25082,0.0482,Low
43037,0.0482,Low
32375,0.0482,Low
48218,0.0482,Low
22100,0.0482,Low
48981,0.0481,Low
12098,0.0481,Low
25018,0.0481,Low
13720,0.0481,Low
40283,0.0481,Low
21655,0.0481,Low
47550,0.0481,Low
22205,0.048,Low
136,0.048,Low
40917,0.048,Low
32845,0.048,Low
7872,0.048,Low
21666,0.048,Low
37031,0.048,Low
17321,0.048,Low
11473,0.048,Low
27230,0.048,Low
18905,0.0479,Low
32479,0.0479,Low
7771,0.0479,Low
38961,0.0479,Low
49354,0.0479,Low
31383,0.0479,Low
5388,0.0479,Low
5607,0.0479,Low
35276,0.0479,Low
1165,0.0479,Low
15071,0.0479,Low
35375,0.0479,Low
33360,0.0478,Low
18205,0.0478,Low
17875,0.0478,Low
47702,0.0478,Low
34954,0.0478,Low
12361,0.0478,Low
28712,0.0478,Low
51135,0.0478,Low
22127,0.0477,Low
34858,0.0477,Low
32270,0.0477,Low
8656,0.0477,Low
42501,0.0477,Low
3435,0.0477,Low
32368,0.0477,Low
6591,0.0476,Low
128,0.0475,Low
21866,0.0475,Low
16166,0.0475,Low
31475,0.0475,Low
36472,0.0475,Low
46287,0.0474,Low
50809,0.0474,Low
3986,0.0474,Low
9580,0.0474,Low
4506,0.0474,Low
8856,0.0474,Low
2332,0.0474,Low
23515,0.0474,Low
24990,0.0474,Low
47650,0.0474,Low
15899,0.0473,Low
37080,0.0473,Low
26491,0.0473,Low
22772,0.0473,Low
24950,0.0473,Low
39352,0.0473,Low
16629,0.0473,Low
18404,0.0472,Low
37580,0.0472,Low
39882,0.0472,Low
41205,0.0471,Low
13769,0.0471,Low
16098,0.0471,Low
11694,0.047,Low
29845,0.047,Low
3993,0.047,Low
34392,0.047,Low
29953,0.047,Low
44502,0.047,Low
25567,0.047,Low
6898,0.047,Low
21878,0.047,Low
21221,0.047,Low
42031,0.047,Low
47027,0.047,Low
45221,0.047,Low
13473,0.0469,Low
2581,0.0469,Low
32927,0.0469,Low
650,0.0469,Low
16609,0.0469,Low
29815,0.0469,Low
35225,0.0469,Low
24371,0.0469,Low
17660,0.0469,Low
29661,0.0469,Low
43934,0.0469,Low
41892,0.0468,Low
2216,0.0468,Low
10503,0.0468,Low
4450,0.0468,Low
28339,0.0468,Low
19626,0.0468,Low
36213,0.0468,Low
12468,0.0467,Low
50624,0.0467,Low
14530,0.0467,Low
17011,0.0467,Low
41127,0.0467,Low
41126,0.0467,Low
23716,0.0467,Low
3414,0.0466,Low
14881,0.0466,Low
47993,0.0466,Low
24117,0.0465,Low
42471,0.0465,Low
12234,0.0465,Low
23397,0.0465,Low
24044,0.0465,Low
20062,0.0465,Low
13797,0.0465,Low
37860,0.0464,Low
18107,0.0464,Low
32675,0.0464,Low
6314,0.0464,Low
23748,0.0464,Low
15897,0.0464,Low
6819,0.0464,Low
40513,0.0464,Low
2922,0.0464,Low
48007,0.0464,Low
4382,0.0463,Low
9498,0.0463,Low
38420,0.0463,Low
20541,0.0463,Low
21774,0.0463,Low
22980,0.0462,Low
2737,0.0462,Low
48168,0.0461,Low
5126,0.0461,Low
16229,0.0461,Low
33667,0.0461,Low
17895,0.0461,Low
12195,0.0461,Low
35099,0.0461,Low
21910,0.0461,Low
21351,0.0461,Low
43854,0.0461,Low
43334,0.046,Low
14704,0.046,Low
10418,0.046,Low
30922,0.046,Low
36092,0.046,Low
24392,0.046,Low
50524,0.0459,Low
10823,0.0459,Low
48290,0.0459,Low
46860,0.0458,Low
8843,0.0458,Low
3691,0.0458,Low
46263,0.0458,Low
23739,0.0457,Low
2351,0.0457,Low
46292,0.0457,Low
31727,0.0457,Low
5042,0.0457,Low
9140,0.0457,Low
12151,0.0457,Low
17792,0.0456,Low
42143,0.0456,Low
12910,0.0456,Low
32133,0.0456,Low
8481,0.0456,Low
20745,0.0456,Low
28686,0.0456,Low
7862,0.0456,Low
3318,0.0455,Low
7654,0.0455,Low
44061,0.0455,Low
38880,0.0455,Low
6880,0.0455,Low
46514,0.0455,Low
37006,0.0455,Low
17482,0.0455,Low
25035,0.0454,Low
51886,0.0454,Low
33400,0.0454,Low
33370,0.0454,Low
33837,0.0454,Low
6280,0.0454,Low
1624,0.0453,Low
24382,0.0453,Low
19741,0.0453,Low
47733,0.0453,Low
51030,0.0453,Low
13532,0.0453,Low
31370,0.0453,Low
42939,0.0453,Low
38948,0.0453,Low
25193,0.0453,Low
46460,0.0452,Low
7264,0.0452,Low
4286,0.0452,Low
16420,0.0451,Low
6411,0.0451,Low
16123,0.0451,Low
35263,0.0451,Low
1764,0.0451,Low
36496,0.045,Low
8611,0.045,Low
2342,0.045,Low
38964,0.045,Low
22004,0.045,Low
33531,0.045,Low
32542,0.045,Low
10693,0.045,Low
34312,0.0449,Low
17368,0.0449,Low
34857,0.0449,Low
49459,0.0449,Low
35267,0.0449,Low
50429,0.0448,Low
33637,0.0448,Low
239,0.0448,Low
11840,0.0448,Low
28834,0.0447,Low
15277,0.0447,Low
46344,0.0447,Low
5855,0.0447,Low
9569,0.0447,Low
20134,0.0447,Low
26616,0.0447,Low
30246,0.0447,Low
10308,0.0447,Low
24115,0.0447,Low
5237,0.0447,Low
21916,0.0447,Low
26991,0.0447,Low
2864,0.0447,Low
32398,0.0446,Low
45958,0.0446,Low
14186,0.0446,Low
38050,0.0445,Low
29102,0.0445,Low
42484,0.0445,Low
34536,0.0444,Low
31402,0.0444,Low
11985,0.0444,Low
21257,0.0444,Low
5210,0.0444,Low
27454,0.0444,Low
45264,0.0444,Low
49948,0.0444,Low
31861,0.0444,Low
14598,0.0444,Low
8674,0.0443,Low
6536,0.0443,Low
41046,0.0443,Low
17599,0.0443,Low
32527,0.0443,Low
17295,0.0442,Low
31136,0.0442,Low
38844,0.0442,Low
30521,0.0442,Low
27681,0.0442,Low
28942,0.0442,Low
19482,0.0442,Low
37727,0.0442,Low
2498,0.0441,Low
48943,0.0441,Low
6034,0.0441,Low
32121,0.0441,Low
2390,0.0441,Low
35152,0.0441,Low
5853,0.044,Low
35416,0.044,Low
45813,0.044,Low
35995,0.044,Low
39811,0.044,Low
30848,0.0439,Low
2011,0.0439,Low
32741,0.0439,Low
14118,0.0439,Low
9889,0.0439,Low
29118,0.0438,Low
26469,0.0438,Low
24738,0.0438,Low
40320,0.0438,Low
5482,0.0437,Low
31426,0.0437,Low
30961,0.0437,Low
23943,0.0437,Low
4253,0.0436,Low
48934,0.0436,Low
16580,0.0436,Low
5715,0.0436,Low
31956,0.0436,Low
30703,0.0435,Low
7181,0.0435,Low
19539,0.0435,Low
26440,0.0435,Low
18152,0.0435,Low
26100,0.0435,Low
50175,0.0435,Low
25740,0.0435,Low
51518,0.0435,Low
35997,0.0434,Low
51289,0.0434,Low
45281,0.0434,Low
2579,0.0434,Low
39082,0.0434,Low
22069,0.0434,Low
26669,0.0434,Low
49339,0.0434,Low
40811,0.0434,Low
1101,0.0434,Low
33904,0.0434,Low
39016,0.0434,Low
32226,0.0433,Low
33708,0.0433,Low
40304,0.0433,Low
4035,0.0433,Low
13328,0.0433,Low
39201,0.0432,Low
4075,0.0432,Low
31617,0.0432,Low
44970,0.0432,Low
32691,0.0432,Low
39995,0.0431,Low
33035,0.0431,Low
21551,0.0431,Low
46944,0.0431,Low
7266,0.0431,Low
37763,0.043,Low
5515,0.043,Low
32644,0.0429,Low
10185,0.0429,Low
36880,0.0429,Low
39854,0.0428,Low
11057,0.0428,Low
18103,0.0428,Low
30086,0.0428,Low
48310,0.0428,Low
17248,0.0428,Low
35845,0.0427,Low
17980,0.0427,Low
51565,0.0427,Low
17879,0.0427,Low
24063,0.0427,Low
38266,0.0426,Low
47225,0.0426,Low
10099,0.0426,Low
32818,0.0426,Low
25073,0.0426,Low
15604,0.0426,Low
26789,0.0425,Low
49817,0.0425,Low
46565,0.0425,Low
123,0.0424,Low
2013,0.0424,Low
36737,0.0424,Low
29206,0.0424,Low
48960,0.0424,Low
12798,0.0424,Low
4746,0.0424,Low
1261,0.0423,Low
20162,0.0423,Low
10195,0.0423,Low
46061,0.0423,Low
51979,0.0423,Low
35325,0.0423,Low
29243,0.0422,Low
12531,0.0422,Low
18690,0.0422,Low
49866,0.0422,Low
41526,0.0422,Low
35392,0.0422,Low
8095,0.0422,Low
2362,0.0422,Low
27396,0.0421,Low
1958,0.0421,Low
15722,0.0421,Low
16764,0.0421,Low
42084,0.0421,Low
11019,0.0421,Low
35340,0.0421,Low
31683,0.0421,Low
12774,0.042,Low
32006,0.042,Low
4366,0.042,Low
28956,0.042,Low
4418,0.042,Low
42557,0.0419,Low
8306,0.0419,Low
13789,0.0419,Low
13358,0.0419,Low
38386,0.0419,Low
36587,0.0419,Low
6195,0.0419,Low
45240,0.0419,Low
6877,0.0418,Low
44118,0.0418,Low
4008,0.0418,Low
6827,0.0418,Low
49971,0.0418,Low
42695,0.0418,Low
46760,0.0417,Low
26421,0.0417,Low
43620,0.0417,Low
26047,0.0417,Low
9563,0.0416,Low
35096,0.0416,Low
4940,0.0416,Low
4354,0.0416,Low
37482,0.0416,Low
31297,0.0416,Low
44229,0.0415,Low
1552,0.0415,Low
11124,0.0415,Low
39693,0.0415,Low
22243,0.0415,Low
7773,0.0415,Low
4658,0.0414,Low
43209,0.0414,Low
32064,0.0414,Low
35282,0.0414,Low
26605,0.0414,Low
46006,0.0414,Low
24921,0.0414,Low
49070,0.0413,Low
41280,0.0412,Low
51952,0.0412,Low
11266,0.0412,Low
19246,0.0411,Low
40195,0.0411,Low
4252,0.0411,Low
45557,0.0411,Low
26129,0.0411,Low
4380,0.0411,Low
34498,0.0411,Low
28733,0.0411,Low
15581,0.041,Low
51845,0.041,Low
27920,0.041,Low
4414,0.041,Low
17651,0.041,Low
29356,0.0409,Low
28572,0.0409,Low
33788,0.0409,Low
37251,0.0409,Low
48878,0.0408,Low
31132,0.0408,Low
4679,0.0408,Low
12979,0.0407,Low
15252,0.0407,Low
51130,0.0407,Low
12653,0.0407,Low
20246,0.0407,Low
42385,0.0407,Low
10872,0.0407,Low
28947,0.0406,Low
11987,0.0406,Low
18497,0.0406,Low
31817,0.0406,Low
16661,0.0405,Low
13469,0.0405,Low
23627,0.0405,Low
25299,0.0405,Low
40900,0.0405,Low
10636,0.0404,Low
30894,0.0404,Low
24337,0.0404,Low
31153,0.0404,Low
2060,0.0403,Low
14059,0.0403,Low
17428,0.0403,Low
33567,0.0403,Low
9579,0.0403,Low
513,0.0403,Low
28390,0.0403,Low
31661,0.0402,Low
44289,0.0402,Low
30739,0.0402,Low
3163,0.0402,Low
10389,0.0402,Low
37609,0.0402,Low
16147,0.0402,Low
41711,0.0402,Low
41798,0.0402,Low
10186,0.0402,Low
18869,0.0401,Low
25479,0.0401,Low
16277,0.0401,Low
46588,0.04,Low
5205,0.04,Low
8693,0.04,Low
33584,0.04,Low
9837,0.0399,Low
44193,0.0399,Low
51942,0.0399,Low
39968,0.0399,Low
29114,0.0399,Low
28032,0.0398,Low
48927,0.0398,Low
38107,0.0398,Low
3751,0.0398,Low
17494,0.0397,Low
22113,0.0397,Low
38663,0.0397,Low
42615,0.0397,Low
40947,0.0396,Low
10589,0.0396,Low
9794,0.0396,Low
27238,0.0396,Low
48998,0.0396,Low
35260,0.0395,Low
46190,0.0394,Low
40389,0.0394,Low
31569,0.0394,Low
5761,0.0394,Low
18414,0.0394,Low
39966,0.0394,Low
17164,0.0394,Low
31575,0.0393,Low
49240,0.0393,Low
40456,0.0392,Low
14061,0.0392,Low
40719,0.0392,Low
5519,0.0392,Low
34318,0.0392,Low
2743,0.0392,Low
19316,0.0392,Low
33752,0.0391,Low
16996,0.0391,Low
3765,0.0391,Low
50888,0.0391,Low
31659,0.0391,Low
204,0.0391,Low
50331,0.039,Low
6496,0.039,Low
6055,0.039,Low
38203,0.039,Low
51159,0.039,Low
37884,0.039,Low
8873,0.039,Low
45469,0.0389,Low
42945,0.0389,Low
24566,0.0388,Low
50942,0.0388,Low
31822,0.0388,Low
45616,0.0388,Low
34124,0.0388,Low
4291,0.0387,Low
6976,0.0387,Low
10343,0.0387,Low
6339,0.0387,Low
44113,0.0387,Low
41731,0.0387,Low
18642,0.0387,Low
19957,0.0387,Low
37630,0.0387,Low
24467,0.0387,Low
7406,0.0387,Low
2022,0.0386,Low
19497,0.0386,Low
24880,0.0385,Low
26353,0.0385,Low
51822,0.0384,Low
42628,0.0383,Low
23707,0.0383,Low
38707,0.0383,Low
40747,0.0382,Low
23109,0.0382,Low
48354,0.0382,Low
9173,0.0382,Low
20795,0.0382,Low
33297,0.0382,Low
31243,0.0382,Low
31629,0.0381,Low
37802,0.0381,Low
39309,0.0381,Low
43246,0.038,Low
26454,0.038,Low
41264,0.0378,Low
42858,0.0378,Low
40912,0.0378,Low
47277,0.0377,Low
44794,0.0377,Low
30668,0.0377,Low
20964,0.0377,Low
24920,0.0377,Low
13602,0.0377,Low
14692,0.0376,Low
25465,0.0376,Low
742,0.0376,Low
11318,0.0376,Low
45773,0.0376,Low
32239,0.0376,Low
41469,0.0375,Low
86,0.0375,Low
25346,0.0375,Low
15642,0.0375,Low
31165,0.0374,Low
2517,0.0374,Low
22459,0.0373,Low
43419,0.0373,Low
34675,0.0373,Low
50358,0.0372,Low
27290,0.0372,Low
15069,0.0372,Low
849,0.0371,Low
20269,0.0371,Low
13240,0.0371,Low
8595,0.0371,Low
19101,0.0371,Low
6430,0.037,Low
2483,0.037,Low
8338,0.037,Low
49166,0.037,Low
3377,0.0369,Low
22174,0.0369,Low
40896,0.0369,Low
2754,0.0369,Low
39546,0.0368,Low
28683,0.0368,Low
28435,0.0367,Low
2350,0.0367,Low
15947,0.0367,Low
24390,0.0366,Low
3805,0.0366,Low
8592,0.0366,Low
30285,0.0366,Low
10719,0.0365,Low
32889,0.0365,Low
17499,0.0365,Low
8262,0.0364,Low
4827,0.0364,Low
25712,0.0363,Low
22694,0.0363,Low
6761,0.0363,Low
6121,0.0362,Low
12833,0.0361,Low
40602,0.0361,Low
50934,0.0361,Low
20470,0.0361,Low
21987,0.036,Low
34411,0.036,Low
40003,0.0359,Low
43368,0.0358,Low
20213,0.0357,Low
5897,0.0357,Low
13161,0.0356,Low
35180,0.0356,Low
3218,0.0356,Low
35804,0.0356,Low
32562,0.0355,Low
17995,0.0355,Low
664,0.0355,Low
47579,0.0354,Low
17016,0.0354,Low
19093,0.0354,Low
24393,0.0352,Low
5930,0.0352,Low
51705,0.0352,Low
33810,0.0352,Low
3255,0.0351,Low
973,0.0351,Low
51103,0.035,Low
28056,0.035,Low
2823,0.035,Low
7226,0.0349,Low
30218,0.0348,Low
2385,0.0348,Low
45366,0.0348,Low
12012,0.0348,Low
41638,0.0347,Low
14845,0.0347,Low
24356,0.0347,Low
5890,0.0347,Low
39028,0.0346,Low
2659,0.0346,Low
7961,0.0345,Low
5972,0.0345,Low
8770,0.0345,Low
9861,0.0343,Low
40599,0.0343,Low
34081,0.0342,Low
49267,0.0342,Low
41609,0.0342,Low
44404,0.0341,Low
18977,0.0341,Low
11483,0.0341,Low
34014,0.0341,Low
8974,0.0341,Low
3793,0.034,Low
32792,0.034,Low
23644,0.0339,Low
11446,0.0339,Low
18877,0.0339,Low
3306,0.0338,Low
9665,0.0338,Low
28912,0.0338,Low
24946,0.0338,Low
13992,0.0338,Low
11097,0.0337,Low
14620,0.0337,Low
33951,0.0336,Low
763,0.0335,Low
46587,0.0334,Low
17142,0.0333,Low
16244,0.0333,Low
11600,0.0333,Low
31851,0.0333,Low
3874,0.0332,Low
17400,0.0332,Low
37498,0.0332,Low
6508,0.0332,Low
42742,0.0331,Low
34062,0.0331,Low
18010,0.0331,Low
3941,0.0331,Low
14568,0.033,Low
37141,0.033,Low
8106,0.0329,Low
29941,0.0329,Low
13729,0.0329,Low
49505,0.0328,Low
4474,0.0327,Low
797,0.0326,Low
17848,0.0326,Low
34617,0.0326,Low
2774,0.0325,Low
9456,0.0324,Low
4136,0.0324,Low
30596,0.0323,Low
15268,0.0323,Low
9694,0.0322,Low
44869,0.032,Low
2792,0.0318,Low
11171,0.0318,Low
17335,0.0316,Low
30557,0.0316,Low
47896,0.0316,Low
33457,0.0315,Low
10311,0.0315,Low
41209,0.0315,Low
49965,0.0315,Low
50427,0.0315,Low
26954,0.0315,Low
44346,0.0315,Low
2447,0.0314,Low
395,0.0314,Low
32390,0.0314,Low
34437,0.0313,Low
28995,0.0313,Low
18057,0.0311,Low
7520,0.0311,Low
48267,0.0309,Low
29549,0.0309,Low
37127,0.0308,Low
46831,0.0307,Low
35044,0.0307,Low
12254,0.0306,Low
24929,0.0305,Low
28656,0.0305,Low
48603,0.0304,Low
14552,0.0304,Low
24061,0.0303,Low
30715,0.0303,Low
41991,0.0302,Low
5207,0.0302,Low
43712,0.0302,Low
39413,0.03,Low
51856,0.0299,Low
50196,0.0299,Low
47170,0.0298,Low
22597,0.0297,Low
4019,0.0297,Low
28145,0.0296,Low
43347,0.0295,Low
27532,0.0295,Low
50928,0.0295,Low
32868,0.0295,Low
41227,0.0295,Low
8720,0.0295,Low
34050,0.0293,Low
85,0.0291,Low
39560,0.0291,Low
45762,0.029,Low
48509,0.029,Low
21739,0.0289,Low
46753,0.0288,Low
15266,0.0286,Low
15468,0.0282,Low
22471,0.028,Low
40446,0.028,Low
39498,0.0276,Low
35113,0.0272,Low
51245,0.0271,Low
47438,0.027,Low
34540,0.027,Low
32048,0.0269,Low
8833,0.0268,Low
11454,0.0268,Low
14518,0.0267,Low
14776,0.0266,Low
25629,0.0266,Low
25960,0.0265,Low
37401,0.0263,Low
21964,0.0263,Low
9540,0.0259,Low
16280,0.0259,Low
49102,0.0258,Low
39085,0.0257,Low
31301,0.0255,Low
29959,0.0253,Low
43290,0.0252,Low
46933,0.025,Low
28023,0.0237,Low
27568,0.0216,Low
